<?xml version="1.0" encoding="Windows-1252"?>
<!DOCTYPE POWERMART SYSTEM "powrmart.dtd">
<POWERMART CREATION_DATE="12/21/2017 09:05:22" REPOSITORY_VERSION="184.93">
<REPOSITORY NAME="PWC_REPO_INFA_INT_DEV01" VERSION="184" CODEPAGE="MS1252" DATABASETYPE="Microsoft SQL Server">
<FOLDER NAME="EDW_TechBrands_Shared" GROUP="" OWNER="509784" SHARED="SHARED" DESCRIPTION="" PERMISSIONS="rwx---r-x" UUID="4f929f9d-dc0b-41c0-b2c8-77b5bcccb575">
    <SOURCE BUSINESSNAME ="" DATABASETYPE ="Teradata" DBDNAME ="TB_CORE" DESCRIPTION ="" NAME ="TB_KPI_LIST" OBJECTVERSION ="1" OWNERNAME ="TBCOREDEV" VERSIONNUMBER ="5">
        <SOURCEFIELD BUSINESSNAME ="" DATATYPE ="integer" DESCRIPTION ="" FIELDNUMBER ="1" FIELDPROPERTY ="0" FIELDTYPE ="ELEMITEM" HIDDEN ="NO" KEYTYPE ="PRIMARY KEY" LENGTH ="11" LEVEL ="0" NAME ="CO_CD" NULLABLE ="NOTNULL" OCCURS ="0" OFFSET ="0" PHYSICALLENGTH ="10" PHYSICALOFFSET ="0" PICTURETEXT ="" PRECISION ="10" SCALE ="0" USAGE_FLAGS =""/>
        <SOURCEFIELD BUSINESSNAME ="" DATATYPE ="varchar" DESCRIPTION ="" FIELDNUMBER ="2" FIELDPROPERTY ="0" FIELDTYPE ="ELEMITEM" HIDDEN ="NO" KEYTYPE ="NOT A KEY" LENGTH ="0" LEVEL ="0" NAME ="KPI_CLSIFCATION" NULLABLE ="NULL" OCCURS ="0" OFFSET ="11" PHYSICALLENGTH ="20" PHYSICALOFFSET ="10" PICTURETEXT ="" PRECISION ="20" SCALE ="0" USAGE_FLAGS =""/>
        <SOURCEFIELD BUSINESSNAME ="" DATATYPE ="varchar" DESCRIPTION ="" FIELDNUMBER ="3" FIELDPROPERTY ="0" FIELDTYPE ="ELEMITEM" HIDDEN ="NO" KEYTYPE ="NOT A KEY" LENGTH ="0" LEVEL ="0" NAME ="KPI_NM" NULLABLE ="NOTNULL" OCCURS ="0" OFFSET ="11" PHYSICALLENGTH ="50" PHYSICALOFFSET ="30" PICTURETEXT ="" PRECISION ="50" SCALE ="0" USAGE_FLAGS =""/>
        <SOURCEFIELD BUSINESSNAME ="" DATATYPE ="varchar" DESCRIPTION ="" FIELDNUMBER ="4" FIELDPROPERTY ="0" FIELDTYPE ="ELEMITEM" HIDDEN ="NO" KEYTYPE ="NOT A KEY" LENGTH ="0" LEVEL ="0" NAME ="KPI_DESC" NULLABLE ="NULL" OCCURS ="0" OFFSET ="11" PHYSICALLENGTH ="200" PHYSICALOFFSET ="80" PICTURETEXT ="" PRECISION ="200" SCALE ="0" USAGE_FLAGS =""/>
        <SOURCEFIELD BUSINESSNAME ="" DATATYPE ="varchar" DESCRIPTION ="" FIELDNUMBER ="5" FIELDPROPERTY ="0" FIELDTYPE ="ELEMITEM" HIDDEN ="NO" KEYTYPE ="NOT A KEY" LENGTH ="0" LEVEL ="0" NAME ="KPI_XPRSN" NULLABLE ="NULL" OCCURS ="0" OFFSET ="11" PHYSICALLENGTH ="500" PHYSICALOFFSET ="280" PICTURETEXT ="" PRECISION ="500" SCALE ="0" USAGE_FLAGS =""/>
        <SOURCEFIELD BUSINESSNAME ="" DATATYPE ="varchar" DESCRIPTION ="" FIELDNUMBER ="6" FIELDPROPERTY ="0" FIELDTYPE ="ELEMITEM" HIDDEN ="NO" KEYTYPE ="NOT A KEY" LENGTH ="0" LEVEL ="0" NAME ="KPI_FLTR_COND" NULLABLE ="NULL" OCCURS ="0" OFFSET ="11" PHYSICALLENGTH ="500" PHYSICALOFFSET ="780" PICTURETEXT ="" PRECISION ="500" SCALE ="0" USAGE_FLAGS =""/>
        <SOURCEFIELD BUSINESSNAME ="" DATATYPE ="varchar" DESCRIPTION ="" FIELDNUMBER ="7" FIELDPROPERTY ="0" FIELDTYPE ="ELEMITEM" HIDDEN ="NO" KEYTYPE ="NOT A KEY" LENGTH ="0" LEVEL ="0" NAME ="KPI_FROM_CLAS" NULLABLE ="NULL" OCCURS ="0" OFFSET ="11" PHYSICALLENGTH ="500" PHYSICALOFFSET ="1280" PICTURETEXT ="" PRECISION ="500" SCALE ="0" USAGE_FLAGS =""/>
        <SOURCEFIELD BUSINESSNAME ="" DATATYPE ="varchar" DESCRIPTION ="" FIELDNUMBER ="8" FIELDPROPERTY ="0" FIELDTYPE ="ELEMITEM" HIDDEN ="NO" KEYTYPE ="NOT A KEY" LENGTH ="0" LEVEL ="0" NAME ="KPI_GRPBYCOLLIINVC" NULLABLE ="NULL" OCCURS ="0" OFFSET ="11" PHYSICALLENGTH ="200" PHYSICALOFFSET ="1780" PICTURETEXT ="" PRECISION ="200" SCALE ="0" USAGE_FLAGS =""/>
        <SOURCEFIELD BUSINESSNAME ="" DATATYPE ="integer" DESCRIPTION ="" FIELDNUMBER ="9" FIELDPROPERTY ="0" FIELDTYPE ="ELEMITEM" HIDDEN ="NO" KEYTYPE ="NOT A KEY" LENGTH ="11" LEVEL ="0" NAME ="KPI_CALC_LVL" NULLABLE ="NULL" OCCURS ="0" OFFSET ="11" PHYSICALLENGTH ="10" PHYSICALOFFSET ="1980" PICTURETEXT ="" PRECISION ="10" SCALE ="0" USAGE_FLAGS =""/>
        <SOURCEFIELD BUSINESSNAME ="" DATATYPE ="byteint" DESCRIPTION ="" FIELDNUMBER ="10" FIELDPROPERTY ="0" FIELDTYPE ="ELEMITEM" HIDDEN ="NO" KEYTYPE ="NOT A KEY" LENGTH ="4" LEVEL ="0" NAME ="KPI_ACTV_IND" NULLABLE ="NULL" OCCURS ="0" OFFSET ="22" PHYSICALLENGTH ="3" PHYSICALOFFSET ="1990" PICTURETEXT ="" PRECISION ="3" SCALE ="0" USAGE_FLAGS =""/>
        <SOURCEFIELD BUSINESSNAME ="" DATATYPE ="byteint" DESCRIPTION ="" FIELDNUMBER ="11" FIELDPROPERTY ="0" FIELDTYPE ="ELEMITEM" HIDDEN ="NO" KEYTYPE ="NOT A KEY" LENGTH ="4" LEVEL ="0" NAME ="KPI_CALC_IND" NULLABLE ="NULL" OCCURS ="0" OFFSET ="26" PHYSICALLENGTH ="3" PHYSICALOFFSET ="1993" PICTURETEXT ="" PRECISION ="3" SCALE ="0" USAGE_FLAGS =""/>
        <SOURCEFIELD BUSINESSNAME ="" DATATYPE ="byteint" DESCRIPTION ="" FIELDNUMBER ="12" FIELDPROPERTY ="0" FIELDTYPE ="ELEMITEM" HIDDEN ="NO" KEYTYPE ="NOT A KEY" LENGTH ="4" LEVEL ="0" NAME ="KPI_PBLSH_IND" NULLABLE ="NULL" OCCURS ="0" OFFSET ="30" PHYSICALLENGTH ="3" PHYSICALOFFSET ="1996" PICTURETEXT ="" PRECISION ="3" SCALE ="0" USAGE_FLAGS =""/>
        <SOURCEFIELD BUSINESSNAME ="" DATATYPE ="byteint" DESCRIPTION ="" FIELDNUMBER ="13" FIELDPROPERTY ="0" FIELDTYPE ="ELEMITEM" HIDDEN ="NO" KEYTYPE ="NOT A KEY" LENGTH ="4" LEVEL ="0" NAME ="PRI_KPI_IND" NULLABLE ="NULL" OCCURS ="0" OFFSET ="34" PHYSICALLENGTH ="3" PHYSICALOFFSET ="1999" PICTURETEXT ="" PRECISION ="3" SCALE ="0" USAGE_FLAGS =""/>
        <SOURCEFIELD BUSINESSNAME ="" DATATYPE ="byteint" DESCRIPTION ="" FIELDNUMBER ="14" FIELDPROPERTY ="0" FIELDTYPE ="ELEMITEM" HIDDEN ="NO" KEYTYPE ="NOT A KEY" LENGTH ="4" LEVEL ="0" NAME ="KPI_INTRADAY_IND" NULLABLE ="NULL" OCCURS ="0" OFFSET ="38" PHYSICALLENGTH ="3" PHYSICALOFFSET ="2002" PICTURETEXT ="" PRECISION ="3" SCALE ="0" USAGE_FLAGS =""/>
        <SOURCEFIELD BUSINESSNAME ="" DATATYPE ="integer" DESCRIPTION ="" FIELDNUMBER ="15" FIELDPROPERTY ="0" FIELDTYPE ="ELEMITEM" HIDDEN ="NO" KEYTYPE ="NOT A KEY" LENGTH ="11" LEVEL ="0" NAME ="EDW_BATCH_ID" NULLABLE ="NULL" OCCURS ="0" OFFSET ="42" PHYSICALLENGTH ="10" PHYSICALOFFSET ="2005" PICTURETEXT ="" PRECISION ="10" SCALE ="0" USAGE_FLAGS =""/>
        <SOURCEFIELD BUSINESSNAME ="" DATATYPE ="timestamp" DESCRIPTION ="" FIELDNUMBER ="16" FIELDPROPERTY ="0" FIELDTYPE ="ELEMITEM" HIDDEN ="NO" KEYTYPE ="NOT A KEY" LENGTH ="19" LEVEL ="0" NAME ="EDW_CREATE_DTTM" NULLABLE ="NULL" OCCURS ="0" OFFSET ="53" PHYSICALLENGTH ="26" PHYSICALOFFSET ="2015" PICTURETEXT ="" PRECISION ="26" SCALE ="6" USAGE_FLAGS =""/>
        <SOURCEFIELD BUSINESSNAME ="" DATATYPE ="timestamp" DESCRIPTION ="" FIELDNUMBER ="17" FIELDPROPERTY ="0" FIELDTYPE ="ELEMITEM" HIDDEN ="NO" KEYTYPE ="NOT A KEY" LENGTH ="19" LEVEL ="0" NAME ="EDW_UPDATE_DTTM" NULLABLE ="NULL" OCCURS ="0" OFFSET ="72" PHYSICALLENGTH ="26" PHYSICALOFFSET ="2041" PICTURETEXT ="" PRECISION ="26" SCALE ="6" USAGE_FLAGS =""/>
    </SOURCE>
    <SOURCE BUSINESSNAME ="" DATABASETYPE ="Teradata" DBDNAME ="TB_LAND" DESCRIPTION ="" NAME ="LT_TB_KPI_LIST" OBJECTVERSION ="1" OWNERNAME ="TBLANDDEV" VERSIONNUMBER ="4">
        <SOURCEFIELD BUSINESSNAME ="" DATATYPE ="integer" DESCRIPTION ="" FIELDNUMBER ="1" FIELDPROPERTY ="0" FIELDTYPE ="ELEMITEM" HIDDEN ="NO" KEYTYPE ="NOT A KEY" LENGTH ="11" LEVEL ="0" NAME ="CO_CD" NULLABLE ="NOTNULL" OCCURS ="0" OFFSET ="0" PHYSICALLENGTH ="10" PHYSICALOFFSET ="0" PICTURETEXT ="" PRECISION ="10" SCALE ="0" USAGE_FLAGS =""/>
        <SOURCEFIELD BUSINESSNAME ="" DATATYPE ="varchar" DESCRIPTION ="" FIELDNUMBER ="2" FIELDPROPERTY ="0" FIELDTYPE ="ELEMITEM" HIDDEN ="NO" KEYTYPE ="NOT A KEY" LENGTH ="0" LEVEL ="0" NAME ="KPI_CLSIFCATION" NULLABLE ="NULL" OCCURS ="0" OFFSET ="11" PHYSICALLENGTH ="20" PHYSICALOFFSET ="10" PICTURETEXT ="" PRECISION ="20" SCALE ="0" USAGE_FLAGS =""/>
        <SOURCEFIELD BUSINESSNAME ="" DATATYPE ="varchar" DESCRIPTION ="" FIELDNUMBER ="3" FIELDPROPERTY ="0" FIELDTYPE ="ELEMITEM" HIDDEN ="NO" KEYTYPE ="NOT A KEY" LENGTH ="0" LEVEL ="0" NAME ="KPI_NM" NULLABLE ="NOTNULL" OCCURS ="0" OFFSET ="11" PHYSICALLENGTH ="50" PHYSICALOFFSET ="30" PICTURETEXT ="" PRECISION ="50" SCALE ="0" USAGE_FLAGS =""/>
        <SOURCEFIELD BUSINESSNAME ="" DATATYPE ="varchar" DESCRIPTION ="" FIELDNUMBER ="4" FIELDPROPERTY ="0" FIELDTYPE ="ELEMITEM" HIDDEN ="NO" KEYTYPE ="NOT A KEY" LENGTH ="0" LEVEL ="0" NAME ="KPI_DESC" NULLABLE ="NULL" OCCURS ="0" OFFSET ="11" PHYSICALLENGTH ="200" PHYSICALOFFSET ="80" PICTURETEXT ="" PRECISION ="200" SCALE ="0" USAGE_FLAGS =""/>
        <SOURCEFIELD BUSINESSNAME ="" DATATYPE ="varchar" DESCRIPTION ="" FIELDNUMBER ="5" FIELDPROPERTY ="0" FIELDTYPE ="ELEMITEM" HIDDEN ="NO" KEYTYPE ="NOT A KEY" LENGTH ="0" LEVEL ="0" NAME ="KPI_XPRSN" NULLABLE ="NULL" OCCURS ="0" OFFSET ="11" PHYSICALLENGTH ="500" PHYSICALOFFSET ="280" PICTURETEXT ="" PRECISION ="500" SCALE ="0" USAGE_FLAGS =""/>
        <SOURCEFIELD BUSINESSNAME ="" DATATYPE ="varchar" DESCRIPTION ="" FIELDNUMBER ="6" FIELDPROPERTY ="0" FIELDTYPE ="ELEMITEM" HIDDEN ="NO" KEYTYPE ="NOT A KEY" LENGTH ="0" LEVEL ="0" NAME ="KPI_FLTR_COND" NULLABLE ="NULL" OCCURS ="0" OFFSET ="11" PHYSICALLENGTH ="500" PHYSICALOFFSET ="780" PICTURETEXT ="" PRECISION ="500" SCALE ="0" USAGE_FLAGS =""/>
        <SOURCEFIELD BUSINESSNAME ="" DATATYPE ="varchar" DESCRIPTION ="" FIELDNUMBER ="7" FIELDPROPERTY ="0" FIELDTYPE ="ELEMITEM" HIDDEN ="NO" KEYTYPE ="NOT A KEY" LENGTH ="0" LEVEL ="0" NAME ="KPI_FROM_CLAS" NULLABLE ="NULL" OCCURS ="0" OFFSET ="11" PHYSICALLENGTH ="500" PHYSICALOFFSET ="1280" PICTURETEXT ="" PRECISION ="500" SCALE ="0" USAGE_FLAGS =""/>
        <SOURCEFIELD BUSINESSNAME ="" DATATYPE ="varchar" DESCRIPTION ="" FIELDNUMBER ="8" FIELDPROPERTY ="0" FIELDTYPE ="ELEMITEM" HIDDEN ="NO" KEYTYPE ="NOT A KEY" LENGTH ="0" LEVEL ="0" NAME ="KPI_GRPBYCOLLIINVC" NULLABLE ="NULL" OCCURS ="0" OFFSET ="11" PHYSICALLENGTH ="200" PHYSICALOFFSET ="1780" PICTURETEXT ="" PRECISION ="200" SCALE ="0" USAGE_FLAGS =""/>
        <SOURCEFIELD BUSINESSNAME ="" DATATYPE ="integer" DESCRIPTION ="" FIELDNUMBER ="9" FIELDPROPERTY ="0" FIELDTYPE ="ELEMITEM" HIDDEN ="NO" KEYTYPE ="NOT A KEY" LENGTH ="11" LEVEL ="0" NAME ="KPI_CALC_LVL" NULLABLE ="NULL" OCCURS ="0" OFFSET ="11" PHYSICALLENGTH ="10" PHYSICALOFFSET ="1980" PICTURETEXT ="" PRECISION ="10" SCALE ="0" USAGE_FLAGS =""/>
        <SOURCEFIELD BUSINESSNAME ="" DATATYPE ="byteint" DESCRIPTION ="" FIELDNUMBER ="10" FIELDPROPERTY ="0" FIELDTYPE ="ELEMITEM" HIDDEN ="NO" KEYTYPE ="NOT A KEY" LENGTH ="4" LEVEL ="0" NAME ="KPI_ACTV_IND" NULLABLE ="NULL" OCCURS ="0" OFFSET ="22" PHYSICALLENGTH ="3" PHYSICALOFFSET ="1990" PICTURETEXT ="" PRECISION ="3" SCALE ="0" USAGE_FLAGS =""/>
        <SOURCEFIELD BUSINESSNAME ="" DATATYPE ="byteint" DESCRIPTION ="" FIELDNUMBER ="11" FIELDPROPERTY ="0" FIELDTYPE ="ELEMITEM" HIDDEN ="NO" KEYTYPE ="NOT A KEY" LENGTH ="4" LEVEL ="0" NAME ="KPI_CALC_IND" NULLABLE ="NULL" OCCURS ="0" OFFSET ="26" PHYSICALLENGTH ="3" PHYSICALOFFSET ="1993" PICTURETEXT ="" PRECISION ="3" SCALE ="0" USAGE_FLAGS =""/>
        <SOURCEFIELD BUSINESSNAME ="" DATATYPE ="byteint" DESCRIPTION ="" FIELDNUMBER ="12" FIELDPROPERTY ="0" FIELDTYPE ="ELEMITEM" HIDDEN ="NO" KEYTYPE ="NOT A KEY" LENGTH ="4" LEVEL ="0" NAME ="KPI_PBLSH_IND" NULLABLE ="NULL" OCCURS ="0" OFFSET ="30" PHYSICALLENGTH ="3" PHYSICALOFFSET ="1996" PICTURETEXT ="" PRECISION ="3" SCALE ="0" USAGE_FLAGS =""/>
        <SOURCEFIELD BUSINESSNAME ="" DATATYPE ="byteint" DESCRIPTION ="" FIELDNUMBER ="13" FIELDPROPERTY ="0" FIELDTYPE ="ELEMITEM" HIDDEN ="NO" KEYTYPE ="NOT A KEY" LENGTH ="4" LEVEL ="0" NAME ="PRI_KPI_IND" NULLABLE ="NULL" OCCURS ="0" OFFSET ="34" PHYSICALLENGTH ="3" PHYSICALOFFSET ="1999" PICTURETEXT ="" PRECISION ="3" SCALE ="0" USAGE_FLAGS =""/>
        <SOURCEFIELD BUSINESSNAME ="" DATATYPE ="byteint" DESCRIPTION ="" FIELDNUMBER ="14" FIELDPROPERTY ="0" FIELDTYPE ="ELEMITEM" HIDDEN ="NO" KEYTYPE ="NOT A KEY" LENGTH ="4" LEVEL ="0" NAME ="KPI_INTRADAY_IND" NULLABLE ="NULL" OCCURS ="0" OFFSET ="38" PHYSICALLENGTH ="3" PHYSICALOFFSET ="2002" PICTURETEXT ="" PRECISION ="3" SCALE ="0" USAGE_FLAGS =""/>
        <SOURCEFIELD BUSINESSNAME ="" DATATYPE ="varchar" DESCRIPTION ="" FIELDNUMBER ="15" FIELDPROPERTY ="0" FIELDTYPE ="ELEMITEM" HIDDEN ="NO" KEYTYPE ="NOT A KEY" LENGTH ="0" LEVEL ="0" NAME ="CDC_IND_CD" NULLABLE ="NULL" OCCURS ="0" OFFSET ="42" PHYSICALLENGTH ="10" PHYSICALOFFSET ="2005" PICTURETEXT ="" PRECISION ="10" SCALE ="0" USAGE_FLAGS =""/>
        <SOURCEFIELD BUSINESSNAME ="" DATATYPE ="integer" DESCRIPTION ="" FIELDNUMBER ="16" FIELDPROPERTY ="0" FIELDTYPE ="ELEMITEM" HIDDEN ="NO" KEYTYPE ="NOT A KEY" LENGTH ="11" LEVEL ="0" NAME ="EDW_BATCH_ID" NULLABLE ="NULL" OCCURS ="0" OFFSET ="42" PHYSICALLENGTH ="10" PHYSICALOFFSET ="2015" PICTURETEXT ="" PRECISION ="10" SCALE ="0" USAGE_FLAGS =""/>
        <SOURCEFIELD BUSINESSNAME ="" DATATYPE ="timestamp" DESCRIPTION ="" FIELDNUMBER ="17" FIELDPROPERTY ="0" FIELDTYPE ="ELEMITEM" HIDDEN ="NO" KEYTYPE ="NOT A KEY" LENGTH ="19" LEVEL ="0" NAME ="EDW_CREATE_DTTM" NULLABLE ="NULL" OCCURS ="0" OFFSET ="53" PHYSICALLENGTH ="26" PHYSICALOFFSET ="2025" PICTURETEXT ="" PRECISION ="26" SCALE ="6" USAGE_FLAGS =""/>
        <SOURCEFIELD BUSINESSNAME ="" DATATYPE ="timestamp" DESCRIPTION ="" FIELDNUMBER ="18" FIELDPROPERTY ="0" FIELDTYPE ="ELEMITEM" HIDDEN ="NO" KEYTYPE ="NOT A KEY" LENGTH ="19" LEVEL ="0" NAME ="EDW_UPDATE_DTTM" NULLABLE ="NULL" OCCURS ="0" OFFSET ="72" PHYSICALLENGTH ="26" PHYSICALOFFSET ="2051" PICTURETEXT ="" PRECISION ="26" SCALE ="6" USAGE_FLAGS =""/>
    </SOURCE>
    <TARGET BUSINESSNAME ="" CONSTRAINT ="" DATABASETYPE ="Teradata" DESCRIPTION ="" NAME ="TB_KPI_LIST" OBJECTVERSION ="1" TABLEOPTIONS ="" VERSIONNUMBER ="7">
        <TARGETFIELD BUSINESSNAME ="" DATATYPE ="integer" DESCRIPTION ="" FIELDNUMBER ="1" KEYTYPE ="PRIMARY KEY" NAME ="CO_CD" NULLABLE ="NOTNULL" PICTURETEXT ="" PRECISION ="10" SCALE ="0"/>
        <TARGETFIELD BUSINESSNAME ="" DATATYPE ="varchar" DESCRIPTION ="" FIELDNUMBER ="2" KEYTYPE ="NOT A KEY" NAME ="KPI_CLSIFCATION" NULLABLE ="NULL" PICTURETEXT ="" PRECISION ="20" SCALE ="0"/>
        <TARGETFIELD BUSINESSNAME ="" DATATYPE ="varchar" DESCRIPTION ="" FIELDNUMBER ="3" KEYTYPE ="PRIMARY KEY" NAME ="KPI_NM" NULLABLE ="NOTNULL" PICTURETEXT ="" PRECISION ="50" SCALE ="0"/>
        <TARGETFIELD BUSINESSNAME ="" DATATYPE ="varchar" DESCRIPTION ="" FIELDNUMBER ="4" KEYTYPE ="NOT A KEY" NAME ="KPI_DESC" NULLABLE ="NULL" PICTURETEXT ="" PRECISION ="200" SCALE ="0"/>
        <TARGETFIELD BUSINESSNAME ="" DATATYPE ="varchar" DESCRIPTION ="" FIELDNUMBER ="5" KEYTYPE ="NOT A KEY" NAME ="KPI_XPRSN" NULLABLE ="NULL" PICTURETEXT ="" PRECISION ="500" SCALE ="0"/>
        <TARGETFIELD BUSINESSNAME ="" DATATYPE ="varchar" DESCRIPTION ="" FIELDNUMBER ="6" KEYTYPE ="NOT A KEY" NAME ="KPI_FLTR_COND" NULLABLE ="NULL" PICTURETEXT ="" PRECISION ="500" SCALE ="0"/>
        <TARGETFIELD BUSINESSNAME ="" DATATYPE ="varchar" DESCRIPTION ="" FIELDNUMBER ="7" KEYTYPE ="NOT A KEY" NAME ="KPI_FROM_CLAS" NULLABLE ="NULL" PICTURETEXT ="" PRECISION ="500" SCALE ="0"/>
        <TARGETFIELD BUSINESSNAME ="" DATATYPE ="varchar" DESCRIPTION ="" FIELDNUMBER ="8" KEYTYPE ="NOT A KEY" NAME ="KPI_GRPBYCOLLIINVC" NULLABLE ="NULL" PICTURETEXT ="" PRECISION ="200" SCALE ="0"/>
        <TARGETFIELD BUSINESSNAME ="" DATATYPE ="integer" DESCRIPTION ="" FIELDNUMBER ="9" KEYTYPE ="NOT A KEY" NAME ="KPI_CALC_LVL" NULLABLE ="NULL" PICTURETEXT ="" PRECISION ="10" SCALE ="0"/>
        <TARGETFIELD BUSINESSNAME ="" DATATYPE ="byteint" DESCRIPTION ="" FIELDNUMBER ="10" KEYTYPE ="NOT A KEY" NAME ="KPI_ACTV_IND" NULLABLE ="NULL" PICTURETEXT ="" PRECISION ="3" SCALE ="0"/>
        <TARGETFIELD BUSINESSNAME ="" DATATYPE ="byteint" DESCRIPTION ="" FIELDNUMBER ="11" KEYTYPE ="NOT A KEY" NAME ="KPI_CALC_IND" NULLABLE ="NULL" PICTURETEXT ="" PRECISION ="3" SCALE ="0"/>
        <TARGETFIELD BUSINESSNAME ="" DATATYPE ="byteint" DESCRIPTION ="" FIELDNUMBER ="12" KEYTYPE ="NOT A KEY" NAME ="KPI_PBLSH_IND" NULLABLE ="NULL" PICTURETEXT ="" PRECISION ="3" SCALE ="0"/>
        <TARGETFIELD BUSINESSNAME ="" DATATYPE ="byteint" DESCRIPTION ="" FIELDNUMBER ="13" KEYTYPE ="NOT A KEY" NAME ="PRI_KPI_IND" NULLABLE ="NULL" PICTURETEXT ="" PRECISION ="3" SCALE ="0"/>
        <TARGETFIELD BUSINESSNAME ="" DATATYPE ="byteint" DESCRIPTION ="" FIELDNUMBER ="14" KEYTYPE ="NOT A KEY" NAME ="KPI_INTRADAY_IND" NULLABLE ="NULL" PICTURETEXT ="" PRECISION ="3" SCALE ="0"/>
        <TARGETFIELD BUSINESSNAME ="" DATATYPE ="integer" DESCRIPTION ="" FIELDNUMBER ="15" KEYTYPE ="NOT A KEY" NAME ="EDW_BATCH_ID" NULLABLE ="NULL" PICTURETEXT ="" PRECISION ="10" SCALE ="0"/>
        <TARGETFIELD BUSINESSNAME ="" DATATYPE ="timestamp" DESCRIPTION ="" FIELDNUMBER ="16" KEYTYPE ="NOT A KEY" NAME ="EDW_CREATE_DTTM" NULLABLE ="NULL" PICTURETEXT ="" PRECISION ="26" SCALE ="6"/>
        <TARGETFIELD BUSINESSNAME ="" DATATYPE ="timestamp" DESCRIPTION ="" FIELDNUMBER ="17" KEYTYPE ="NOT A KEY" NAME ="EDW_UPDATE_DTTM" NULLABLE ="NULL" PICTURETEXT ="" PRECISION ="26" SCALE ="6"/>
    </TARGET>
</FOLDER>
<FOLDER NAME="~v_ybodire" GROUP="" OWNER="509784" SHARED="NOTSHARED" DESCRIPTION="Sogeti offshore Lead" PERMISSIONS="rwx---r--" UUID="d3c0506c-207a-4fdb-9a01-1262fb413781">
    <MAPPING DESCRIPTION ="" ISVALID ="YES" NAME ="m_LD2ST_133_ATT_KPI_TB_KPI_LIST" OBJECTVERSION ="1" VERSIONNUMBER ="1">
        <TRANSFORMATION DESCRIPTION ="" NAME ="SQ_TB_KPI_LIST_INSERT" OBJECTVERSION ="1" REUSABLE ="NO" TYPE ="Source Qualifier" VERSIONNUMBER ="1">
            <TRANSFORMFIELD DATATYPE ="integer" DEFAULTVALUE ="" DESCRIPTION ="" NAME ="CO_CD" PICTURETEXT ="" PORTTYPE ="INPUT/OUTPUT" PRECISION ="10" SCALE ="0"/>
            <TRANSFORMFIELD DATATYPE ="string" DEFAULTVALUE ="" DESCRIPTION ="" NAME ="KPI_CLSIFCATION" PICTURETEXT ="" PORTTYPE ="INPUT/OUTPUT" PRECISION ="20" SCALE ="0"/>
            <TRANSFORMFIELD DATATYPE ="string" DEFAULTVALUE ="" DESCRIPTION ="" NAME ="KPI_NM" PICTURETEXT ="" PORTTYPE ="INPUT/OUTPUT" PRECISION ="50" SCALE ="0"/>
            <TRANSFORMFIELD DATATYPE ="string" DEFAULTVALUE ="" DESCRIPTION ="" NAME ="KPI_DESC" PICTURETEXT ="" PORTTYPE ="INPUT/OUTPUT" PRECISION ="200" SCALE ="0"/>
            <TRANSFORMFIELD DATATYPE ="string" DEFAULTVALUE ="" DESCRIPTION ="" NAME ="KPI_XPRSN" PICTURETEXT ="" PORTTYPE ="INPUT/OUTPUT" PRECISION ="500" SCALE ="0"/>
            <TRANSFORMFIELD DATATYPE ="string" DEFAULTVALUE ="" DESCRIPTION ="" NAME ="KPI_FLTR_COND" PICTURETEXT ="" PORTTYPE ="INPUT/OUTPUT" PRECISION ="500" SCALE ="0"/>
            <TRANSFORMFIELD DATATYPE ="string" DEFAULTVALUE ="" DESCRIPTION ="" NAME ="KPI_FROM_CLAS" PICTURETEXT ="" PORTTYPE ="INPUT/OUTPUT" PRECISION ="500" SCALE ="0"/>
            <TRANSFORMFIELD DATATYPE ="string" DEFAULTVALUE ="" DESCRIPTION ="" NAME ="KPI_GRPBYCOLLIINVC" PICTURETEXT ="" PORTTYPE ="INPUT/OUTPUT" PRECISION ="200" SCALE ="0"/>
            <TRANSFORMFIELD DATATYPE ="integer" DEFAULTVALUE ="" DESCRIPTION ="" NAME ="KPI_CALC_LVL" PICTURETEXT ="" PORTTYPE ="INPUT/OUTPUT" PRECISION ="10" SCALE ="0"/>
            <TRANSFORMFIELD DATATYPE ="small integer" DEFAULTVALUE ="" DESCRIPTION ="" NAME ="KPI_ACTV_IND" PICTURETEXT ="" PORTTYPE ="INPUT/OUTPUT" PRECISION ="5" SCALE ="0"/>
            <TRANSFORMFIELD DATATYPE ="small integer" DEFAULTVALUE ="" DESCRIPTION ="" NAME ="KPI_CALC_IND" PICTURETEXT ="" PORTTYPE ="INPUT/OUTPUT" PRECISION ="5" SCALE ="0"/>
            <TRANSFORMFIELD DATATYPE ="small integer" DEFAULTVALUE ="" DESCRIPTION ="" NAME ="KPI_PBLSH_IND" PICTURETEXT ="" PORTTYPE ="INPUT/OUTPUT" PRECISION ="5" SCALE ="0"/>
            <TRANSFORMFIELD DATATYPE ="small integer" DEFAULTVALUE ="" DESCRIPTION ="" NAME ="PRI_KPI_IND" PICTURETEXT ="" PORTTYPE ="INPUT/OUTPUT" PRECISION ="5" SCALE ="0"/>
            <TRANSFORMFIELD DATATYPE ="small integer" DEFAULTVALUE ="" DESCRIPTION ="" NAME ="KPI_INTRADAY_IND" PICTURETEXT ="" PORTTYPE ="INPUT/OUTPUT" PRECISION ="5" SCALE ="0"/>
            <TABLEATTRIBUTE NAME ="Sql Query" VALUE ="SELECT&#xD;&#xA;    SRC.CO_CD             ,&#xD;&#xA;    SRC.KPI_CLSIFCATION   ,&#xD;&#xA;    SRC.KPI_NM            ,&#xD;&#xA;    SRC.KPI_DESC          ,&#xD;&#xA;    SRC.KPI_XPRSN         ,&#xD;&#xA;    SRC.KPI_FLTR_COND     ,&#xD;&#xA;    SRC.KPI_FROM_CLAS     ,&#xD;&#xA;    SRC.KPI_GRPBYCOLLIINVC,&#xD;&#xA;    SRC.KPI_CALC_LVL      ,&#xD;&#xA;    SRC.KPI_ACTV_IND      ,&#xD;&#xA;    SRC.KPI_CALC_IND      ,&#xD;&#xA;    SRC.KPI_PBLSH_IND     ,&#xD;&#xA;    SRC.PRI_KPI_IND       ,&#xD;&#xA;    SRC.KPI_INTRADAY_IND&#xD;&#xA;FROM&#xD;&#xA;    $ParamLandDB.LT_TB_KPI_LIST SRC&#xD;&#xA;&#x9;LEFT OUTER JOIN $ParamCoreDB.TB_KPI_LIST TGT ON TGT.KPI_NM=SRC.KPI_NM AND TGT.CO_CD=SRC.CO_CD&#xD;&#xA;WHERE SRC.EDW_BATCH_ID=$$BATCH_ID AND TGT.KPI_NM IS NULL"/>
            <TABLEATTRIBUTE NAME ="User Defined Join" VALUE =""/>
            <TABLEATTRIBUTE NAME ="Source Filter" VALUE =""/>
            <TABLEATTRIBUTE NAME ="Number Of Sorted Ports" VALUE ="0"/>
            <TABLEATTRIBUTE NAME ="Tracing Level" VALUE ="Normal"/>
            <TABLEATTRIBUTE NAME ="Select Distinct" VALUE ="NO"/>
            <TABLEATTRIBUTE NAME ="Is Partitionable" VALUE ="NO"/>
            <TABLEATTRIBUTE NAME ="Pre SQL" VALUE =""/>
            <TABLEATTRIBUTE NAME ="Post SQL" VALUE =""/>
            <TABLEATTRIBUTE NAME ="Output is deterministic" VALUE ="NO"/>
            <TABLEATTRIBUTE NAME ="Output is repeatable" VALUE ="Never"/>
        </TRANSFORMATION>
        <TRANSFORMATION COMPONENTVERSION ="1000000" DESCRIPTION ="" NAME ="UN_INSERT_UPDATE" OBJECTVERSION ="1" REUSABLE ="NO" TEMPLATEID ="303001" TEMPLATENAME ="Union Transformation" TYPE ="Custom Transformation" VERSIONNUMBER ="1">
            <GROUP DESCRIPTION ="" NAME ="OUTPUT" ORDER ="1" TYPE ="OUTPUT"/>
            <GROUP DESCRIPTION ="" NAME ="INSERT" ORDER ="2" TYPE ="INPUT"/>
            <GROUP DESCRIPTION ="" NAME ="UPDATE" ORDER ="3" TYPE ="INPUT"/>
            <TRANSFORMFIELD DATATYPE ="integer" DEFAULTVALUE ="" DESCRIPTION ="" GROUP ="OUTPUT" NAME ="CO_CD" OUTPUTGROUP ="OUTPUT" PICTURETEXT ="" PORTTYPE ="OUTPUT" PRECISION ="10" SCALE ="0"/>
            <TRANSFORMFIELD DATATYPE ="integer" DEFAULTVALUE ="" DESCRIPTION ="" GROUP ="OUTPUT" NAME ="KPI_SEQ_ID" OUTPUTGROUP ="OUTPUT" PICTURETEXT ="" PORTTYPE ="OUTPUT" PRECISION ="10" SCALE ="0"/>
            <TRANSFORMFIELD DATATYPE ="string" DEFAULTVALUE ="" DESCRIPTION ="" GROUP ="OUTPUT" NAME ="KPI_CLSIFCATION" OUTPUTGROUP ="OUTPUT" PICTURETEXT ="" PORTTYPE ="OUTPUT" PRECISION ="20" SCALE ="0"/>
            <TRANSFORMFIELD DATATYPE ="string" DEFAULTVALUE ="" DESCRIPTION ="" GROUP ="OUTPUT" NAME ="KPI_NM" OUTPUTGROUP ="OUTPUT" PICTURETEXT ="" PORTTYPE ="OUTPUT" PRECISION ="50" SCALE ="0"/>
            <TRANSFORMFIELD DATATYPE ="string" DEFAULTVALUE ="" DESCRIPTION ="" GROUP ="OUTPUT" NAME ="KPI_DESC" OUTPUTGROUP ="OUTPUT" PICTURETEXT ="" PORTTYPE ="OUTPUT" PRECISION ="200" SCALE ="0"/>
            <TRANSFORMFIELD DATATYPE ="string" DEFAULTVALUE ="" DESCRIPTION ="" GROUP ="OUTPUT" NAME ="KPI_XPRSN" OUTPUTGROUP ="OUTPUT" PICTURETEXT ="" PORTTYPE ="OUTPUT" PRECISION ="500" SCALE ="0"/>
            <TRANSFORMFIELD DATATYPE ="string" DEFAULTVALUE ="" DESCRIPTION ="" GROUP ="OUTPUT" NAME ="KPI_FLTR_COND" OUTPUTGROUP ="OUTPUT" PICTURETEXT ="" PORTTYPE ="OUTPUT" PRECISION ="500" SCALE ="0"/>
            <TRANSFORMFIELD DATATYPE ="string" DEFAULTVALUE ="" DESCRIPTION ="" GROUP ="OUTPUT" NAME ="KPI_FROM_CLAS" OUTPUTGROUP ="OUTPUT" PICTURETEXT ="" PORTTYPE ="OUTPUT" PRECISION ="500" SCALE ="0"/>
            <TRANSFORMFIELD DATATYPE ="string" DEFAULTVALUE ="" DESCRIPTION ="" GROUP ="OUTPUT" NAME ="KPI_GRPBYCOLLIINVC" OUTPUTGROUP ="OUTPUT" PICTURETEXT ="" PORTTYPE ="OUTPUT" PRECISION ="200" SCALE ="0"/>
            <TRANSFORMFIELD DATATYPE ="integer" DEFAULTVALUE ="" DESCRIPTION ="" GROUP ="OUTPUT" NAME ="KPI_CALC_LVL" OUTPUTGROUP ="OUTPUT" PICTURETEXT ="" PORTTYPE ="OUTPUT" PRECISION ="10" SCALE ="0"/>
            <TRANSFORMFIELD DATATYPE ="integer" DEFAULTVALUE ="" DESCRIPTION ="" GROUP ="OUTPUT" NAME ="KPI_ACTV_IND" OUTPUTGROUP ="OUTPUT" PICTURETEXT ="" PORTTYPE ="OUTPUT" PRECISION ="10" SCALE ="0"/>
            <TRANSFORMFIELD DATATYPE ="integer" DEFAULTVALUE ="" DESCRIPTION ="" GROUP ="OUTPUT" NAME ="KPI_CALC_IND" OUTPUTGROUP ="OUTPUT" PICTURETEXT ="" PORTTYPE ="OUTPUT" PRECISION ="10" SCALE ="0"/>
            <TRANSFORMFIELD DATATYPE ="integer" DEFAULTVALUE ="" DESCRIPTION ="" GROUP ="OUTPUT" NAME ="KPI_PBLSH_IND" OUTPUTGROUP ="OUTPUT" PICTURETEXT ="" PORTTYPE ="OUTPUT" PRECISION ="10" SCALE ="0"/>
            <TRANSFORMFIELD DATATYPE ="integer" DEFAULTVALUE ="" DESCRIPTION ="" GROUP ="OUTPUT" NAME ="PRI_KPI_IND" OUTPUTGROUP ="OUTPUT" PICTURETEXT ="" PORTTYPE ="OUTPUT" PRECISION ="10" SCALE ="0"/>
            <TRANSFORMFIELD DATATYPE ="integer" DEFAULTVALUE ="" DESCRIPTION ="" GROUP ="OUTPUT" NAME ="KPI_INTRADAY_IND" OUTPUTGROUP ="OUTPUT" PICTURETEXT ="" PORTTYPE ="OUTPUT" PRECISION ="10" SCALE ="0"/>
            <TRANSFORMFIELD DATATYPE ="integer" DEFAULTVALUE ="" DESCRIPTION ="" GROUP ="OUTPUT" NAME ="EDW_BATCH_ID" OUTPUTGROUP ="OUTPUT" PICTURETEXT ="" PORTTYPE ="OUTPUT" PRECISION ="10" SCALE ="0"/>
            <TRANSFORMFIELD DATATYPE ="date/time" DEFAULTVALUE ="" DESCRIPTION ="" GROUP ="OUTPUT" NAME ="EDW_CREATE_DTTM" OUTPUTGROUP ="OUTPUT" PICTURETEXT ="" PORTTYPE ="OUTPUT" PRECISION ="29" SCALE ="9"/>
            <TRANSFORMFIELD DATATYPE ="date/time" DEFAULTVALUE ="" DESCRIPTION ="" GROUP ="OUTPUT" NAME ="EDW_UPDATE_DTTM" OUTPUTGROUP ="OUTPUT" PICTURETEXT ="" PORTTYPE ="OUTPUT" PRECISION ="29" SCALE ="9"/>
            <TRANSFORMFIELD DATATYPE ="integer" DEFAULTVALUE ="" DESCRIPTION ="" GROUP ="INSERT" NAME ="CO_CD1" OUTPUTGROUP ="INSERT" PICTURETEXT ="" PORTTYPE ="INPUT" PRECISION ="10" SCALE ="0"/>
            <TRANSFORMFIELD DATATYPE ="integer" DEFAULTVALUE ="" DESCRIPTION ="" GROUP ="INSERT" NAME ="KPI_SEQ_ID1" OUTPUTGROUP ="INSERT" PICTURETEXT ="" PORTTYPE ="INPUT" PRECISION ="10" SCALE ="0"/>
            <TRANSFORMFIELD DATATYPE ="string" DEFAULTVALUE ="" DESCRIPTION ="" GROUP ="INSERT" NAME ="KPI_CLSIFCATION1" OUTPUTGROUP ="INSERT" PICTURETEXT ="" PORTTYPE ="INPUT" PRECISION ="20" SCALE ="0"/>
            <TRANSFORMFIELD DATATYPE ="string" DEFAULTVALUE ="" DESCRIPTION ="" GROUP ="INSERT" NAME ="KPI_NM1" OUTPUTGROUP ="INSERT" PICTURETEXT ="" PORTTYPE ="INPUT" PRECISION ="50" SCALE ="0"/>
            <TRANSFORMFIELD DATATYPE ="string" DEFAULTVALUE ="" DESCRIPTION ="" GROUP ="INSERT" NAME ="KPI_DESC1" OUTPUTGROUP ="INSERT" PICTURETEXT ="" PORTTYPE ="INPUT" PRECISION ="200" SCALE ="0"/>
            <TRANSFORMFIELD DATATYPE ="string" DEFAULTVALUE ="" DESCRIPTION ="" GROUP ="INSERT" NAME ="KPI_XPRSN1" OUTPUTGROUP ="INSERT" PICTURETEXT ="" PORTTYPE ="INPUT" PRECISION ="500" SCALE ="0"/>
            <TRANSFORMFIELD DATATYPE ="string" DEFAULTVALUE ="" DESCRIPTION ="" GROUP ="INSERT" NAME ="KPI_FLTR_COND1" OUTPUTGROUP ="INSERT" PICTURETEXT ="" PORTTYPE ="INPUT" PRECISION ="500" SCALE ="0"/>
            <TRANSFORMFIELD DATATYPE ="string" DEFAULTVALUE ="" DESCRIPTION ="" GROUP ="INSERT" NAME ="KPI_FROM_CLAS1" OUTPUTGROUP ="INSERT" PICTURETEXT ="" PORTTYPE ="INPUT" PRECISION ="500" SCALE ="0"/>
            <TRANSFORMFIELD DATATYPE ="string" DEFAULTVALUE ="" DESCRIPTION ="" GROUP ="INSERT" NAME ="KPI_GRPBYCOLLIINVC1" OUTPUTGROUP ="INSERT" PICTURETEXT ="" PORTTYPE ="INPUT" PRECISION ="200" SCALE ="0"/>
            <TRANSFORMFIELD DATATYPE ="integer" DEFAULTVALUE ="" DESCRIPTION ="" GROUP ="INSERT" NAME ="KPI_CALC_LVL1" OUTPUTGROUP ="INSERT" PICTURETEXT ="" PORTTYPE ="INPUT" PRECISION ="10" SCALE ="0"/>
            <TRANSFORMFIELD DATATYPE ="integer" DEFAULTVALUE ="" DESCRIPTION ="" GROUP ="INSERT" NAME ="KPI_ACTV_IND1" OUTPUTGROUP ="INSERT" PICTURETEXT ="" PORTTYPE ="INPUT" PRECISION ="10" SCALE ="0"/>
            <TRANSFORMFIELD DATATYPE ="integer" DEFAULTVALUE ="" DESCRIPTION ="" GROUP ="INSERT" NAME ="KPI_CALC_IND1" OUTPUTGROUP ="INSERT" PICTURETEXT ="" PORTTYPE ="INPUT" PRECISION ="10" SCALE ="0"/>
            <TRANSFORMFIELD DATATYPE ="integer" DEFAULTVALUE ="" DESCRIPTION ="" GROUP ="INSERT" NAME ="KPI_PBLSH_IND1" OUTPUTGROUP ="INSERT" PICTURETEXT ="" PORTTYPE ="INPUT" PRECISION ="10" SCALE ="0"/>
            <TRANSFORMFIELD DATATYPE ="integer" DEFAULTVALUE ="" DESCRIPTION ="" GROUP ="INSERT" NAME ="PRI_KPI_IND1" OUTPUTGROUP ="INSERT" PICTURETEXT ="" PORTTYPE ="INPUT" PRECISION ="10" SCALE ="0"/>
            <TRANSFORMFIELD DATATYPE ="integer" DEFAULTVALUE ="" DESCRIPTION ="" GROUP ="INSERT" NAME ="KPI_INTRADAY_IND1" OUTPUTGROUP ="INSERT" PICTURETEXT ="" PORTTYPE ="INPUT" PRECISION ="10" SCALE ="0"/>
            <TRANSFORMFIELD DATATYPE ="integer" DEFAULTVALUE ="" DESCRIPTION ="" GROUP ="INSERT" NAME ="EDW_BATCH_ID1" OUTPUTGROUP ="INSERT" PICTURETEXT ="" PORTTYPE ="INPUT" PRECISION ="10" SCALE ="0"/>
            <TRANSFORMFIELD DATATYPE ="date/time" DEFAULTVALUE ="" DESCRIPTION ="" GROUP ="INSERT" NAME ="EDW_CREATE_DTTM1" OUTPUTGROUP ="INSERT" PICTURETEXT ="" PORTTYPE ="INPUT" PRECISION ="29" SCALE ="9"/>
            <TRANSFORMFIELD DATATYPE ="date/time" DEFAULTVALUE ="" DESCRIPTION ="" GROUP ="INSERT" NAME ="EDW_UPDATE_DTTM1" OUTPUTGROUP ="INSERT" PICTURETEXT ="" PORTTYPE ="INPUT" PRECISION ="29" SCALE ="9"/>
            <TRANSFORMFIELD DATATYPE ="integer" DEFAULTVALUE ="" DESCRIPTION ="" GROUP ="UPDATE" NAME ="CO_CD2" OUTPUTGROUP ="UPDATE" PICTURETEXT ="" PORTTYPE ="INPUT" PRECISION ="10" SCALE ="0"/>
            <TRANSFORMFIELD DATATYPE ="integer" DEFAULTVALUE ="" DESCRIPTION ="" GROUP ="UPDATE" NAME ="KPI_SEQ_ID2" OUTPUTGROUP ="UPDATE" PICTURETEXT ="" PORTTYPE ="INPUT" PRECISION ="10" SCALE ="0"/>
            <TRANSFORMFIELD DATATYPE ="string" DEFAULTVALUE ="" DESCRIPTION ="" GROUP ="UPDATE" NAME ="KPI_CLSIFCATION2" OUTPUTGROUP ="UPDATE" PICTURETEXT ="" PORTTYPE ="INPUT" PRECISION ="20" SCALE ="0"/>
            <TRANSFORMFIELD DATATYPE ="string" DEFAULTVALUE ="" DESCRIPTION ="" GROUP ="UPDATE" NAME ="KPI_NM2" OUTPUTGROUP ="UPDATE" PICTURETEXT ="" PORTTYPE ="INPUT" PRECISION ="50" SCALE ="0"/>
            <TRANSFORMFIELD DATATYPE ="string" DEFAULTVALUE ="" DESCRIPTION ="" GROUP ="UPDATE" NAME ="KPI_DESC2" OUTPUTGROUP ="UPDATE" PICTURETEXT ="" PORTTYPE ="INPUT" PRECISION ="200" SCALE ="0"/>
            <TRANSFORMFIELD DATATYPE ="string" DEFAULTVALUE ="" DESCRIPTION ="" GROUP ="UPDATE" NAME ="KPI_XPRSN2" OUTPUTGROUP ="UPDATE" PICTURETEXT ="" PORTTYPE ="INPUT" PRECISION ="500" SCALE ="0"/>
            <TRANSFORMFIELD DATATYPE ="string" DEFAULTVALUE ="" DESCRIPTION ="" GROUP ="UPDATE" NAME ="KPI_FLTR_COND2" OUTPUTGROUP ="UPDATE" PICTURETEXT ="" PORTTYPE ="INPUT" PRECISION ="500" SCALE ="0"/>
            <TRANSFORMFIELD DATATYPE ="string" DEFAULTVALUE ="" DESCRIPTION ="" GROUP ="UPDATE" NAME ="KPI_FROM_CLAS2" OUTPUTGROUP ="UPDATE" PICTURETEXT ="" PORTTYPE ="INPUT" PRECISION ="500" SCALE ="0"/>
            <TRANSFORMFIELD DATATYPE ="string" DEFAULTVALUE ="" DESCRIPTION ="" GROUP ="UPDATE" NAME ="KPI_GRPBYCOLLIINVC2" OUTPUTGROUP ="UPDATE" PICTURETEXT ="" PORTTYPE ="INPUT" PRECISION ="200" SCALE ="0"/>
            <TRANSFORMFIELD DATATYPE ="integer" DEFAULTVALUE ="" DESCRIPTION ="" GROUP ="UPDATE" NAME ="KPI_CALC_LVL2" OUTPUTGROUP ="UPDATE" PICTURETEXT ="" PORTTYPE ="INPUT" PRECISION ="10" SCALE ="0"/>
            <TRANSFORMFIELD DATATYPE ="integer" DEFAULTVALUE ="" DESCRIPTION ="" GROUP ="UPDATE" NAME ="KPI_ACTV_IND2" OUTPUTGROUP ="UPDATE" PICTURETEXT ="" PORTTYPE ="INPUT" PRECISION ="10" SCALE ="0"/>
            <TRANSFORMFIELD DATATYPE ="integer" DEFAULTVALUE ="" DESCRIPTION ="" GROUP ="UPDATE" NAME ="KPI_CALC_IND2" OUTPUTGROUP ="UPDATE" PICTURETEXT ="" PORTTYPE ="INPUT" PRECISION ="10" SCALE ="0"/>
            <TRANSFORMFIELD DATATYPE ="integer" DEFAULTVALUE ="" DESCRIPTION ="" GROUP ="UPDATE" NAME ="KPI_PBLSH_IND2" OUTPUTGROUP ="UPDATE" PICTURETEXT ="" PORTTYPE ="INPUT" PRECISION ="10" SCALE ="0"/>
            <TRANSFORMFIELD DATATYPE ="integer" DEFAULTVALUE ="" DESCRIPTION ="" GROUP ="UPDATE" NAME ="PRI_KPI_IND2" OUTPUTGROUP ="UPDATE" PICTURETEXT ="" PORTTYPE ="INPUT" PRECISION ="10" SCALE ="0"/>
            <TRANSFORMFIELD DATATYPE ="integer" DEFAULTVALUE ="" DESCRIPTION ="" GROUP ="UPDATE" NAME ="KPI_INTRADAY_IND2" OUTPUTGROUP ="UPDATE" PICTURETEXT ="" PORTTYPE ="INPUT" PRECISION ="10" SCALE ="0"/>
            <TRANSFORMFIELD DATATYPE ="integer" DEFAULTVALUE ="" DESCRIPTION ="" GROUP ="UPDATE" NAME ="EDW_BATCH_ID2" OUTPUTGROUP ="UPDATE" PICTURETEXT ="" PORTTYPE ="INPUT" PRECISION ="10" SCALE ="0"/>
            <TRANSFORMFIELD DATATYPE ="date/time" DEFAULTVALUE ="" DESCRIPTION ="" GROUP ="UPDATE" NAME ="EDW_CREATE_DTTM2" OUTPUTGROUP ="UPDATE" PICTURETEXT ="" PORTTYPE ="INPUT" PRECISION ="29" SCALE ="9"/>
            <TRANSFORMFIELD DATATYPE ="date/time" DEFAULTVALUE ="" DESCRIPTION ="" GROUP ="UPDATE" NAME ="EDW_UPDATE_DTTM2" OUTPUTGROUP ="UPDATE" PICTURETEXT ="" PORTTYPE ="INPUT" PRECISION ="29" SCALE ="9"/>
            <TABLEATTRIBUTE NAME ="Language" VALUE ="C"/>
            <TABLEATTRIBUTE NAME ="Module Identifier" VALUE ="pmuniontrans"/>
            <TABLEATTRIBUTE NAME ="Class Name" VALUE =""/>
            <TABLEATTRIBUTE NAME ="Function Identifier" VALUE ="pmunionfunc"/>
            <TABLEATTRIBUTE NAME ="Runtime Location" VALUE =""/>
            <TABLEATTRIBUTE NAME ="Tracing Level" VALUE ="Normal"/>
            <TABLEATTRIBUTE NAME ="Is Partitionable" VALUE ="Across Grid"/>
            <TABLEATTRIBUTE NAME ="Inputs Must Block" VALUE ="NO"/>
            <TABLEATTRIBUTE NAME ="Is Active" VALUE ="YES"/>
            <TABLEATTRIBUTE NAME ="Update Strategy Transformation" VALUE ="NO"/>
            <TABLEATTRIBUTE NAME ="Transformation Scope" VALUE ="Row"/>
            <TABLEATTRIBUTE NAME ="Generate Transaction" VALUE ="NO"/>
            <TABLEATTRIBUTE NAME ="Output Is Repeatable" VALUE ="Never"/>
            <TABLEATTRIBUTE NAME ="Requires Single Thread Per Partition" VALUE ="NO"/>
            <TABLEATTRIBUTE NAME ="Output Is Deterministic" VALUE ="YES"/>
            <TABLEATTRIBUTE NAME ="Preserves Data Set Boundary" VALUE ="No"/>
            <INITPROP DESCRIPTION ="" NAME ="Programmatic Identifier for Class Factory" USERDEFINED ="NO" VALUE =""/>
            <INITPROP DESCRIPTION ="" NAME ="Constructor" USERDEFINED ="NO" VALUE =""/>
            <FIELDDEPENDENCY INPUTFIELD ="CO_CD1" OUTPUTFIELD ="CO_CD"/>
            <FIELDDEPENDENCY INPUTFIELD ="CO_CD2" OUTPUTFIELD ="CO_CD"/>
            <FIELDDEPENDENCY INPUTFIELD ="KPI_SEQ_ID1" OUTPUTFIELD ="KPI_SEQ_ID"/>
            <FIELDDEPENDENCY INPUTFIELD ="KPI_SEQ_ID2" OUTPUTFIELD ="KPI_SEQ_ID"/>
            <FIELDDEPENDENCY INPUTFIELD ="KPI_CLSIFCATION1" OUTPUTFIELD ="KPI_CLSIFCATION"/>
            <FIELDDEPENDENCY INPUTFIELD ="KPI_CLSIFCATION2" OUTPUTFIELD ="KPI_CLSIFCATION"/>
            <FIELDDEPENDENCY INPUTFIELD ="KPI_NM1" OUTPUTFIELD ="KPI_NM"/>
            <FIELDDEPENDENCY INPUTFIELD ="KPI_NM2" OUTPUTFIELD ="KPI_NM"/>
            <FIELDDEPENDENCY INPUTFIELD ="KPI_DESC1" OUTPUTFIELD ="KPI_DESC"/>
            <FIELDDEPENDENCY INPUTFIELD ="KPI_DESC2" OUTPUTFIELD ="KPI_DESC"/>
            <FIELDDEPENDENCY INPUTFIELD ="KPI_XPRSN1" OUTPUTFIELD ="KPI_XPRSN"/>
            <FIELDDEPENDENCY INPUTFIELD ="KPI_XPRSN2" OUTPUTFIELD ="KPI_XPRSN"/>
            <FIELDDEPENDENCY INPUTFIELD ="KPI_FLTR_COND1" OUTPUTFIELD ="KPI_FLTR_COND"/>
            <FIELDDEPENDENCY INPUTFIELD ="KPI_FLTR_COND2" OUTPUTFIELD ="KPI_FLTR_COND"/>
            <FIELDDEPENDENCY INPUTFIELD ="KPI_FROM_CLAS1" OUTPUTFIELD ="KPI_FROM_CLAS"/>
            <FIELDDEPENDENCY INPUTFIELD ="KPI_FROM_CLAS2" OUTPUTFIELD ="KPI_FROM_CLAS"/>
            <FIELDDEPENDENCY INPUTFIELD ="KPI_GRPBYCOLLIINVC1" OUTPUTFIELD ="KPI_GRPBYCOLLIINVC"/>
            <FIELDDEPENDENCY INPUTFIELD ="KPI_GRPBYCOLLIINVC2" OUTPUTFIELD ="KPI_GRPBYCOLLIINVC"/>
            <FIELDDEPENDENCY INPUTFIELD ="KPI_CALC_LVL1" OUTPUTFIELD ="KPI_CALC_LVL"/>
            <FIELDDEPENDENCY INPUTFIELD ="KPI_CALC_LVL2" OUTPUTFIELD ="KPI_CALC_LVL"/>
            <FIELDDEPENDENCY INPUTFIELD ="KPI_ACTV_IND1" OUTPUTFIELD ="KPI_ACTV_IND"/>
            <FIELDDEPENDENCY INPUTFIELD ="KPI_ACTV_IND2" OUTPUTFIELD ="KPI_ACTV_IND"/>
            <FIELDDEPENDENCY INPUTFIELD ="KPI_CALC_IND1" OUTPUTFIELD ="KPI_CALC_IND"/>
            <FIELDDEPENDENCY INPUTFIELD ="KPI_CALC_IND2" OUTPUTFIELD ="KPI_CALC_IND"/>
            <FIELDDEPENDENCY INPUTFIELD ="KPI_PBLSH_IND1" OUTPUTFIELD ="KPI_PBLSH_IND"/>
            <FIELDDEPENDENCY INPUTFIELD ="KPI_PBLSH_IND2" OUTPUTFIELD ="KPI_PBLSH_IND"/>
            <FIELDDEPENDENCY INPUTFIELD ="PRI_KPI_IND1" OUTPUTFIELD ="PRI_KPI_IND"/>
            <FIELDDEPENDENCY INPUTFIELD ="PRI_KPI_IND2" OUTPUTFIELD ="PRI_KPI_IND"/>
            <FIELDDEPENDENCY INPUTFIELD ="KPI_INTRADAY_IND1" OUTPUTFIELD ="KPI_INTRADAY_IND"/>
            <FIELDDEPENDENCY INPUTFIELD ="KPI_INTRADAY_IND2" OUTPUTFIELD ="KPI_INTRADAY_IND"/>
            <FIELDDEPENDENCY INPUTFIELD ="EDW_BATCH_ID1" OUTPUTFIELD ="EDW_BATCH_ID"/>
            <FIELDDEPENDENCY INPUTFIELD ="EDW_BATCH_ID2" OUTPUTFIELD ="EDW_BATCH_ID"/>
            <FIELDDEPENDENCY INPUTFIELD ="EDW_CREATE_DTTM1" OUTPUTFIELD ="EDW_CREATE_DTTM"/>
            <FIELDDEPENDENCY INPUTFIELD ="EDW_CREATE_DTTM2" OUTPUTFIELD ="EDW_CREATE_DTTM"/>
            <FIELDDEPENDENCY INPUTFIELD ="EDW_UPDATE_DTTM1" OUTPUTFIELD ="EDW_UPDATE_DTTM"/>
            <FIELDDEPENDENCY INPUTFIELD ="EDW_UPDATE_DTTM2" OUTPUTFIELD ="EDW_UPDATE_DTTM"/>
        </TRANSFORMATION>
        <TRANSFORMATION DESCRIPTION ="" NAME ="EXP_INSERT" OBJECTVERSION ="1" REUSABLE ="NO" TYPE ="Expression" VERSIONNUMBER ="1">
            <TRANSFORMFIELD DATATYPE ="integer" DEFAULTVALUE ="" DESCRIPTION ="" EXPRESSION ="CO_CD" EXPRESSIONTYPE ="GENERAL" NAME ="CO_CD" PICTURETEXT ="" PORTTYPE ="INPUT/OUTPUT" PRECISION ="10" SCALE ="0"/>
            <TRANSFORMFIELD DATATYPE ="string" DEFAULTVALUE ="" DESCRIPTION ="" EXPRESSION ="KPI_CLSIFCATION" EXPRESSIONTYPE ="GENERAL" NAME ="KPI_CLSIFCATION" PICTURETEXT ="" PORTTYPE ="INPUT/OUTPUT" PRECISION ="20" SCALE ="0"/>
            <TRANSFORMFIELD DATATYPE ="string" DEFAULTVALUE ="" DESCRIPTION ="" EXPRESSION ="KPI_NM" EXPRESSIONTYPE ="GENERAL" NAME ="KPI_NM" PICTURETEXT ="" PORTTYPE ="INPUT/OUTPUT" PRECISION ="50" SCALE ="0"/>
            <TRANSFORMFIELD DATATYPE ="string" DEFAULTVALUE ="" DESCRIPTION ="" EXPRESSION ="KPI_DESC" EXPRESSIONTYPE ="GENERAL" NAME ="KPI_DESC" PICTURETEXT ="" PORTTYPE ="INPUT/OUTPUT" PRECISION ="200" SCALE ="0"/>
            <TRANSFORMFIELD DATATYPE ="string" DEFAULTVALUE ="" DESCRIPTION ="" EXPRESSION ="KPI_XPRSN" EXPRESSIONTYPE ="GENERAL" NAME ="KPI_XPRSN" PICTURETEXT ="" PORTTYPE ="INPUT/OUTPUT" PRECISION ="500" SCALE ="0"/>
            <TRANSFORMFIELD DATATYPE ="string" DEFAULTVALUE ="" DESCRIPTION ="" EXPRESSION ="KPI_FLTR_COND" EXPRESSIONTYPE ="GENERAL" NAME ="KPI_FLTR_COND" PICTURETEXT ="" PORTTYPE ="INPUT/OUTPUT" PRECISION ="500" SCALE ="0"/>
            <TRANSFORMFIELD DATATYPE ="string" DEFAULTVALUE ="" DESCRIPTION ="" EXPRESSION ="KPI_FROM_CLAS" EXPRESSIONTYPE ="GENERAL" NAME ="KPI_FROM_CLAS" PICTURETEXT ="" PORTTYPE ="INPUT/OUTPUT" PRECISION ="500" SCALE ="0"/>
            <TRANSFORMFIELD DATATYPE ="string" DEFAULTVALUE ="" DESCRIPTION ="" EXPRESSION ="KPI_GRPBYCOLLIINVC" EXPRESSIONTYPE ="GENERAL" NAME ="KPI_GRPBYCOLLIINVC" PICTURETEXT ="" PORTTYPE ="INPUT/OUTPUT" PRECISION ="200" SCALE ="0"/>
            <TRANSFORMFIELD DATATYPE ="integer" DEFAULTVALUE ="" DESCRIPTION ="" EXPRESSION ="KPI_CALC_LVL" EXPRESSIONTYPE ="GENERAL" NAME ="KPI_CALC_LVL" PICTURETEXT ="" PORTTYPE ="INPUT/OUTPUT" PRECISION ="10" SCALE ="0"/>
            <TRANSFORMFIELD DATATYPE ="small integer" DEFAULTVALUE ="" DESCRIPTION ="" EXPRESSION ="KPI_ACTV_IND" EXPRESSIONTYPE ="GENERAL" NAME ="KPI_ACTV_IND" PICTURETEXT ="" PORTTYPE ="INPUT/OUTPUT" PRECISION ="5" SCALE ="0"/>
            <TRANSFORMFIELD DATATYPE ="small integer" DEFAULTVALUE ="" DESCRIPTION ="" EXPRESSION ="KPI_CALC_IND" EXPRESSIONTYPE ="GENERAL" NAME ="KPI_CALC_IND" PICTURETEXT ="" PORTTYPE ="INPUT/OUTPUT" PRECISION ="5" SCALE ="0"/>
            <TRANSFORMFIELD DATATYPE ="small integer" DEFAULTVALUE ="" DESCRIPTION ="" EXPRESSION ="KPI_PBLSH_IND" EXPRESSIONTYPE ="GENERAL" NAME ="KPI_PBLSH_IND" PICTURETEXT ="" PORTTYPE ="INPUT/OUTPUT" PRECISION ="5" SCALE ="0"/>
            <TRANSFORMFIELD DATATYPE ="small integer" DEFAULTVALUE ="" DESCRIPTION ="" EXPRESSION ="PRI_KPI_IND" EXPRESSIONTYPE ="GENERAL" NAME ="PRI_KPI_IND" PICTURETEXT ="" PORTTYPE ="INPUT/OUTPUT" PRECISION ="5" SCALE ="0"/>
            <TRANSFORMFIELD DATATYPE ="small integer" DEFAULTVALUE ="" DESCRIPTION ="" EXPRESSION ="KPI_INTRADAY_IND" EXPRESSIONTYPE ="GENERAL" NAME ="KPI_INTRADAY_IND" PICTURETEXT ="" PORTTYPE ="INPUT/OUTPUT" PRECISION ="5" SCALE ="0"/>
            <TRANSFORMFIELD DATATYPE ="integer" DEFAULTVALUE ="ERROR(&apos;transformation error&apos;)" DESCRIPTION ="" EXPRESSION ="$$BATCH_ID" EXPRESSIONTYPE ="GENERAL" NAME ="EDW_BATCH_ID" PICTURETEXT ="" PORTTYPE ="OUTPUT" PRECISION ="10" SCALE ="0"/>
            <TRANSFORMFIELD DATATYPE ="date/time" DEFAULTVALUE ="ERROR(&apos;transformation error&apos;)" DESCRIPTION ="" EXPRESSION ="SESSSTARTTIME" EXPRESSIONTYPE ="GENERAL" NAME ="EDW_CREATE_DTTM" PICTURETEXT ="" PORTTYPE ="OUTPUT" PRECISION ="29" SCALE ="9"/>
            <TRANSFORMFIELD DATATYPE ="date/time" DEFAULTVALUE ="ERROR(&apos;transformation error&apos;)" DESCRIPTION ="" EXPRESSION ="SESSSTARTTIME" EXPRESSIONTYPE ="GENERAL" NAME ="EDW_UPDATE_DTTM" PICTURETEXT ="" PORTTYPE ="OUTPUT" PRECISION ="29" SCALE ="9"/>
            <TABLEATTRIBUTE NAME ="Tracing Level" VALUE ="Normal"/>
        </TRANSFORMATION>
        <TRANSFORMATION DESCRIPTION ="" NAME ="SQ_TB_KPI_LIST_UPDATE" OBJECTVERSION ="1" REUSABLE ="NO" TYPE ="Source Qualifier" VERSIONNUMBER ="1">
            <TRANSFORMFIELD DATATYPE ="integer" DEFAULTVALUE ="" DESCRIPTION ="" NAME ="CO_CD" PICTURETEXT ="" PORTTYPE ="INPUT/OUTPUT" PRECISION ="10" SCALE ="0"/>
            <TRANSFORMFIELD DATATYPE ="string" DEFAULTVALUE ="" DESCRIPTION ="" NAME ="KPI_CLSIFCATION" PICTURETEXT ="" PORTTYPE ="INPUT/OUTPUT" PRECISION ="20" SCALE ="0"/>
            <TRANSFORMFIELD DATATYPE ="string" DEFAULTVALUE ="" DESCRIPTION ="" NAME ="KPI_NM" PICTURETEXT ="" PORTTYPE ="INPUT/OUTPUT" PRECISION ="50" SCALE ="0"/>
            <TRANSFORMFIELD DATATYPE ="string" DEFAULTVALUE ="" DESCRIPTION ="" NAME ="KPI_DESC" PICTURETEXT ="" PORTTYPE ="INPUT/OUTPUT" PRECISION ="200" SCALE ="0"/>
            <TRANSFORMFIELD DATATYPE ="string" DEFAULTVALUE ="" DESCRIPTION ="" NAME ="KPI_XPRSN" PICTURETEXT ="" PORTTYPE ="INPUT/OUTPUT" PRECISION ="500" SCALE ="0"/>
            <TRANSFORMFIELD DATATYPE ="string" DEFAULTVALUE ="" DESCRIPTION ="" NAME ="KPI_FLTR_COND" PICTURETEXT ="" PORTTYPE ="INPUT/OUTPUT" PRECISION ="500" SCALE ="0"/>
            <TRANSFORMFIELD DATATYPE ="string" DEFAULTVALUE ="" DESCRIPTION ="" NAME ="KPI_FROM_CLAS" PICTURETEXT ="" PORTTYPE ="INPUT/OUTPUT" PRECISION ="500" SCALE ="0"/>
            <TRANSFORMFIELD DATATYPE ="string" DEFAULTVALUE ="" DESCRIPTION ="" NAME ="KPI_GRPBYCOLLIINVC" PICTURETEXT ="" PORTTYPE ="INPUT/OUTPUT" PRECISION ="200" SCALE ="0"/>
            <TRANSFORMFIELD DATATYPE ="integer" DEFAULTVALUE ="" DESCRIPTION ="" NAME ="KPI_CALC_LVL" PICTURETEXT ="" PORTTYPE ="INPUT/OUTPUT" PRECISION ="10" SCALE ="0"/>
            <TRANSFORMFIELD DATATYPE ="small integer" DEFAULTVALUE ="" DESCRIPTION ="" NAME ="KPI_ACTV_IND" PICTURETEXT ="" PORTTYPE ="INPUT/OUTPUT" PRECISION ="5" SCALE ="0"/>
            <TRANSFORMFIELD DATATYPE ="small integer" DEFAULTVALUE ="" DESCRIPTION ="" NAME ="KPI_CALC_IND" PICTURETEXT ="" PORTTYPE ="INPUT/OUTPUT" PRECISION ="5" SCALE ="0"/>
            <TRANSFORMFIELD DATATYPE ="small integer" DEFAULTVALUE ="" DESCRIPTION ="" NAME ="KPI_PBLSH_IND" PICTURETEXT ="" PORTTYPE ="INPUT/OUTPUT" PRECISION ="5" SCALE ="0"/>
            <TRANSFORMFIELD DATATYPE ="small integer" DEFAULTVALUE ="" DESCRIPTION ="" NAME ="PRI_KPI_IND" PICTURETEXT ="" PORTTYPE ="INPUT/OUTPUT" PRECISION ="5" SCALE ="0"/>
            <TRANSFORMFIELD DATATYPE ="small integer" DEFAULTVALUE ="" DESCRIPTION ="" NAME ="KPI_INTRADAY_IND" PICTURETEXT ="" PORTTYPE ="INPUT/OUTPUT" PRECISION ="5" SCALE ="0"/>
            <TRANSFORMFIELD DATATYPE ="date/time" DEFAULTVALUE ="" DESCRIPTION ="" NAME ="EDW_CREATE_DTTM" PICTURETEXT ="" PORTTYPE ="INPUT/OUTPUT" PRECISION ="29" SCALE ="9"/>
            <TABLEATTRIBUTE NAME ="Sql Query" VALUE ="SELECT&#xD;&#xA;    SRC.CO_CD             ,&#xD;&#xA;    SRC.KPI_CLSIFCATION   ,&#xD;&#xA;    SRC.KPI_NM            ,&#xD;&#xA;    SRC.KPI_DESC          ,&#xD;&#xA;    SRC.KPI_XPRSN         ,&#xD;&#xA;    SRC.KPI_FLTR_COND     ,&#xD;&#xA;    SRC.KPI_FROM_CLAS     ,&#xD;&#xA;    SRC.KPI_GRPBYCOLLIINVC,&#xD;&#xA;    SRC.KPI_CALC_LVL      ,&#xD;&#xA;    SRC.KPI_ACTV_IND      ,&#xD;&#xA;    SRC.KPI_CALC_IND      ,&#xD;&#xA;    SRC.KPI_PBLSH_IND     ,&#xD;&#xA;    SRC.PRI_KPI_IND       ,&#xD;&#xA;    SRC.KPI_INTRADAY_IND  ,&#xD;&#xA;    TGT.EDW_CREATE_DTTM&#xD;&#xA;FROM&#xD;&#xA;    $ParamLandDB.LT_TB_KPI_LIST SRC&#xD;&#xA;&#x9;INNER JOIN $ParamCoreDB.TB_KPI_LIST TGT ON TGT.KPI_NM=SRC.KPI_NM AND TGT.CO_CD=SRC.CO_CD&#xD;&#xA;WHERE SRC.EDW_BATCH_ID=$$BATCH_ID AND SRC.EDW_BATCH_ID&lt;&gt;TGT.EDW_BATCH_ID"/>
            <TABLEATTRIBUTE NAME ="User Defined Join" VALUE =""/>
            <TABLEATTRIBUTE NAME ="Source Filter" VALUE =""/>
            <TABLEATTRIBUTE NAME ="Number Of Sorted Ports" VALUE ="0"/>
            <TABLEATTRIBUTE NAME ="Tracing Level" VALUE ="Normal"/>
            <TABLEATTRIBUTE NAME ="Select Distinct" VALUE ="NO"/>
            <TABLEATTRIBUTE NAME ="Is Partitionable" VALUE ="NO"/>
            <TABLEATTRIBUTE NAME ="Pre SQL" VALUE =""/>
            <TABLEATTRIBUTE NAME ="Post SQL" VALUE =""/>
            <TABLEATTRIBUTE NAME ="Output is deterministic" VALUE ="NO"/>
            <TABLEATTRIBUTE NAME ="Output is repeatable" VALUE ="Never"/>
        </TRANSFORMATION>
        <TRANSFORMATION DESCRIPTION ="" NAME ="EXP_UPDATE" OBJECTVERSION ="1" REUSABLE ="NO" TYPE ="Expression" VERSIONNUMBER ="1">
            <TRANSFORMFIELD DATATYPE ="integer" DEFAULTVALUE ="" DESCRIPTION ="" EXPRESSION ="CO_CD" EXPRESSIONTYPE ="GENERAL" NAME ="CO_CD" PICTURETEXT ="" PORTTYPE ="INPUT/OUTPUT" PRECISION ="10" SCALE ="0"/>
            <TRANSFORMFIELD DATATYPE ="string" DEFAULTVALUE ="" DESCRIPTION ="" EXPRESSION ="KPI_CLSIFCATION" EXPRESSIONTYPE ="GENERAL" NAME ="KPI_CLSIFCATION" PICTURETEXT ="" PORTTYPE ="INPUT/OUTPUT" PRECISION ="20" SCALE ="0"/>
            <TRANSFORMFIELD DATATYPE ="string" DEFAULTVALUE ="" DESCRIPTION ="" EXPRESSION ="KPI_NM" EXPRESSIONTYPE ="GENERAL" NAME ="KPI_NM" PICTURETEXT ="" PORTTYPE ="INPUT/OUTPUT" PRECISION ="50" SCALE ="0"/>
            <TRANSFORMFIELD DATATYPE ="string" DEFAULTVALUE ="" DESCRIPTION ="" EXPRESSION ="KPI_DESC" EXPRESSIONTYPE ="GENERAL" NAME ="KPI_DESC" PICTURETEXT ="" PORTTYPE ="INPUT/OUTPUT" PRECISION ="200" SCALE ="0"/>
            <TRANSFORMFIELD DATATYPE ="string" DEFAULTVALUE ="" DESCRIPTION ="" EXPRESSION ="KPI_XPRSN" EXPRESSIONTYPE ="GENERAL" NAME ="KPI_XPRSN" PICTURETEXT ="" PORTTYPE ="INPUT/OUTPUT" PRECISION ="500" SCALE ="0"/>
            <TRANSFORMFIELD DATATYPE ="string" DEFAULTVALUE ="" DESCRIPTION ="" EXPRESSION ="KPI_FLTR_COND" EXPRESSIONTYPE ="GENERAL" NAME ="KPI_FLTR_COND" PICTURETEXT ="" PORTTYPE ="INPUT/OUTPUT" PRECISION ="500" SCALE ="0"/>
            <TRANSFORMFIELD DATATYPE ="string" DEFAULTVALUE ="" DESCRIPTION ="" EXPRESSION ="KPI_FROM_CLAS" EXPRESSIONTYPE ="GENERAL" NAME ="KPI_FROM_CLAS" PICTURETEXT ="" PORTTYPE ="INPUT/OUTPUT" PRECISION ="500" SCALE ="0"/>
            <TRANSFORMFIELD DATATYPE ="string" DEFAULTVALUE ="" DESCRIPTION ="" EXPRESSION ="KPI_GRPBYCOLLIINVC" EXPRESSIONTYPE ="GENERAL" NAME ="KPI_GRPBYCOLLIINVC" PICTURETEXT ="" PORTTYPE ="INPUT/OUTPUT" PRECISION ="200" SCALE ="0"/>
            <TRANSFORMFIELD DATATYPE ="integer" DEFAULTVALUE ="" DESCRIPTION ="" EXPRESSION ="KPI_CALC_LVL" EXPRESSIONTYPE ="GENERAL" NAME ="KPI_CALC_LVL" PICTURETEXT ="" PORTTYPE ="INPUT/OUTPUT" PRECISION ="10" SCALE ="0"/>
            <TRANSFORMFIELD DATATYPE ="small integer" DEFAULTVALUE ="" DESCRIPTION ="" EXPRESSION ="KPI_ACTV_IND" EXPRESSIONTYPE ="GENERAL" NAME ="KPI_ACTV_IND" PICTURETEXT ="" PORTTYPE ="INPUT/OUTPUT" PRECISION ="5" SCALE ="0"/>
            <TRANSFORMFIELD DATATYPE ="small integer" DEFAULTVALUE ="" DESCRIPTION ="" EXPRESSION ="KPI_CALC_IND" EXPRESSIONTYPE ="GENERAL" NAME ="KPI_CALC_IND" PICTURETEXT ="" PORTTYPE ="INPUT/OUTPUT" PRECISION ="5" SCALE ="0"/>
            <TRANSFORMFIELD DATATYPE ="small integer" DEFAULTVALUE ="" DESCRIPTION ="" EXPRESSION ="KPI_PBLSH_IND" EXPRESSIONTYPE ="GENERAL" NAME ="KPI_PBLSH_IND" PICTURETEXT ="" PORTTYPE ="INPUT/OUTPUT" PRECISION ="5" SCALE ="0"/>
            <TRANSFORMFIELD DATATYPE ="small integer" DEFAULTVALUE ="" DESCRIPTION ="" EXPRESSION ="PRI_KPI_IND" EXPRESSIONTYPE ="GENERAL" NAME ="PRI_KPI_IND" PICTURETEXT ="" PORTTYPE ="INPUT/OUTPUT" PRECISION ="5" SCALE ="0"/>
            <TRANSFORMFIELD DATATYPE ="small integer" DEFAULTVALUE ="" DESCRIPTION ="" EXPRESSION ="KPI_INTRADAY_IND" EXPRESSIONTYPE ="GENERAL" NAME ="KPI_INTRADAY_IND" PICTURETEXT ="" PORTTYPE ="INPUT/OUTPUT" PRECISION ="5" SCALE ="0"/>
            <TRANSFORMFIELD DATATYPE ="integer" DEFAULTVALUE ="ERROR(&apos;transformation error&apos;)" DESCRIPTION ="" EXPRESSION ="$$BATCH_ID" EXPRESSIONTYPE ="GENERAL" NAME ="EDW_BATCH_ID" PICTURETEXT ="" PORTTYPE ="OUTPUT" PRECISION ="10" SCALE ="0"/>
            <TRANSFORMFIELD DATATYPE ="date/time" DEFAULTVALUE ="" DESCRIPTION ="" EXPRESSION ="EDW_CREATE_DTTM" EXPRESSIONTYPE ="GENERAL" NAME ="EDW_CREATE_DTTM" PICTURETEXT ="" PORTTYPE ="INPUT/OUTPUT" PRECISION ="29" SCALE ="9"/>
            <TRANSFORMFIELD DATATYPE ="date/time" DEFAULTVALUE ="ERROR(&apos;transformation error&apos;)" DESCRIPTION ="" EXPRESSION ="SESSSTARTTIME" EXPRESSIONTYPE ="GENERAL" NAME ="EDW_UPDATE_DTTM" PICTURETEXT ="" PORTTYPE ="OUTPUT" PRECISION ="29" SCALE ="9"/>
            <TABLEATTRIBUTE NAME ="Tracing Level" VALUE ="Normal"/>
        </TRANSFORMATION>
        <INSTANCE DESCRIPTION ="" NAME ="Shortcut_to_TB_KPI_LIST" TRANSFORMATION_NAME ="Shortcut_to_TB_KPI_LIST" TRANSFORMATION_TYPE ="Target Definition" TYPE ="TARGET"/>
        <INSTANCE DBDNAME ="TB_CORE" DESCRIPTION ="" NAME ="Shortcut_to_TB_KPI_LIST" TRANSFORMATION_NAME ="Shortcut_to_TB_KPI_LIST" TRANSFORMATION_TYPE ="Source Definition" TYPE ="SOURCE"/>
        <INSTANCE DBDNAME ="TB_LAND" DESCRIPTION ="" NAME ="Shortcut_to_LT_TB_KPI_LIST" TRANSFORMATION_NAME ="Shortcut_to_LT_TB_KPI_LIST" TRANSFORMATION_TYPE ="Source Definition" TYPE ="SOURCE"/>
        <INSTANCE DESCRIPTION ="" NAME ="SQ_TB_KPI_LIST_INSERT" REUSABLE ="NO" TRANSFORMATION_NAME ="SQ_TB_KPI_LIST_INSERT" TRANSFORMATION_TYPE ="Source Qualifier" TYPE ="TRANSFORMATION">
            <ASSOCIATED_SOURCE_INSTANCE NAME ="Shortcut_to_LT_TB_KPI_LIST"/>
            <ASSOCIATED_SOURCE_INSTANCE NAME ="Shortcut_to_TB_KPI_LIST"/>
        </INSTANCE>
        <INSTANCE DESCRIPTION ="" NAME ="UN_INSERT_UPDATE" REUSABLE ="NO" TRANSFORMATION_NAME ="UN_INSERT_UPDATE" TRANSFORMATION_TYPE ="Custom Transformation" TYPE ="TRANSFORMATION"/>
        <INSTANCE DESCRIPTION ="" NAME ="EXP_INSERT" REUSABLE ="NO" TRANSFORMATION_NAME ="EXP_INSERT" TRANSFORMATION_TYPE ="Expression" TYPE ="TRANSFORMATION"/>
        <INSTANCE DESCRIPTION ="" NAME ="SQ_TB_KPI_LIST_UPDATE" REUSABLE ="NO" TRANSFORMATION_NAME ="SQ_TB_KPI_LIST_UPDATE" TRANSFORMATION_TYPE ="Source Qualifier" TYPE ="TRANSFORMATION">
            <ASSOCIATED_SOURCE_INSTANCE NAME ="Shortcut_to_LT_TB_KPI_LIST"/>
            <ASSOCIATED_SOURCE_INSTANCE NAME ="Shortcut_to_TB_KPI_LIST"/>
        </INSTANCE>
        <INSTANCE DESCRIPTION ="" NAME ="EXP_UPDATE" REUSABLE ="NO" TRANSFORMATION_NAME ="EXP_UPDATE" TRANSFORMATION_TYPE ="Expression" TYPE ="TRANSFORMATION"/>
        <CONNECTOR FROMFIELD ="CO_CD" FROMINSTANCE ="UN_INSERT_UPDATE" FROMINSTANCETYPE ="Custom Transformation" TOFIELD ="CO_CD" TOINSTANCE ="Shortcut_to_TB_KPI_LIST" TOINSTANCETYPE ="Target Definition"/>
        <CONNECTOR FROMFIELD ="KPI_CLSIFCATION" FROMINSTANCE ="UN_INSERT_UPDATE" FROMINSTANCETYPE ="Custom Transformation" TOFIELD ="KPI_CLSIFCATION" TOINSTANCE ="Shortcut_to_TB_KPI_LIST" TOINSTANCETYPE ="Target Definition"/>
        <CONNECTOR FROMFIELD ="KPI_NM" FROMINSTANCE ="UN_INSERT_UPDATE" FROMINSTANCETYPE ="Custom Transformation" TOFIELD ="KPI_NM" TOINSTANCE ="Shortcut_to_TB_KPI_LIST" TOINSTANCETYPE ="Target Definition"/>
        <CONNECTOR FROMFIELD ="KPI_DESC" FROMINSTANCE ="UN_INSERT_UPDATE" FROMINSTANCETYPE ="Custom Transformation" TOFIELD ="KPI_DESC" TOINSTANCE ="Shortcut_to_TB_KPI_LIST" TOINSTANCETYPE ="Target Definition"/>
        <CONNECTOR FROMFIELD ="KPI_XPRSN" FROMINSTANCE ="UN_INSERT_UPDATE" FROMINSTANCETYPE ="Custom Transformation" TOFIELD ="KPI_XPRSN" TOINSTANCE ="Shortcut_to_TB_KPI_LIST" TOINSTANCETYPE ="Target Definition"/>
        <CONNECTOR FROMFIELD ="KPI_FLTR_COND" FROMINSTANCE ="UN_INSERT_UPDATE" FROMINSTANCETYPE ="Custom Transformation" TOFIELD ="KPI_FLTR_COND" TOINSTANCE ="Shortcut_to_TB_KPI_LIST" TOINSTANCETYPE ="Target Definition"/>
        <CONNECTOR FROMFIELD ="KPI_FROM_CLAS" FROMINSTANCE ="UN_INSERT_UPDATE" FROMINSTANCETYPE ="Custom Transformation" TOFIELD ="KPI_FROM_CLAS" TOINSTANCE ="Shortcut_to_TB_KPI_LIST" TOINSTANCETYPE ="Target Definition"/>
        <CONNECTOR FROMFIELD ="KPI_GRPBYCOLLIINVC" FROMINSTANCE ="UN_INSERT_UPDATE" FROMINSTANCETYPE ="Custom Transformation" TOFIELD ="KPI_GRPBYCOLLIINVC" TOINSTANCE ="Shortcut_to_TB_KPI_LIST" TOINSTANCETYPE ="Target Definition"/>
        <CONNECTOR FROMFIELD ="KPI_CALC_LVL" FROMINSTANCE ="UN_INSERT_UPDATE" FROMINSTANCETYPE ="Custom Transformation" TOFIELD ="KPI_CALC_LVL" TOINSTANCE ="Shortcut_to_TB_KPI_LIST" TOINSTANCETYPE ="Target Definition"/>
        <CONNECTOR FROMFIELD ="KPI_ACTV_IND" FROMINSTANCE ="UN_INSERT_UPDATE" FROMINSTANCETYPE ="Custom Transformation" TOFIELD ="KPI_ACTV_IND" TOINSTANCE ="Shortcut_to_TB_KPI_LIST" TOINSTANCETYPE ="Target Definition"/>
        <CONNECTOR FROMFIELD ="KPI_CALC_IND" FROMINSTANCE ="UN_INSERT_UPDATE" FROMINSTANCETYPE ="Custom Transformation" TOFIELD ="KPI_CALC_IND" TOINSTANCE ="Shortcut_to_TB_KPI_LIST" TOINSTANCETYPE ="Target Definition"/>
        <CONNECTOR FROMFIELD ="KPI_PBLSH_IND" FROMINSTANCE ="UN_INSERT_UPDATE" FROMINSTANCETYPE ="Custom Transformation" TOFIELD ="KPI_PBLSH_IND" TOINSTANCE ="Shortcut_to_TB_KPI_LIST" TOINSTANCETYPE ="Target Definition"/>
        <CONNECTOR FROMFIELD ="PRI_KPI_IND" FROMINSTANCE ="UN_INSERT_UPDATE" FROMINSTANCETYPE ="Custom Transformation" TOFIELD ="PRI_KPI_IND" TOINSTANCE ="Shortcut_to_TB_KPI_LIST" TOINSTANCETYPE ="Target Definition"/>
        <CONNECTOR FROMFIELD ="KPI_INTRADAY_IND" FROMINSTANCE ="UN_INSERT_UPDATE" FROMINSTANCETYPE ="Custom Transformation" TOFIELD ="KPI_INTRADAY_IND" TOINSTANCE ="Shortcut_to_TB_KPI_LIST" TOINSTANCETYPE ="Target Definition"/>
        <CONNECTOR FROMFIELD ="EDW_BATCH_ID" FROMINSTANCE ="UN_INSERT_UPDATE" FROMINSTANCETYPE ="Custom Transformation" TOFIELD ="EDW_BATCH_ID" TOINSTANCE ="Shortcut_to_TB_KPI_LIST" TOINSTANCETYPE ="Target Definition"/>
        <CONNECTOR FROMFIELD ="EDW_CREATE_DTTM" FROMINSTANCE ="UN_INSERT_UPDATE" FROMINSTANCETYPE ="Custom Transformation" TOFIELD ="EDW_CREATE_DTTM" TOINSTANCE ="Shortcut_to_TB_KPI_LIST" TOINSTANCETYPE ="Target Definition"/>
        <CONNECTOR FROMFIELD ="EDW_UPDATE_DTTM" FROMINSTANCE ="UN_INSERT_UPDATE" FROMINSTANCETYPE ="Custom Transformation" TOFIELD ="EDW_UPDATE_DTTM" TOINSTANCE ="Shortcut_to_TB_KPI_LIST" TOINSTANCETYPE ="Target Definition"/>
        <CONNECTOR FROMFIELD ="EDW_CREATE_DTTM" FROMINSTANCE ="Shortcut_to_TB_KPI_LIST" FROMINSTANCETYPE ="Source Definition" TOFIELD ="EDW_CREATE_DTTM" TOINSTANCE ="SQ_TB_KPI_LIST_UPDATE" TOINSTANCETYPE ="Source Qualifier"/>
        <CONNECTOR FROMFIELD ="CO_CD" FROMINSTANCE ="Shortcut_to_LT_TB_KPI_LIST" FROMINSTANCETYPE ="Source Definition" TOFIELD ="CO_CD" TOINSTANCE ="SQ_TB_KPI_LIST_INSERT" TOINSTANCETYPE ="Source Qualifier"/>
        <CONNECTOR FROMFIELD ="KPI_CLSIFCATION" FROMINSTANCE ="Shortcut_to_LT_TB_KPI_LIST" FROMINSTANCETYPE ="Source Definition" TOFIELD ="KPI_CLSIFCATION" TOINSTANCE ="SQ_TB_KPI_LIST_INSERT" TOINSTANCETYPE ="Source Qualifier"/>
        <CONNECTOR FROMFIELD ="KPI_NM" FROMINSTANCE ="Shortcut_to_LT_TB_KPI_LIST" FROMINSTANCETYPE ="Source Definition" TOFIELD ="KPI_NM" TOINSTANCE ="SQ_TB_KPI_LIST_INSERT" TOINSTANCETYPE ="Source Qualifier"/>
        <CONNECTOR FROMFIELD ="KPI_DESC" FROMINSTANCE ="Shortcut_to_LT_TB_KPI_LIST" FROMINSTANCETYPE ="Source Definition" TOFIELD ="KPI_DESC" TOINSTANCE ="SQ_TB_KPI_LIST_INSERT" TOINSTANCETYPE ="Source Qualifier"/>
        <CONNECTOR FROMFIELD ="KPI_XPRSN" FROMINSTANCE ="Shortcut_to_LT_TB_KPI_LIST" FROMINSTANCETYPE ="Source Definition" TOFIELD ="KPI_XPRSN" TOINSTANCE ="SQ_TB_KPI_LIST_INSERT" TOINSTANCETYPE ="Source Qualifier"/>
        <CONNECTOR FROMFIELD ="KPI_FLTR_COND" FROMINSTANCE ="Shortcut_to_LT_TB_KPI_LIST" FROMINSTANCETYPE ="Source Definition" TOFIELD ="KPI_FLTR_COND" TOINSTANCE ="SQ_TB_KPI_LIST_INSERT" TOINSTANCETYPE ="Source Qualifier"/>
        <CONNECTOR FROMFIELD ="KPI_FROM_CLAS" FROMINSTANCE ="Shortcut_to_LT_TB_KPI_LIST" FROMINSTANCETYPE ="Source Definition" TOFIELD ="KPI_FROM_CLAS" TOINSTANCE ="SQ_TB_KPI_LIST_INSERT" TOINSTANCETYPE ="Source Qualifier"/>
        <CONNECTOR FROMFIELD ="KPI_GRPBYCOLLIINVC" FROMINSTANCE ="Shortcut_to_LT_TB_KPI_LIST" FROMINSTANCETYPE ="Source Definition" TOFIELD ="KPI_GRPBYCOLLIINVC" TOINSTANCE ="SQ_TB_KPI_LIST_INSERT" TOINSTANCETYPE ="Source Qualifier"/>
        <CONNECTOR FROMFIELD ="KPI_CALC_LVL" FROMINSTANCE ="Shortcut_to_LT_TB_KPI_LIST" FROMINSTANCETYPE ="Source Definition" TOFIELD ="KPI_CALC_LVL" TOINSTANCE ="SQ_TB_KPI_LIST_INSERT" TOINSTANCETYPE ="Source Qualifier"/>
        <CONNECTOR FROMFIELD ="KPI_ACTV_IND" FROMINSTANCE ="Shortcut_to_LT_TB_KPI_LIST" FROMINSTANCETYPE ="Source Definition" TOFIELD ="KPI_ACTV_IND" TOINSTANCE ="SQ_TB_KPI_LIST_INSERT" TOINSTANCETYPE ="Source Qualifier"/>
        <CONNECTOR FROMFIELD ="KPI_CALC_IND" FROMINSTANCE ="Shortcut_to_LT_TB_KPI_LIST" FROMINSTANCETYPE ="Source Definition" TOFIELD ="KPI_CALC_IND" TOINSTANCE ="SQ_TB_KPI_LIST_INSERT" TOINSTANCETYPE ="Source Qualifier"/>
        <CONNECTOR FROMFIELD ="KPI_PBLSH_IND" FROMINSTANCE ="Shortcut_to_LT_TB_KPI_LIST" FROMINSTANCETYPE ="Source Definition" TOFIELD ="KPI_PBLSH_IND" TOINSTANCE ="SQ_TB_KPI_LIST_INSERT" TOINSTANCETYPE ="Source Qualifier"/>
        <CONNECTOR FROMFIELD ="PRI_KPI_IND" FROMINSTANCE ="Shortcut_to_LT_TB_KPI_LIST" FROMINSTANCETYPE ="Source Definition" TOFIELD ="PRI_KPI_IND" TOINSTANCE ="SQ_TB_KPI_LIST_INSERT" TOINSTANCETYPE ="Source Qualifier"/>
        <CONNECTOR FROMFIELD ="KPI_INTRADAY_IND" FROMINSTANCE ="Shortcut_to_LT_TB_KPI_LIST" FROMINSTANCETYPE ="Source Definition" TOFIELD ="KPI_INTRADAY_IND" TOINSTANCE ="SQ_TB_KPI_LIST_INSERT" TOINSTANCETYPE ="Source Qualifier"/>
        <CONNECTOR FROMFIELD ="CO_CD" FROMINSTANCE ="Shortcut_to_LT_TB_KPI_LIST" FROMINSTANCETYPE ="Source Definition" TOFIELD ="CO_CD" TOINSTANCE ="SQ_TB_KPI_LIST_UPDATE" TOINSTANCETYPE ="Source Qualifier"/>
        <CONNECTOR FROMFIELD ="KPI_CLSIFCATION" FROMINSTANCE ="Shortcut_to_LT_TB_KPI_LIST" FROMINSTANCETYPE ="Source Definition" TOFIELD ="KPI_CLSIFCATION" TOINSTANCE ="SQ_TB_KPI_LIST_UPDATE" TOINSTANCETYPE ="Source Qualifier"/>
        <CONNECTOR FROMFIELD ="KPI_NM" FROMINSTANCE ="Shortcut_to_LT_TB_KPI_LIST" FROMINSTANCETYPE ="Source Definition" TOFIELD ="KPI_NM" TOINSTANCE ="SQ_TB_KPI_LIST_UPDATE" TOINSTANCETYPE ="Source Qualifier"/>
        <CONNECTOR FROMFIELD ="KPI_DESC" FROMINSTANCE ="Shortcut_to_LT_TB_KPI_LIST" FROMINSTANCETYPE ="Source Definition" TOFIELD ="KPI_DESC" TOINSTANCE ="SQ_TB_KPI_LIST_UPDATE" TOINSTANCETYPE ="Source Qualifier"/>
        <CONNECTOR FROMFIELD ="KPI_XPRSN" FROMINSTANCE ="Shortcut_to_LT_TB_KPI_LIST" FROMINSTANCETYPE ="Source Definition" TOFIELD ="KPI_XPRSN" TOINSTANCE ="SQ_TB_KPI_LIST_UPDATE" TOINSTANCETYPE ="Source Qualifier"/>
        <CONNECTOR FROMFIELD ="KPI_FLTR_COND" FROMINSTANCE ="Shortcut_to_LT_TB_KPI_LIST" FROMINSTANCETYPE ="Source Definition" TOFIELD ="KPI_FLTR_COND" TOINSTANCE ="SQ_TB_KPI_LIST_UPDATE" TOINSTANCETYPE ="Source Qualifier"/>
        <CONNECTOR FROMFIELD ="KPI_FROM_CLAS" FROMINSTANCE ="Shortcut_to_LT_TB_KPI_LIST" FROMINSTANCETYPE ="Source Definition" TOFIELD ="KPI_FROM_CLAS" TOINSTANCE ="SQ_TB_KPI_LIST_UPDATE" TOINSTANCETYPE ="Source Qualifier"/>
        <CONNECTOR FROMFIELD ="KPI_GRPBYCOLLIINVC" FROMINSTANCE ="Shortcut_to_LT_TB_KPI_LIST" FROMINSTANCETYPE ="Source Definition" TOFIELD ="KPI_GRPBYCOLLIINVC" TOINSTANCE ="SQ_TB_KPI_LIST_UPDATE" TOINSTANCETYPE ="Source Qualifier"/>
        <CONNECTOR FROMFIELD ="KPI_CALC_LVL" FROMINSTANCE ="Shortcut_to_LT_TB_KPI_LIST" FROMINSTANCETYPE ="Source Definition" TOFIELD ="KPI_CALC_LVL" TOINSTANCE ="SQ_TB_KPI_LIST_UPDATE" TOINSTANCETYPE ="Source Qualifier"/>
        <CONNECTOR FROMFIELD ="KPI_ACTV_IND" FROMINSTANCE ="Shortcut_to_LT_TB_KPI_LIST" FROMINSTANCETYPE ="Source Definition" TOFIELD ="KPI_ACTV_IND" TOINSTANCE ="SQ_TB_KPI_LIST_UPDATE" TOINSTANCETYPE ="Source Qualifier"/>
        <CONNECTOR FROMFIELD ="KPI_CALC_IND" FROMINSTANCE ="Shortcut_to_LT_TB_KPI_LIST" FROMINSTANCETYPE ="Source Definition" TOFIELD ="KPI_CALC_IND" TOINSTANCE ="SQ_TB_KPI_LIST_UPDATE" TOINSTANCETYPE ="Source Qualifier"/>
        <CONNECTOR FROMFIELD ="KPI_PBLSH_IND" FROMINSTANCE ="Shortcut_to_LT_TB_KPI_LIST" FROMINSTANCETYPE ="Source Definition" TOFIELD ="KPI_PBLSH_IND" TOINSTANCE ="SQ_TB_KPI_LIST_UPDATE" TOINSTANCETYPE ="Source Qualifier"/>
        <CONNECTOR FROMFIELD ="PRI_KPI_IND" FROMINSTANCE ="Shortcut_to_LT_TB_KPI_LIST" FROMINSTANCETYPE ="Source Definition" TOFIELD ="PRI_KPI_IND" TOINSTANCE ="SQ_TB_KPI_LIST_UPDATE" TOINSTANCETYPE ="Source Qualifier"/>
        <CONNECTOR FROMFIELD ="KPI_INTRADAY_IND" FROMINSTANCE ="Shortcut_to_LT_TB_KPI_LIST" FROMINSTANCETYPE ="Source Definition" TOFIELD ="KPI_INTRADAY_IND" TOINSTANCE ="SQ_TB_KPI_LIST_UPDATE" TOINSTANCETYPE ="Source Qualifier"/>
        <CONNECTOR FROMFIELD ="CO_CD" FROMINSTANCE ="SQ_TB_KPI_LIST_INSERT" FROMINSTANCETYPE ="Source Qualifier" TOFIELD ="CO_CD" TOINSTANCE ="EXP_INSERT" TOINSTANCETYPE ="Expression"/>
        <CONNECTOR FROMFIELD ="KPI_CLSIFCATION" FROMINSTANCE ="SQ_TB_KPI_LIST_INSERT" FROMINSTANCETYPE ="Source Qualifier" TOFIELD ="KPI_CLSIFCATION" TOINSTANCE ="EXP_INSERT" TOINSTANCETYPE ="Expression"/>
        <CONNECTOR FROMFIELD ="KPI_NM" FROMINSTANCE ="SQ_TB_KPI_LIST_INSERT" FROMINSTANCETYPE ="Source Qualifier" TOFIELD ="KPI_NM" TOINSTANCE ="EXP_INSERT" TOINSTANCETYPE ="Expression"/>
        <CONNECTOR FROMFIELD ="KPI_DESC" FROMINSTANCE ="SQ_TB_KPI_LIST_INSERT" FROMINSTANCETYPE ="Source Qualifier" TOFIELD ="KPI_DESC" TOINSTANCE ="EXP_INSERT" TOINSTANCETYPE ="Expression"/>
        <CONNECTOR FROMFIELD ="KPI_XPRSN" FROMINSTANCE ="SQ_TB_KPI_LIST_INSERT" FROMINSTANCETYPE ="Source Qualifier" TOFIELD ="KPI_XPRSN" TOINSTANCE ="EXP_INSERT" TOINSTANCETYPE ="Expression"/>
        <CONNECTOR FROMFIELD ="KPI_FLTR_COND" FROMINSTANCE ="SQ_TB_KPI_LIST_INSERT" FROMINSTANCETYPE ="Source Qualifier" TOFIELD ="KPI_FLTR_COND" TOINSTANCE ="EXP_INSERT" TOINSTANCETYPE ="Expression"/>
        <CONNECTOR FROMFIELD ="KPI_FROM_CLAS" FROMINSTANCE ="SQ_TB_KPI_LIST_INSERT" FROMINSTANCETYPE ="Source Qualifier" TOFIELD ="KPI_FROM_CLAS" TOINSTANCE ="EXP_INSERT" TOINSTANCETYPE ="Expression"/>
        <CONNECTOR FROMFIELD ="KPI_GRPBYCOLLIINVC" FROMINSTANCE ="SQ_TB_KPI_LIST_INSERT" FROMINSTANCETYPE ="Source Qualifier" TOFIELD ="KPI_GRPBYCOLLIINVC" TOINSTANCE ="EXP_INSERT" TOINSTANCETYPE ="Expression"/>
        <CONNECTOR FROMFIELD ="KPI_CALC_LVL" FROMINSTANCE ="SQ_TB_KPI_LIST_INSERT" FROMINSTANCETYPE ="Source Qualifier" TOFIELD ="KPI_CALC_LVL" TOINSTANCE ="EXP_INSERT" TOINSTANCETYPE ="Expression"/>
        <CONNECTOR FROMFIELD ="KPI_ACTV_IND" FROMINSTANCE ="SQ_TB_KPI_LIST_INSERT" FROMINSTANCETYPE ="Source Qualifier" TOFIELD ="KPI_ACTV_IND" TOINSTANCE ="EXP_INSERT" TOINSTANCETYPE ="Expression"/>
        <CONNECTOR FROMFIELD ="KPI_CALC_IND" FROMINSTANCE ="SQ_TB_KPI_LIST_INSERT" FROMINSTANCETYPE ="Source Qualifier" TOFIELD ="KPI_CALC_IND" TOINSTANCE ="EXP_INSERT" TOINSTANCETYPE ="Expression"/>
        <CONNECTOR FROMFIELD ="KPI_PBLSH_IND" FROMINSTANCE ="SQ_TB_KPI_LIST_INSERT" FROMINSTANCETYPE ="Source Qualifier" TOFIELD ="KPI_PBLSH_IND" TOINSTANCE ="EXP_INSERT" TOINSTANCETYPE ="Expression"/>
        <CONNECTOR FROMFIELD ="PRI_KPI_IND" FROMINSTANCE ="SQ_TB_KPI_LIST_INSERT" FROMINSTANCETYPE ="Source Qualifier" TOFIELD ="PRI_KPI_IND" TOINSTANCE ="EXP_INSERT" TOINSTANCETYPE ="Expression"/>
        <CONNECTOR FROMFIELD ="KPI_INTRADAY_IND" FROMINSTANCE ="SQ_TB_KPI_LIST_INSERT" FROMINSTANCETYPE ="Source Qualifier" TOFIELD ="KPI_INTRADAY_IND" TOINSTANCE ="EXP_INSERT" TOINSTANCETYPE ="Expression"/>
        <CONNECTOR FROMFIELD ="PRI_KPI_IND" FROMINSTANCE ="EXP_UPDATE" FROMINSTANCETYPE ="Expression" TOFIELD ="PRI_KPI_IND2" TOINSTANCE ="UN_INSERT_UPDATE" TOINSTANCETYPE ="Custom Transformation"/>
        <CONNECTOR FROMFIELD ="KPI_INTRADAY_IND" FROMINSTANCE ="EXP_UPDATE" FROMINSTANCETYPE ="Expression" TOFIELD ="KPI_INTRADAY_IND2" TOINSTANCE ="UN_INSERT_UPDATE" TOINSTANCETYPE ="Custom Transformation"/>
        <CONNECTOR FROMFIELD ="EDW_BATCH_ID" FROMINSTANCE ="EXP_UPDATE" FROMINSTANCETYPE ="Expression" TOFIELD ="EDW_BATCH_ID2" TOINSTANCE ="UN_INSERT_UPDATE" TOINSTANCETYPE ="Custom Transformation"/>
        <CONNECTOR FROMFIELD ="EDW_CREATE_DTTM" FROMINSTANCE ="EXP_UPDATE" FROMINSTANCETYPE ="Expression" TOFIELD ="EDW_CREATE_DTTM2" TOINSTANCE ="UN_INSERT_UPDATE" TOINSTANCETYPE ="Custom Transformation"/>
        <CONNECTOR FROMFIELD ="EDW_UPDATE_DTTM" FROMINSTANCE ="EXP_UPDATE" FROMINSTANCETYPE ="Expression" TOFIELD ="EDW_UPDATE_DTTM2" TOINSTANCE ="UN_INSERT_UPDATE" TOINSTANCETYPE ="Custom Transformation"/>
        <CONNECTOR FROMFIELD ="CO_CD" FROMINSTANCE ="EXP_INSERT" FROMINSTANCETYPE ="Expression" TOFIELD ="CO_CD1" TOINSTANCE ="UN_INSERT_UPDATE" TOINSTANCETYPE ="Custom Transformation"/>
        <CONNECTOR FROMFIELD ="KPI_CLSIFCATION" FROMINSTANCE ="EXP_INSERT" FROMINSTANCETYPE ="Expression" TOFIELD ="KPI_CLSIFCATION1" TOINSTANCE ="UN_INSERT_UPDATE" TOINSTANCETYPE ="Custom Transformation"/>
        <CONNECTOR FROMFIELD ="KPI_NM" FROMINSTANCE ="EXP_INSERT" FROMINSTANCETYPE ="Expression" TOFIELD ="KPI_NM1" TOINSTANCE ="UN_INSERT_UPDATE" TOINSTANCETYPE ="Custom Transformation"/>
        <CONNECTOR FROMFIELD ="KPI_DESC" FROMINSTANCE ="EXP_INSERT" FROMINSTANCETYPE ="Expression" TOFIELD ="KPI_DESC1" TOINSTANCE ="UN_INSERT_UPDATE" TOINSTANCETYPE ="Custom Transformation"/>
        <CONNECTOR FROMFIELD ="KPI_XPRSN" FROMINSTANCE ="EXP_INSERT" FROMINSTANCETYPE ="Expression" TOFIELD ="KPI_XPRSN1" TOINSTANCE ="UN_INSERT_UPDATE" TOINSTANCETYPE ="Custom Transformation"/>
        <CONNECTOR FROMFIELD ="KPI_FLTR_COND" FROMINSTANCE ="EXP_INSERT" FROMINSTANCETYPE ="Expression" TOFIELD ="KPI_FLTR_COND1" TOINSTANCE ="UN_INSERT_UPDATE" TOINSTANCETYPE ="Custom Transformation"/>
        <CONNECTOR FROMFIELD ="KPI_FROM_CLAS" FROMINSTANCE ="EXP_INSERT" FROMINSTANCETYPE ="Expression" TOFIELD ="KPI_FROM_CLAS1" TOINSTANCE ="UN_INSERT_UPDATE" TOINSTANCETYPE ="Custom Transformation"/>
        <CONNECTOR FROMFIELD ="KPI_GRPBYCOLLIINVC" FROMINSTANCE ="EXP_INSERT" FROMINSTANCETYPE ="Expression" TOFIELD ="KPI_GRPBYCOLLIINVC1" TOINSTANCE ="UN_INSERT_UPDATE" TOINSTANCETYPE ="Custom Transformation"/>
        <CONNECTOR FROMFIELD ="KPI_CALC_LVL" FROMINSTANCE ="EXP_INSERT" FROMINSTANCETYPE ="Expression" TOFIELD ="KPI_CALC_LVL1" TOINSTANCE ="UN_INSERT_UPDATE" TOINSTANCETYPE ="Custom Transformation"/>
        <CONNECTOR FROMFIELD ="KPI_ACTV_IND" FROMINSTANCE ="EXP_INSERT" FROMINSTANCETYPE ="Expression" TOFIELD ="KPI_ACTV_IND1" TOINSTANCE ="UN_INSERT_UPDATE" TOINSTANCETYPE ="Custom Transformation"/>
        <CONNECTOR FROMFIELD ="KPI_CALC_IND" FROMINSTANCE ="EXP_INSERT" FROMINSTANCETYPE ="Expression" TOFIELD ="KPI_CALC_IND1" TOINSTANCE ="UN_INSERT_UPDATE" TOINSTANCETYPE ="Custom Transformation"/>
        <CONNECTOR FROMFIELD ="KPI_PBLSH_IND" FROMINSTANCE ="EXP_INSERT" FROMINSTANCETYPE ="Expression" TOFIELD ="KPI_PBLSH_IND1" TOINSTANCE ="UN_INSERT_UPDATE" TOINSTANCETYPE ="Custom Transformation"/>
        <CONNECTOR FROMFIELD ="PRI_KPI_IND" FROMINSTANCE ="EXP_INSERT" FROMINSTANCETYPE ="Expression" TOFIELD ="PRI_KPI_IND1" TOINSTANCE ="UN_INSERT_UPDATE" TOINSTANCETYPE ="Custom Transformation"/>
        <CONNECTOR FROMFIELD ="KPI_INTRADAY_IND" FROMINSTANCE ="EXP_INSERT" FROMINSTANCETYPE ="Expression" TOFIELD ="KPI_INTRADAY_IND1" TOINSTANCE ="UN_INSERT_UPDATE" TOINSTANCETYPE ="Custom Transformation"/>
        <CONNECTOR FROMFIELD ="EDW_BATCH_ID" FROMINSTANCE ="EXP_INSERT" FROMINSTANCETYPE ="Expression" TOFIELD ="EDW_BATCH_ID1" TOINSTANCE ="UN_INSERT_UPDATE" TOINSTANCETYPE ="Custom Transformation"/>
        <CONNECTOR FROMFIELD ="EDW_CREATE_DTTM" FROMINSTANCE ="EXP_INSERT" FROMINSTANCETYPE ="Expression" TOFIELD ="EDW_CREATE_DTTM1" TOINSTANCE ="UN_INSERT_UPDATE" TOINSTANCETYPE ="Custom Transformation"/>
        <CONNECTOR FROMFIELD ="EDW_UPDATE_DTTM" FROMINSTANCE ="EXP_INSERT" FROMINSTANCETYPE ="Expression" TOFIELD ="EDW_UPDATE_DTTM1" TOINSTANCE ="UN_INSERT_UPDATE" TOINSTANCETYPE ="Custom Transformation"/>
        <CONNECTOR FROMFIELD ="CO_CD" FROMINSTANCE ="EXP_UPDATE" FROMINSTANCETYPE ="Expression" TOFIELD ="CO_CD2" TOINSTANCE ="UN_INSERT_UPDATE" TOINSTANCETYPE ="Custom Transformation"/>
        <CONNECTOR FROMFIELD ="KPI_CLSIFCATION" FROMINSTANCE ="EXP_UPDATE" FROMINSTANCETYPE ="Expression" TOFIELD ="KPI_CLSIFCATION2" TOINSTANCE ="UN_INSERT_UPDATE" TOINSTANCETYPE ="Custom Transformation"/>
        <CONNECTOR FROMFIELD ="KPI_NM" FROMINSTANCE ="EXP_UPDATE" FROMINSTANCETYPE ="Expression" TOFIELD ="KPI_NM2" TOINSTANCE ="UN_INSERT_UPDATE" TOINSTANCETYPE ="Custom Transformation"/>
        <CONNECTOR FROMFIELD ="KPI_DESC" FROMINSTANCE ="EXP_UPDATE" FROMINSTANCETYPE ="Expression" TOFIELD ="KPI_DESC2" TOINSTANCE ="UN_INSERT_UPDATE" TOINSTANCETYPE ="Custom Transformation"/>
        <CONNECTOR FROMFIELD ="KPI_XPRSN" FROMINSTANCE ="EXP_UPDATE" FROMINSTANCETYPE ="Expression" TOFIELD ="KPI_XPRSN2" TOINSTANCE ="UN_INSERT_UPDATE" TOINSTANCETYPE ="Custom Transformation"/>
        <CONNECTOR FROMFIELD ="KPI_FLTR_COND" FROMINSTANCE ="EXP_UPDATE" FROMINSTANCETYPE ="Expression" TOFIELD ="KPI_FLTR_COND2" TOINSTANCE ="UN_INSERT_UPDATE" TOINSTANCETYPE ="Custom Transformation"/>
        <CONNECTOR FROMFIELD ="KPI_FROM_CLAS" FROMINSTANCE ="EXP_UPDATE" FROMINSTANCETYPE ="Expression" TOFIELD ="KPI_FROM_CLAS2" TOINSTANCE ="UN_INSERT_UPDATE" TOINSTANCETYPE ="Custom Transformation"/>
        <CONNECTOR FROMFIELD ="KPI_GRPBYCOLLIINVC" FROMINSTANCE ="EXP_UPDATE" FROMINSTANCETYPE ="Expression" TOFIELD ="KPI_GRPBYCOLLIINVC2" TOINSTANCE ="UN_INSERT_UPDATE" TOINSTANCETYPE ="Custom Transformation"/>
        <CONNECTOR FROMFIELD ="KPI_CALC_LVL" FROMINSTANCE ="EXP_UPDATE" FROMINSTANCETYPE ="Expression" TOFIELD ="KPI_CALC_LVL2" TOINSTANCE ="UN_INSERT_UPDATE" TOINSTANCETYPE ="Custom Transformation"/>
        <CONNECTOR FROMFIELD ="KPI_ACTV_IND" FROMINSTANCE ="EXP_UPDATE" FROMINSTANCETYPE ="Expression" TOFIELD ="KPI_ACTV_IND2" TOINSTANCE ="UN_INSERT_UPDATE" TOINSTANCETYPE ="Custom Transformation"/>
        <CONNECTOR FROMFIELD ="KPI_CALC_IND" FROMINSTANCE ="EXP_UPDATE" FROMINSTANCETYPE ="Expression" TOFIELD ="KPI_CALC_IND2" TOINSTANCE ="UN_INSERT_UPDATE" TOINSTANCETYPE ="Custom Transformation"/>
        <CONNECTOR FROMFIELD ="KPI_PBLSH_IND" FROMINSTANCE ="EXP_UPDATE" FROMINSTANCETYPE ="Expression" TOFIELD ="KPI_PBLSH_IND2" TOINSTANCE ="UN_INSERT_UPDATE" TOINSTANCETYPE ="Custom Transformation"/>
        <CONNECTOR FROMFIELD ="KPI_NM" FROMINSTANCE ="SQ_TB_KPI_LIST_UPDATE" FROMINSTANCETYPE ="Source Qualifier" TOFIELD ="KPI_NM" TOINSTANCE ="EXP_UPDATE" TOINSTANCETYPE ="Expression"/>
        <CONNECTOR FROMFIELD ="KPI_DESC" FROMINSTANCE ="SQ_TB_KPI_LIST_UPDATE" FROMINSTANCETYPE ="Source Qualifier" TOFIELD ="KPI_DESC" TOINSTANCE ="EXP_UPDATE" TOINSTANCETYPE ="Expression"/>
        <CONNECTOR FROMFIELD ="KPI_XPRSN" FROMINSTANCE ="SQ_TB_KPI_LIST_UPDATE" FROMINSTANCETYPE ="Source Qualifier" TOFIELD ="KPI_XPRSN" TOINSTANCE ="EXP_UPDATE" TOINSTANCETYPE ="Expression"/>
        <CONNECTOR FROMFIELD ="KPI_FLTR_COND" FROMINSTANCE ="SQ_TB_KPI_LIST_UPDATE" FROMINSTANCETYPE ="Source Qualifier" TOFIELD ="KPI_FLTR_COND" TOINSTANCE ="EXP_UPDATE" TOINSTANCETYPE ="Expression"/>
        <CONNECTOR FROMFIELD ="KPI_FROM_CLAS" FROMINSTANCE ="SQ_TB_KPI_LIST_UPDATE" FROMINSTANCETYPE ="Source Qualifier" TOFIELD ="KPI_FROM_CLAS" TOINSTANCE ="EXP_UPDATE" TOINSTANCETYPE ="Expression"/>
        <CONNECTOR FROMFIELD ="KPI_GRPBYCOLLIINVC" FROMINSTANCE ="SQ_TB_KPI_LIST_UPDATE" FROMINSTANCETYPE ="Source Qualifier" TOFIELD ="KPI_GRPBYCOLLIINVC" TOINSTANCE ="EXP_UPDATE" TOINSTANCETYPE ="Expression"/>
        <CONNECTOR FROMFIELD ="KPI_CALC_LVL" FROMINSTANCE ="SQ_TB_KPI_LIST_UPDATE" FROMINSTANCETYPE ="Source Qualifier" TOFIELD ="KPI_CALC_LVL" TOINSTANCE ="EXP_UPDATE" TOINSTANCETYPE ="Expression"/>
        <CONNECTOR FROMFIELD ="KPI_ACTV_IND" FROMINSTANCE ="SQ_TB_KPI_LIST_UPDATE" FROMINSTANCETYPE ="Source Qualifier" TOFIELD ="KPI_ACTV_IND" TOINSTANCE ="EXP_UPDATE" TOINSTANCETYPE ="Expression"/>
        <CONNECTOR FROMFIELD ="KPI_CALC_IND" FROMINSTANCE ="SQ_TB_KPI_LIST_UPDATE" FROMINSTANCETYPE ="Source Qualifier" TOFIELD ="KPI_CALC_IND" TOINSTANCE ="EXP_UPDATE" TOINSTANCETYPE ="Expression"/>
        <CONNECTOR FROMFIELD ="KPI_PBLSH_IND" FROMINSTANCE ="SQ_TB_KPI_LIST_UPDATE" FROMINSTANCETYPE ="Source Qualifier" TOFIELD ="KPI_PBLSH_IND" TOINSTANCE ="EXP_UPDATE" TOINSTANCETYPE ="Expression"/>
        <CONNECTOR FROMFIELD ="PRI_KPI_IND" FROMINSTANCE ="SQ_TB_KPI_LIST_UPDATE" FROMINSTANCETYPE ="Source Qualifier" TOFIELD ="PRI_KPI_IND" TOINSTANCE ="EXP_UPDATE" TOINSTANCETYPE ="Expression"/>
        <CONNECTOR FROMFIELD ="KPI_INTRADAY_IND" FROMINSTANCE ="SQ_TB_KPI_LIST_UPDATE" FROMINSTANCETYPE ="Source Qualifier" TOFIELD ="KPI_INTRADAY_IND" TOINSTANCE ="EXP_UPDATE" TOINSTANCETYPE ="Expression"/>
        <CONNECTOR FROMFIELD ="EDW_CREATE_DTTM" FROMINSTANCE ="SQ_TB_KPI_LIST_UPDATE" FROMINSTANCETYPE ="Source Qualifier" TOFIELD ="EDW_CREATE_DTTM" TOINSTANCE ="EXP_UPDATE" TOINSTANCETYPE ="Expression"/>
        <CONNECTOR FROMFIELD ="CO_CD" FROMINSTANCE ="SQ_TB_KPI_LIST_UPDATE" FROMINSTANCETYPE ="Source Qualifier" TOFIELD ="CO_CD" TOINSTANCE ="EXP_UPDATE" TOINSTANCETYPE ="Expression"/>
        <CONNECTOR FROMFIELD ="KPI_CLSIFCATION" FROMINSTANCE ="SQ_TB_KPI_LIST_UPDATE" FROMINSTANCETYPE ="Source Qualifier" TOFIELD ="KPI_CLSIFCATION" TOINSTANCE ="EXP_UPDATE" TOINSTANCETYPE ="Expression"/>
        <TARGETLOADORDER ORDER ="1" TARGETINSTANCE ="Shortcut_to_TB_KPI_LIST"/>
        <MAPPINGVARIABLE DATATYPE ="string" DEFAULTVALUE ="" DESCRIPTION ="" ISEXPRESSIONVARIABLE ="NO" ISPARAM ="YES" NAME ="$$BATCH_ID" PRECISION ="100" SCALE ="0" USERDEFINED ="YES"/>
        <ERPINFO/>
    </MAPPING>
    <SHORTCUT COMMENTS ="" DBDNAME ="TB_LAND" FOLDERNAME ="EDW_TechBrands_Shared" NAME ="Shortcut_to_LT_TB_KPI_LIST" OBJECTSUBTYPE ="Source Definition" OBJECTTYPE ="SOURCE" REFERENCEDDBD ="TB_LAND" REFERENCETYPE ="LOCAL" REFOBJECTNAME ="LT_TB_KPI_LIST" REPOSITORYNAME ="PWC_REPO_INFA_INT_DEV01" VERSIONNUMBER ="1"/>
    <SHORTCUT COMMENTS ="" DBDNAME ="TB_CORE" FOLDERNAME ="EDW_TechBrands_Shared" NAME ="Shortcut_to_TB_KPI_LIST" OBJECTSUBTYPE ="Source Definition" OBJECTTYPE ="SOURCE" REFERENCEDDBD ="TB_CORE" REFERENCETYPE ="LOCAL" REFOBJECTNAME ="TB_KPI_LIST" REPOSITORYNAME ="PWC_REPO_INFA_INT_DEV01" VERSIONNUMBER ="1"/>
    <SHORTCUT COMMENTS ="" FOLDERNAME ="EDW_TechBrands_Shared" NAME ="Shortcut_to_TB_KPI_LIST" OBJECTSUBTYPE ="Target Definition" OBJECTTYPE ="TARGET" REFERENCETYPE ="LOCAL" REFOBJECTNAME ="TB_KPI_LIST" REPOSITORYNAME ="PWC_REPO_INFA_INT_DEV01" VERSIONNUMBER ="1"/>
    <CONFIG DESCRIPTION ="Default session configuration object" ISDEFAULT ="YES" NAME ="default_session_config" VERSIONNUMBER ="1">
        <ATTRIBUTE NAME ="Advanced" VALUE =""/>
        <ATTRIBUTE NAME ="Constraint based load ordering" VALUE ="NO"/>
        <ATTRIBUTE NAME ="Cache LOOKUP() function" VALUE ="YES"/>
        <ATTRIBUTE NAME ="Default buffer block size" VALUE ="Auto"/>
        <ATTRIBUTE NAME ="Line Sequential buffer length" VALUE ="1024"/>
        <ATTRIBUTE NAME ="Maximum Memory Allowed For Auto Memory Attributes" VALUE ="512MB"/>
        <ATTRIBUTE NAME ="Maximum Percentage of Total Memory Allowed For Auto Memory Attributes" VALUE ="5"/>
        <ATTRIBUTE NAME ="Additional Concurrent Pipelines for Lookup Cache Creation" VALUE ="Auto"/>
        <ATTRIBUTE NAME ="Custom Properties" VALUE =""/>
        <ATTRIBUTE NAME ="Pre-build lookup cache" VALUE ="Auto"/>
        <ATTRIBUTE NAME ="Optimization Level" VALUE ="Medium"/>
        <ATTRIBUTE NAME ="DateTime Format String" VALUE ="MM/DD/YYYY HH24:MI:SS.US"/>
        <ATTRIBUTE NAME ="Pre 85 Timestamp Compatibility" VALUE ="NO"/>
        <ATTRIBUTE NAME ="Log Options" VALUE ="0"/>
        <ATTRIBUTE NAME ="Save session log by" VALUE ="Session runs"/>
        <ATTRIBUTE NAME ="Save session log for these runs" VALUE ="0"/>
        <ATTRIBUTE NAME ="Session Log File Max Size" VALUE ="0"/>
        <ATTRIBUTE NAME ="Session Log File Max Time Period" VALUE ="0"/>
        <ATTRIBUTE NAME ="Maximum Partial Session Log Files" VALUE ="1"/>
        <ATTRIBUTE NAME ="Writer Commit Statistics Log Frequency" VALUE ="1"/>
        <ATTRIBUTE NAME ="Writer Commit Statistics Log Interval" VALUE ="0"/>
        <ATTRIBUTE NAME ="Error handling" VALUE =""/>
        <ATTRIBUTE NAME ="Stop on errors" VALUE ="0"/>
        <ATTRIBUTE NAME ="Override tracing" VALUE ="None"/>
        <ATTRIBUTE NAME ="On Stored Procedure error" VALUE ="Stop"/>
        <ATTRIBUTE NAME ="On Pre-session command task error" VALUE ="Stop"/>
        <ATTRIBUTE NAME ="On Pre-Post SQL error" VALUE ="Stop"/>
        <ATTRIBUTE NAME ="Enable Recovery" VALUE ="NO"/>
        <ATTRIBUTE NAME ="Error Log Type" VALUE ="None"/>
        <ATTRIBUTE NAME ="Error Log Table Name Prefix" VALUE =""/>
        <ATTRIBUTE NAME ="Error Log File Name" VALUE ="PMError.log"/>
        <ATTRIBUTE NAME ="Log Source Row Data" VALUE ="NO"/>
        <ATTRIBUTE NAME ="Data Column Delimiter" VALUE ="|"/>
        <ATTRIBUTE NAME ="Partitioning Options" VALUE =""/>
        <ATTRIBUTE NAME ="Dynamic Partitioning" VALUE ="Disabled"/>
        <ATTRIBUTE NAME ="Number of Partitions" VALUE ="1"/>
        <ATTRIBUTE NAME ="Multiplication Factor" VALUE ="Auto"/>
        <ATTRIBUTE NAME ="Session on Grid" VALUE =""/>
        <ATTRIBUTE NAME ="Is Enabled" VALUE ="NO"/>
    </CONFIG>
    <TASK DESCRIPTION ="Use for failure emails in sessions." NAME ="Email_Session_Failure" REUSABLE ="YES" TYPE ="Email" VERSIONNUMBER ="1">
        <ATTRIBUTE NAME ="Email User Name" VALUE ="$PMFailureEmailUser"/>
        <ATTRIBUTE NAME ="Email Subject" VALUE ="INFORMATICA SESSION FAILURE: %w has failed"/>
        <ATTRIBUTE NAME ="Email Text" VALUE ="Please verify the session log file and take necessary action.&#xD;&#xA;&#xD;&#xA;Folder: %n&#xD;&#xA;Workflow Name: %w&#xD;&#xA;Workflow Run Instance Name: %z&#xD;&#xA;Session: %s&#xD;&#xA;Mapping: %m&#xD;&#xA;&#xD;&#xA;Session Start Time: %b&#xD;&#xA;Session Completion Time: %c&#xD;&#xA;Session Status: %e"/>
    </TASK>
    <SESSION DESCRIPTION ="" ISVALID ="YES" MAPPINGNAME ="m_LD2ST_133_ATT_KPI_TB_KPI_LIST" NAME ="s_m_LD2ST_133_ATT_KPI_TB_KPI_LIST" REUSABLE ="YES" SORTORDER ="Binary" VERSIONNUMBER ="2">
        <SESSTRANSFORMATIONINST ISREPARTITIONPOINT ="YES" PARTITIONTYPE ="PASS THROUGH" PIPELINE ="3" SINSTANCENAME ="Shortcut_to_TB_KPI_LIST" STAGE ="1" TRANSFORMATIONNAME ="Shortcut_to_TB_KPI_LIST" TRANSFORMATIONTYPE ="Target Definition">
            <ATTRIBUTE NAME ="Table Name Prefix" VALUE ="$ParamStageDB"/>
        </SESSTRANSFORMATIONINST>
        <SESSTRANSFORMATIONINST ISREPARTITIONPOINT ="NO" PIPELINE ="0" SINSTANCENAME ="Shortcut_to_LT_TB_KPI_LIST" STAGE ="0" TRANSFORMATIONNAME ="Shortcut_to_LT_TB_KPI_LIST" TRANSFORMATIONTYPE ="Source Definition"/>
        <SESSTRANSFORMATIONINST ISREPARTITIONPOINT ="YES" PARTITIONTYPE ="PASS THROUGH" PIPELINE ="1" SINSTANCENAME ="SQ_TB_KPI_LIST_INSERT" STAGE ="2" TRANSFORMATIONNAME ="SQ_TB_KPI_LIST_INSERT" TRANSFORMATIONTYPE ="Source Qualifier"/>
        <SESSTRANSFORMATIONINST ISREPARTITIONPOINT ="NO" PIPELINE ="0" SINSTANCENAME ="Shortcut_to_TB_KPI_LIST" STAGE ="0" TRANSFORMATIONNAME ="Shortcut_to_TB_KPI_LIST" TRANSFORMATIONTYPE ="Source Definition"/>
        <SESSTRANSFORMATIONINST ISREPARTITIONPOINT ="NO" PIPELINE ="3" SINSTANCENAME ="UN_INSERT_UPDATE" STAGE ="2" TRANSFORMATIONNAME ="UN_INSERT_UPDATE" TRANSFORMATIONTYPE ="Custom Transformation">
            <SESSTRANSFORMATIONGROUP GROUP ="INSERT"/>
            <SESSTRANSFORMATIONGROUP GROUP ="UPDATE"/>
            <PARTITION DESCRIPTION ="" NAME ="Partition #1"/>
        </SESSTRANSFORMATIONINST>
        <SESSTRANSFORMATIONINST ISREPARTITIONPOINT ="NO" PIPELINE ="1" SINSTANCENAME ="EXP_INSERT" STAGE ="2" TRANSFORMATIONNAME ="EXP_INSERT" TRANSFORMATIONTYPE ="Expression">
            <PARTITION DESCRIPTION ="" NAME ="Partition #1"/>
        </SESSTRANSFORMATIONINST>
        <SESSTRANSFORMATIONINST ISREPARTITIONPOINT ="YES" PARTITIONTYPE ="PASS THROUGH" PIPELINE ="2" SINSTANCENAME ="SQ_TB_KPI_LIST_UPDATE" STAGE ="2" TRANSFORMATIONNAME ="SQ_TB_KPI_LIST_UPDATE" TRANSFORMATIONTYPE ="Source Qualifier"/>
        <SESSTRANSFORMATIONINST ISREPARTITIONPOINT ="NO" PIPELINE ="2" SINSTANCENAME ="EXP_UPDATE" STAGE ="2" TRANSFORMATIONNAME ="EXP_UPDATE" TRANSFORMATIONTYPE ="Expression">
            <PARTITION DESCRIPTION ="" NAME ="Partition #1"/>
        </SESSTRANSFORMATIONINST>
        <CONFIGREFERENCE REFOBJECTNAME ="default_session_config" TYPE ="Session config">
            <ATTRIBUTE NAME ="Stop on errors" VALUE ="$PMSessionErrorThreshold"/>
        </CONFIGREFERENCE>
        <SESSIONCOMPONENT REFOBJECTNAME ="Email_Session_Failure" REUSABLE ="YES" TYPE ="Failure Email"/>
        <SESSIONEXTENSION NAME ="Relational Writer" SINSTANCENAME ="Shortcut_to_TB_KPI_LIST" SUBTYPE ="Relational Writer" TRANSFORMATIONTYPE ="Target Definition" TYPE ="WRITER">
            <CONNECTIONREFERENCE CNXREFNAME ="DB Connection" CONNECTIONNAME ="" CONNECTIONNUMBER ="1" CONNECTIONSUBTYPE ="" CONNECTIONTYPE ="Relational" VARIABLE ="$DBConnection_TD_ODBC"/>
            <ATTRIBUTE NAME ="Target load type" VALUE ="Bulk"/>
            <ATTRIBUTE NAME ="Insert" VALUE ="YES"/>
            <ATTRIBUTE NAME ="Update as Update" VALUE ="NO"/>
            <ATTRIBUTE NAME ="Update as Insert" VALUE ="NO"/>
            <ATTRIBUTE NAME ="Update else Insert" VALUE ="NO"/>
            <ATTRIBUTE NAME ="Delete" VALUE ="NO"/>
            <ATTRIBUTE NAME ="Truncate target table option" VALUE ="YES"/>
            <ATTRIBUTE NAME ="Reject file directory" VALUE ="$PMBadFileDir&#x5c;"/>
            <ATTRIBUTE NAME ="Reject filename" VALUE ="shortcut_to_tb_kpi_list1.bad"/>
        </SESSIONEXTENSION>
        <SESSIONEXTENSION DSQINSTNAME ="SQ_TB_KPI_LIST_INSERT" DSQINSTTYPE ="Source Qualifier" NAME ="Relational Reader" SINSTANCENAME ="Shortcut_to_LT_TB_KPI_LIST" SUBTYPE ="Relational Reader" TRANSFORMATIONTYPE ="Source Definition" TYPE ="READER"/>
        <SESSIONEXTENSION DSQINSTNAME ="SQ_TB_KPI_LIST_UPDATE" DSQINSTTYPE ="Source Qualifier" NAME ="Relational Reader" SINSTANCENAME ="Shortcut_to_LT_TB_KPI_LIST" SUBTYPE ="Relational Reader" TRANSFORMATIONTYPE ="Source Definition" TYPE ="READER"/>
        <SESSIONEXTENSION NAME ="Relational Reader" SINSTANCENAME ="SQ_TB_KPI_LIST_INSERT" SUBTYPE ="Relational Reader" TRANSFORMATIONTYPE ="Source Qualifier" TYPE ="READER">
            <CONNECTIONREFERENCE CNXREFNAME ="DB Connection" CONNECTIONNAME ="" CONNECTIONNUMBER ="1" CONNECTIONSUBTYPE ="" CONNECTIONTYPE ="Relational" VARIABLE ="$DBConnection_TD_ODBC"/>
        </SESSIONEXTENSION>
        <SESSIONEXTENSION DSQINSTNAME ="SQ_TB_KPI_LIST_INSERT" DSQINSTTYPE ="Source Qualifier" NAME ="Relational Reader" SINSTANCENAME ="Shortcut_to_TB_KPI_LIST" SUBTYPE ="Relational Reader" TRANSFORMATIONTYPE ="Source Definition" TYPE ="READER"/>
        <SESSIONEXTENSION DSQINSTNAME ="SQ_TB_KPI_LIST_UPDATE" DSQINSTTYPE ="Source Qualifier" NAME ="Relational Reader" SINSTANCENAME ="Shortcut_to_TB_KPI_LIST" SUBTYPE ="Relational Reader" TRANSFORMATIONTYPE ="Source Definition" TYPE ="READER"/>
        <SESSIONEXTENSION NAME ="Relational Reader" SINSTANCENAME ="SQ_TB_KPI_LIST_UPDATE" SUBTYPE ="Relational Reader" TRANSFORMATIONTYPE ="Source Qualifier" TYPE ="READER">
            <CONNECTIONREFERENCE CNXREFNAME ="DB Connection" CONNECTIONNAME ="" CONNECTIONNUMBER ="1" CONNECTIONSUBTYPE ="" CONNECTIONTYPE ="Relational" VARIABLE ="$DBConnection_TD_ODBC"/>
        </SESSIONEXTENSION>
        <ATTRIBUTE NAME ="General Options" VALUE =""/>
        <ATTRIBUTE NAME ="Write Backward Compatible Session Log File" VALUE ="NO"/>
        <ATTRIBUTE NAME ="Session Log File Name" VALUE ="s_m_LD2ST_133_ATT_KPI_TB_KPI_LIST.log"/>
        <ATTRIBUTE NAME ="Session Log File directory" VALUE ="$PMSessionLogDir&#x5c;"/>
        <ATTRIBUTE NAME ="Parameter Filename" VALUE ="$$SessFileTgtPath$$SessFileName"/>
        <ATTRIBUTE NAME ="Enable Test Load" VALUE ="NO"/>
        <ATTRIBUTE NAME ="$Source connection value" VALUE =""/>
        <ATTRIBUTE NAME ="$Target connection value" VALUE =""/>
        <ATTRIBUTE NAME ="Treat source rows as" VALUE ="Insert"/>
        <ATTRIBUTE NAME ="Commit Type" VALUE ="Target"/>
        <ATTRIBUTE NAME ="Commit Interval" VALUE ="10000"/>
        <ATTRIBUTE NAME ="Commit On End Of File" VALUE ="YES"/>
        <ATTRIBUTE NAME ="Rollback Transactions on Errors" VALUE ="NO"/>
        <ATTRIBUTE NAME ="Recovery Strategy" VALUE ="Fail task and continue workflow"/>
        <ATTRIBUTE NAME ="Java Classpath" VALUE =""/>
        <ATTRIBUTE NAME ="Performance" VALUE =""/>
        <ATTRIBUTE NAME ="DTM buffer size" VALUE ="Auto"/>
        <ATTRIBUTE NAME ="Collect performance data" VALUE ="NO"/>
        <ATTRIBUTE NAME ="Write performance data to repository" VALUE ="NO"/>
        <ATTRIBUTE NAME ="Incremental Aggregation" VALUE ="NO"/>
        <ATTRIBUTE NAME ="Enable high precision" VALUE ="NO"/>
        <ATTRIBUTE NAME ="Session retry on deadlock" VALUE ="NO"/>
        <ATTRIBUTE NAME ="Pushdown Optimization" VALUE ="Full"/>
        <ATTRIBUTE NAME ="Allow Temporary View for Pushdown" VALUE ="NO"/>
        <ATTRIBUTE NAME ="Allow Temporary Sequence for Pushdown" VALUE ="NO"/>
        <ATTRIBUTE NAME ="Allow Pushdown for User Incompatible Connections" VALUE ="NO"/>
    </SESSION>
    <WORKFLOW DESCRIPTION ="" ISENABLED ="YES" ISRUNNABLESERVICE ="NO" ISSERVICE ="NO" ISVALID ="YES" NAME ="wf_ATT_KPI_LND2STG" REUSABLE_SCHEDULER ="NO" SCHEDULERNAME ="Scheduler" SERVERNAME ="PWC_SRVC_INFA_INT_DEV01" SERVER_DOMAINNAME ="Domain_INFA_INT_DEV01" SUSPEND_ON_ERROR ="NO" TASKS_MUST_RUN_ON_SERVER ="NO" VERSIONNUMBER ="1">
        <SCHEDULER DESCRIPTION ="" NAME ="Scheduler" REUSABLE ="NO" VERSIONNUMBER ="1">
            <SCHEDULEINFO SCHEDULETYPE ="ONDEMAND"/>
        </SCHEDULER>
        <TASK DESCRIPTION ="" NAME ="Start" REUSABLE ="NO" TYPE ="Start" VERSIONNUMBER ="1"/>
        <TASKINSTANCE DESCRIPTION ="" ISENABLED ="YES" NAME ="Start" REUSABLE ="NO" TASKNAME ="Start" TASKTYPE ="Start"/>
        <TASKINSTANCE DESCRIPTION ="" FAIL_PARENT_IF_INSTANCE_DID_NOT_RUN ="NO" FAIL_PARENT_IF_INSTANCE_FAILS ="YES" ISENABLED ="YES" NAME ="s_m_LD2ST_133_ATT_KPI_TB_KPI_LIST" REUSABLE ="YES" TASKNAME ="s_m_LD2ST_133_ATT_KPI_TB_KPI_LIST" TASKTYPE ="Session" TREAT_INPUTLINK_AS_AND ="YES"/>
        <WORKFLOWLINK CONDITION ="" FROMTASK ="Start" TOTASK ="s_m_LD2ST_133_ATT_KPI_TB_KPI_LIST"/>
        <WORKFLOWVARIABLE DATATYPE ="date/time" DEFAULTVALUE ="" DESCRIPTION ="The time this task started" ISNULL ="NO" ISPERSISTENT ="NO" NAME ="$Start.StartTime" USERDEFINED ="NO"/>
        <WORKFLOWVARIABLE DATATYPE ="date/time" DEFAULTVALUE ="" DESCRIPTION ="The time this task completed" ISNULL ="NO" ISPERSISTENT ="NO" NAME ="$Start.EndTime" USERDEFINED ="NO"/>
        <WORKFLOWVARIABLE DATATYPE ="integer" DEFAULTVALUE ="" DESCRIPTION ="Status of this task&apos;s execution" ISNULL ="NO" ISPERSISTENT ="NO" NAME ="$Start.Status" USERDEFINED ="NO"/>
        <WORKFLOWVARIABLE DATATYPE ="integer" DEFAULTVALUE ="" DESCRIPTION ="Status of the previous task that is not disabled" ISNULL ="NO" ISPERSISTENT ="NO" NAME ="$Start.PrevTaskStatus" USERDEFINED ="NO"/>
        <WORKFLOWVARIABLE DATATYPE ="integer" DEFAULTVALUE ="" DESCRIPTION ="Error code for this task&apos;s execution" ISNULL ="NO" ISPERSISTENT ="NO" NAME ="$Start.ErrorCode" USERDEFINED ="NO"/>
        <WORKFLOWVARIABLE DATATYPE ="string" DEFAULTVALUE ="" DESCRIPTION ="Error message for this task&apos;s execution" ISNULL ="NO" ISPERSISTENT ="NO" NAME ="$Start.ErrorMsg" USERDEFINED ="NO"/>
        <WORKFLOWVARIABLE DATATYPE ="date/time" DEFAULTVALUE ="" DESCRIPTION ="The time this task started" ISNULL ="NO" ISPERSISTENT ="NO" NAME ="$s_m_LD2ST_133_ATT_KPI_TB_KPI_LIST.StartTime" USERDEFINED ="NO"/>
        <WORKFLOWVARIABLE DATATYPE ="date/time" DEFAULTVALUE ="" DESCRIPTION ="The time this task completed" ISNULL ="NO" ISPERSISTENT ="NO" NAME ="$s_m_LD2ST_133_ATT_KPI_TB_KPI_LIST.EndTime" USERDEFINED ="NO"/>
        <WORKFLOWVARIABLE DATATYPE ="integer" DEFAULTVALUE ="" DESCRIPTION ="Status of this task&apos;s execution" ISNULL ="NO" ISPERSISTENT ="NO" NAME ="$s_m_LD2ST_133_ATT_KPI_TB_KPI_LIST.Status" USERDEFINED ="NO"/>
        <WORKFLOWVARIABLE DATATYPE ="integer" DEFAULTVALUE ="" DESCRIPTION ="Status of the previous task that is not disabled" ISNULL ="NO" ISPERSISTENT ="NO" NAME ="$s_m_LD2ST_133_ATT_KPI_TB_KPI_LIST.PrevTaskStatus" USERDEFINED ="NO"/>
        <WORKFLOWVARIABLE DATATYPE ="integer" DEFAULTVALUE ="" DESCRIPTION ="Error code for this task&apos;s execution" ISNULL ="NO" ISPERSISTENT ="NO" NAME ="$s_m_LD2ST_133_ATT_KPI_TB_KPI_LIST.ErrorCode" USERDEFINED ="NO"/>
        <WORKFLOWVARIABLE DATATYPE ="string" DEFAULTVALUE ="" DESCRIPTION ="Error message for this task&apos;s execution" ISNULL ="NO" ISPERSISTENT ="NO" NAME ="$s_m_LD2ST_133_ATT_KPI_TB_KPI_LIST.ErrorMsg" USERDEFINED ="NO"/>
        <WORKFLOWVARIABLE DATATYPE ="integer" DEFAULTVALUE ="" DESCRIPTION ="Rows successfully read" ISNULL ="NO" ISPERSISTENT ="NO" NAME ="$s_m_LD2ST_133_ATT_KPI_TB_KPI_LIST.SrcSuccessRows" USERDEFINED ="NO"/>
        <WORKFLOWVARIABLE DATATYPE ="integer" DEFAULTVALUE ="" DESCRIPTION ="Rows failed to read" ISNULL ="NO" ISPERSISTENT ="NO" NAME ="$s_m_LD2ST_133_ATT_KPI_TB_KPI_LIST.SrcFailedRows" USERDEFINED ="NO"/>
        <WORKFLOWVARIABLE DATATYPE ="integer" DEFAULTVALUE ="" DESCRIPTION ="Rows successfully loaded" ISNULL ="NO" ISPERSISTENT ="NO" NAME ="$s_m_LD2ST_133_ATT_KPI_TB_KPI_LIST.TgtSuccessRows" USERDEFINED ="NO"/>
        <WORKFLOWVARIABLE DATATYPE ="integer" DEFAULTVALUE ="" DESCRIPTION ="Rows failed to load" ISNULL ="NO" ISPERSISTENT ="NO" NAME ="$s_m_LD2ST_133_ATT_KPI_TB_KPI_LIST.TgtFailedRows" USERDEFINED ="NO"/>
        <WORKFLOWVARIABLE DATATYPE ="integer" DEFAULTVALUE ="" DESCRIPTION ="Total number of transformation errors" ISNULL ="NO" ISPERSISTENT ="NO" NAME ="$s_m_LD2ST_133_ATT_KPI_TB_KPI_LIST.TotalTransErrors" USERDEFINED ="NO"/>
        <WORKFLOWVARIABLE DATATYPE ="integer" DEFAULTVALUE ="" DESCRIPTION ="First error code" ISNULL ="NO" ISPERSISTENT ="NO" NAME ="$s_m_LD2ST_133_ATT_KPI_TB_KPI_LIST.FirstErrorCode" USERDEFINED ="NO"/>
        <WORKFLOWVARIABLE DATATYPE ="string" DEFAULTVALUE ="" DESCRIPTION ="First error message" ISNULL ="NO" ISPERSISTENT ="NO" NAME ="$s_m_LD2ST_133_ATT_KPI_TB_KPI_LIST.FirstErrorMsg" USERDEFINED ="NO"/>
        <WORKFLOWVARIABLE DATATYPE ="nstring" DEFAULTVALUE ="" DESCRIPTION ="" ISNULL ="NO" ISPERSISTENT ="NO" NAME ="$$SessFileTgtPath" USERDEFINED ="YES"/>
        <WORKFLOWVARIABLE DATATYPE ="nstring" DEFAULTVALUE ="" DESCRIPTION ="" ISNULL ="NO" ISPERSISTENT ="NO" NAME ="$$SessFileName" USERDEFINED ="YES"/>
        <ATTRIBUTE NAME ="Parameter Filename" VALUE ="$PMRootDir&#x5c;ParmFiles&#x5c;EDW_TechBrands&#x5c;wf_ATT_KPI.prm"/>
        <ATTRIBUTE NAME ="Write Backward Compatible Workflow Log File" VALUE ="NO"/>
        <ATTRIBUTE NAME ="Workflow Log File Name" VALUE ="wf_ATT_KPI_LND2STG.log"/>
        <ATTRIBUTE NAME ="Workflow Log File Directory" VALUE ="$PMWorkflowLogDir&#x5c;"/>
        <ATTRIBUTE NAME ="Save Workflow log by" VALUE ="By runs"/>
        <ATTRIBUTE NAME ="Save workflow log for these runs" VALUE ="0"/>
        <ATTRIBUTE NAME ="Service Name" VALUE =""/>
        <ATTRIBUTE NAME ="Service Timeout" VALUE ="0"/>
        <ATTRIBUTE NAME ="Is Service Visible" VALUE ="NO"/>
        <ATTRIBUTE NAME ="Is Service Protected" VALUE ="NO"/>
        <ATTRIBUTE NAME ="Fail task after wait time" VALUE ="0"/>
        <ATTRIBUTE NAME ="Enable HA recovery" VALUE ="NO"/>
        <ATTRIBUTE NAME ="Automatically recover terminated tasks" VALUE ="NO"/>
        <ATTRIBUTE NAME ="Service Level Name" VALUE ="Default"/>
        <ATTRIBUTE NAME ="Allow concurrent run with unique run instance name" VALUE ="NO"/>
        <ATTRIBUTE NAME ="Allow concurrent run with same run instance name" VALUE ="YES"/>
        <ATTRIBUTE NAME ="Maximum number of concurrent runs" VALUE ="0"/>
        <ATTRIBUTE NAME ="Assigned Web Services Hubs" VALUE =""/>
        <ATTRIBUTE NAME ="Maximum number of concurrent runs per Hub" VALUE ="1000"/>
        <ATTRIBUTE NAME ="Expected Service Time" VALUE ="1"/>
    </WORKFLOW>
</FOLDER>
</REPOSITORY>
</POWERMART>