<?xml version="1.0" encoding="Windows-1252"?>
<!DOCTYPE POWERMART SYSTEM "powrmart.dtd">
<POWERMART CREATION_DATE="12/21/2017 09:21:59" REPOSITORY_VERSION="184.93">
<REPOSITORY NAME="PWC_REPO_INFA_INT_DEV01" VERSION="184" CODEPAGE="MS1252" DATABASETYPE="Microsoft SQL Server">
<FOLDER NAME="EDW_TechBrands_Shared" GROUP="" OWNER="509784" SHARED="SHARED" DESCRIPTION="" PERMISSIONS="rwx---r-x" UUID="4f929f9d-dc0b-41c0-b2c8-77b5bcccb575">
    <SOURCE BUSINESSNAME ="" DATABASETYPE ="Teradata" DBDNAME ="TB_STAGE" DESCRIPTION ="" NAME ="ATT_SHIP_DTLS" OBJECTVERSION ="1" OWNERNAME ="TBSTGDEV" VERSIONNUMBER ="3">
        <SOURCEFIELD BUSINESSNAME ="" DATATYPE ="date" DESCRIPTION ="" FIELDNUMBER ="1" FIELDPROPERTY ="0" FIELDTYPE ="ELEMITEM" HIDDEN ="NO" KEYTYPE ="PRIMARY KEY" LENGTH ="19" LEVEL ="0" NAME ="RPT_DATE" NULLABLE ="NOTNULL" OCCURS ="0" OFFSET ="0" PHYSICALLENGTH ="10" PHYSICALOFFSET ="0" PICTURETEXT ="" PRECISION ="10" SCALE ="0" USAGE_FLAGS =""/>
        <SOURCEFIELD BUSINESSNAME ="" DATATYPE ="integer" DESCRIPTION ="" FIELDNUMBER ="2" FIELDPROPERTY ="0" FIELDTYPE ="ELEMITEM" HIDDEN ="NO" KEYTYPE ="PRIMARY KEY" LENGTH ="11" LEVEL ="0" NAME ="SRC_PO_ID" NULLABLE ="NOTNULL" OCCURS ="0" OFFSET ="19" PHYSICALLENGTH ="10" PHYSICALOFFSET ="10" PICTURETEXT ="" PRECISION ="10" SCALE ="0" USAGE_FLAGS =""/>
        <SOURCEFIELD BUSINESSNAME ="" DATATYPE ="integer" DESCRIPTION ="" FIELDNUMBER ="3" FIELDPROPERTY ="0" FIELDTYPE ="ELEMITEM" HIDDEN ="NO" KEYTYPE ="PRIMARY KEY" LENGTH ="11" LEVEL ="0" NAME ="CO_CD" NULLABLE ="NOTNULL" OCCURS ="0" OFFSET ="30" PHYSICALLENGTH ="10" PHYSICALOFFSET ="20" PICTURETEXT ="" PRECISION ="10" SCALE ="0" USAGE_FLAGS =""/>
        <SOURCEFIELD BUSINESSNAME ="" DATATYPE ="integer" DESCRIPTION ="" FIELDNUMBER ="4" FIELDPROPERTY ="0" FIELDTYPE ="ELEMITEM" HIDDEN ="NO" KEYTYPE ="PRIMARY KEY" LENGTH ="11" LEVEL ="0" NAME ="PROD_SEQ_ID" NULLABLE ="NOTNULL" OCCURS ="0" OFFSET ="41" PHYSICALLENGTH ="10" PHYSICALOFFSET ="30" PICTURETEXT ="" PRECISION ="10" SCALE ="0" USAGE_FLAGS =""/>
        <SOURCEFIELD BUSINESSNAME ="" DATATYPE ="integer" DESCRIPTION ="" FIELDNUMBER ="5" FIELDPROPERTY ="0" FIELDTYPE ="ELEMITEM" HIDDEN ="NO" KEYTYPE ="NOT A KEY" LENGTH ="11" LEVEL ="0" NAME ="ATT_INVOICE_NBR" NULLABLE ="NOTNULL" OCCURS ="0" OFFSET ="52" PHYSICALLENGTH ="10" PHYSICALOFFSET ="40" PICTURETEXT ="" PRECISION ="10" SCALE ="0" USAGE_FLAGS =""/>
        <SOURCEFIELD BUSINESSNAME ="" DATATYPE ="integer" DESCRIPTION ="" FIELDNUMBER ="6" FIELDPROPERTY ="0" FIELDTYPE ="ELEMITEM" HIDDEN ="NO" KEYTYPE ="NOT A KEY" LENGTH ="11" LEVEL ="0" NAME ="STORE_SEQ_ID_SHIP_FOR" NULLABLE ="NULL" OCCURS ="0" OFFSET ="63" PHYSICALLENGTH ="10" PHYSICALOFFSET ="50" PICTURETEXT ="" PRECISION ="10" SCALE ="0" USAGE_FLAGS =""/>
        <SOURCEFIELD BUSINESSNAME ="" DATATYPE ="integer" DESCRIPTION ="" FIELDNUMBER ="7" FIELDPROPERTY ="0" FIELDTYPE ="ELEMITEM" HIDDEN ="NO" KEYTYPE ="NOT A KEY" LENGTH ="11" LEVEL ="0" NAME ="ORD_NBR" NULLABLE ="NOTNULL" OCCURS ="0" OFFSET ="74" PHYSICALLENGTH ="10" PHYSICALOFFSET ="60" PICTURETEXT ="" PRECISION ="10" SCALE ="0" USAGE_FLAGS =""/>
        <SOURCEFIELD BUSINESSNAME ="" DATATYPE ="date" DESCRIPTION ="" FIELDNUMBER ="8" FIELDPROPERTY ="0" FIELDTYPE ="ELEMITEM" HIDDEN ="NO" KEYTYPE ="NOT A KEY" LENGTH ="19" LEVEL ="0" NAME ="ACTL_SHIP_DATE" NULLABLE ="NOTNULL" OCCURS ="0" OFFSET ="85" PHYSICALLENGTH ="10" PHYSICALOFFSET ="70" PICTURETEXT ="" PRECISION ="10" SCALE ="0" USAGE_FLAGS =""/>
        <SOURCEFIELD BUSINESSNAME ="" DATATYPE ="decimal" DESCRIPTION ="" FIELDNUMBER ="9" FIELDPROPERTY ="0" FIELDTYPE ="ELEMITEM" HIDDEN ="NO" KEYTYPE ="NOT A KEY" LENGTH ="17" LEVEL ="0" NAME ="UNT_PRC" NULLABLE ="NOTNULL" OCCURS ="0" OFFSET ="104" PHYSICALLENGTH ="15" PHYSICALOFFSET ="80" PICTURETEXT ="" PRECISION ="15" SCALE ="2" USAGE_FLAGS =""/>
        <SOURCEFIELD BUSINESSNAME ="" DATATYPE ="decimal" DESCRIPTION ="" FIELDNUMBER ="10" FIELDPROPERTY ="0" FIELDTYPE ="ELEMITEM" HIDDEN ="NO" KEYTYPE ="NOT A KEY" LENGTH ="17" LEVEL ="0" NAME ="EXTN_PRC" NULLABLE ="NOTNULL" OCCURS ="0" OFFSET ="121" PHYSICALLENGTH ="15" PHYSICALOFFSET ="95" PICTURETEXT ="" PRECISION ="15" SCALE ="2" USAGE_FLAGS =""/>
        <SOURCEFIELD BUSINESSNAME ="" DATATYPE ="integer" DESCRIPTION ="" FIELDNUMBER ="11" FIELDPROPERTY ="0" FIELDTYPE ="ELEMITEM" HIDDEN ="NO" KEYTYPE ="NOT A KEY" LENGTH ="11" LEVEL ="0" NAME ="QTY_ORD" NULLABLE ="NOTNULL" OCCURS ="0" OFFSET ="138" PHYSICALLENGTH ="10" PHYSICALOFFSET ="110" PICTURETEXT ="" PRECISION ="10" SCALE ="0" USAGE_FLAGS =""/>
        <SOURCEFIELD BUSINESSNAME ="" DATATYPE ="integer" DESCRIPTION ="" FIELDNUMBER ="12" FIELDPROPERTY ="0" FIELDTYPE ="ELEMITEM" HIDDEN ="NO" KEYTYPE ="NOT A KEY" LENGTH ="11" LEVEL ="0" NAME ="QTY_SHIPPED" NULLABLE ="NOTNULL" OCCURS ="0" OFFSET ="149" PHYSICALLENGTH ="10" PHYSICALOFFSET ="120" PICTURETEXT ="" PRECISION ="10" SCALE ="0" USAGE_FLAGS =""/>
        <SOURCEFIELD BUSINESSNAME ="" DATATYPE ="varchar" DESCRIPTION ="" FIELDNUMBER ="13" FIELDPROPERTY ="0" FIELDTYPE ="ELEMITEM" HIDDEN ="NO" KEYTYPE ="NOT A KEY" LENGTH ="0" LEVEL ="0" NAME ="IMEI" NULLABLE ="NULL" OCCURS ="0" OFFSET ="160" PHYSICALLENGTH ="50" PHYSICALOFFSET ="130" PICTURETEXT ="" PRECISION ="50" SCALE ="0" USAGE_FLAGS =""/>
        <SOURCEFIELD BUSINESSNAME ="" DATATYPE ="varchar" DESCRIPTION ="" FIELDNUMBER ="14" FIELDPROPERTY ="0" FIELDTYPE ="ELEMITEM" HIDDEN ="NO" KEYTYPE ="NOT A KEY" LENGTH ="0" LEVEL ="0" NAME ="TRKING_NBR" NULLABLE ="NULL" OCCURS ="0" OFFSET ="160" PHYSICALLENGTH ="50" PHYSICALOFFSET ="180" PICTURETEXT ="" PRECISION ="50" SCALE ="0" USAGE_FLAGS =""/>
        <SOURCEFIELD BUSINESSNAME ="" DATATYPE ="integer" DESCRIPTION ="" FIELDNUMBER ="15" FIELDPROPERTY ="0" FIELDTYPE ="ELEMITEM" HIDDEN ="NO" KEYTYPE ="NOT A KEY" LENGTH ="11" LEVEL ="0" NAME ="CAT_SEQ_ID" NULLABLE ="NULL" OCCURS ="0" OFFSET ="160" PHYSICALLENGTH ="10" PHYSICALOFFSET ="230" PICTURETEXT ="" PRECISION ="10" SCALE ="0" USAGE_FLAGS =""/>
        <SOURCEFIELD BUSINESSNAME ="" DATATYPE ="integer" DESCRIPTION ="" FIELDNUMBER ="16" FIELDPROPERTY ="0" FIELDTYPE ="ELEMITEM" HIDDEN ="NO" KEYTYPE ="NOT A KEY" LENGTH ="11" LEVEL ="0" NAME ="EDW_BATCH_ID" NULLABLE ="NOTNULL" OCCURS ="0" OFFSET ="171" PHYSICALLENGTH ="10" PHYSICALOFFSET ="240" PICTURETEXT ="" PRECISION ="10" SCALE ="0" USAGE_FLAGS =""/>
        <SOURCEFIELD BUSINESSNAME ="" DATATYPE ="timestamp" DESCRIPTION ="" FIELDNUMBER ="17" FIELDPROPERTY ="0" FIELDTYPE ="ELEMITEM" HIDDEN ="NO" KEYTYPE ="NOT A KEY" LENGTH ="19" LEVEL ="0" NAME ="EDW_CREATE_DTTM" NULLABLE ="NOTNULL" OCCURS ="0" OFFSET ="182" PHYSICALLENGTH ="26" PHYSICALOFFSET ="250" PICTURETEXT ="" PRECISION ="26" SCALE ="6" USAGE_FLAGS =""/>
        <SOURCEFIELD BUSINESSNAME ="" DATATYPE ="timestamp" DESCRIPTION ="" FIELDNUMBER ="18" FIELDPROPERTY ="0" FIELDTYPE ="ELEMITEM" HIDDEN ="NO" KEYTYPE ="NOT A KEY" LENGTH ="19" LEVEL ="0" NAME ="EDW_UPDATE_DTTM" NULLABLE ="NOTNULL" OCCURS ="0" OFFSET ="201" PHYSICALLENGTH ="26" PHYSICALOFFSET ="276" PICTURETEXT ="" PRECISION ="26" SCALE ="6" USAGE_FLAGS =""/>
    </SOURCE>
    <TARGET BUSINESSNAME ="" CONSTRAINT ="" DATABASETYPE ="Teradata" DESCRIPTION ="" NAME ="ATT_SHIP_DTLS" OBJECTVERSION ="1" TABLEOPTIONS ="" VERSIONNUMBER ="4">
        <TARGETFIELD BUSINESSNAME ="" DATATYPE ="date" DESCRIPTION ="" FIELDNUMBER ="1" KEYTYPE ="PRIMARY KEY" NAME ="RPT_DATE" NULLABLE ="NOTNULL" PICTURETEXT ="" PRECISION ="10" SCALE ="0"/>
        <TARGETFIELD BUSINESSNAME ="" DATATYPE ="integer" DESCRIPTION ="" FIELDNUMBER ="2" KEYTYPE ="PRIMARY KEY" NAME ="SRC_PO_ID" NULLABLE ="NOTNULL" PICTURETEXT ="" PRECISION ="10" SCALE ="0"/>
        <TARGETFIELD BUSINESSNAME ="" DATATYPE ="integer" DESCRIPTION ="" FIELDNUMBER ="3" KEYTYPE ="PRIMARY KEY" NAME ="CO_CD" NULLABLE ="NOTNULL" PICTURETEXT ="" PRECISION ="10" SCALE ="0"/>
        <TARGETFIELD BUSINESSNAME ="" DATATYPE ="integer" DESCRIPTION ="" FIELDNUMBER ="4" KEYTYPE ="PRIMARY KEY" NAME ="PROD_SEQ_ID" NULLABLE ="NOTNULL" PICTURETEXT ="" PRECISION ="10" SCALE ="0"/>
        <TARGETFIELD BUSINESSNAME ="" DATATYPE ="integer" DESCRIPTION ="" FIELDNUMBER ="5" KEYTYPE ="NOT A KEY" NAME ="ATT_INVOICE_NBR" NULLABLE ="NOTNULL" PICTURETEXT ="" PRECISION ="10" SCALE ="0"/>
        <TARGETFIELD BUSINESSNAME ="" DATATYPE ="integer" DESCRIPTION ="" FIELDNUMBER ="6" KEYTYPE ="NOT A KEY" NAME ="STORE_SEQ_ID_SHIP_FOR" NULLABLE ="NULL" PICTURETEXT ="" PRECISION ="10" SCALE ="0"/>
        <TARGETFIELD BUSINESSNAME ="" DATATYPE ="integer" DESCRIPTION ="" FIELDNUMBER ="7" KEYTYPE ="NOT A KEY" NAME ="ORD_NBR" NULLABLE ="NOTNULL" PICTURETEXT ="" PRECISION ="10" SCALE ="0"/>
        <TARGETFIELD BUSINESSNAME ="" DATATYPE ="date" DESCRIPTION ="" FIELDNUMBER ="8" KEYTYPE ="NOT A KEY" NAME ="ACTL_SHIP_DATE" NULLABLE ="NOTNULL" PICTURETEXT ="" PRECISION ="10" SCALE ="0"/>
        <TARGETFIELD BUSINESSNAME ="" DATATYPE ="decimal" DESCRIPTION ="" FIELDNUMBER ="9" KEYTYPE ="NOT A KEY" NAME ="UNT_PRC" NULLABLE ="NOTNULL" PICTURETEXT ="" PRECISION ="15" SCALE ="2"/>
        <TARGETFIELD BUSINESSNAME ="" DATATYPE ="decimal" DESCRIPTION ="" FIELDNUMBER ="10" KEYTYPE ="NOT A KEY" NAME ="EXTN_PRC" NULLABLE ="NOTNULL" PICTURETEXT ="" PRECISION ="15" SCALE ="2"/>
        <TARGETFIELD BUSINESSNAME ="" DATATYPE ="integer" DESCRIPTION ="" FIELDNUMBER ="11" KEYTYPE ="NOT A KEY" NAME ="QTY_ORD" NULLABLE ="NOTNULL" PICTURETEXT ="" PRECISION ="10" SCALE ="0"/>
        <TARGETFIELD BUSINESSNAME ="" DATATYPE ="integer" DESCRIPTION ="" FIELDNUMBER ="12" KEYTYPE ="NOT A KEY" NAME ="QTY_SHIPPED" NULLABLE ="NOTNULL" PICTURETEXT ="" PRECISION ="10" SCALE ="0"/>
        <TARGETFIELD BUSINESSNAME ="" DATATYPE ="varchar" DESCRIPTION ="" FIELDNUMBER ="13" KEYTYPE ="NOT A KEY" NAME ="IMEI" NULLABLE ="NULL" PICTURETEXT ="" PRECISION ="50" SCALE ="0"/>
        <TARGETFIELD BUSINESSNAME ="" DATATYPE ="varchar" DESCRIPTION ="" FIELDNUMBER ="14" KEYTYPE ="NOT A KEY" NAME ="TRKING_NBR" NULLABLE ="NULL" PICTURETEXT ="" PRECISION ="50" SCALE ="0"/>
        <TARGETFIELD BUSINESSNAME ="" DATATYPE ="integer" DESCRIPTION ="" FIELDNUMBER ="15" KEYTYPE ="NOT A KEY" NAME ="CAT_SEQ_ID" NULLABLE ="NULL" PICTURETEXT ="" PRECISION ="10" SCALE ="0"/>
        <TARGETFIELD BUSINESSNAME ="" DATATYPE ="integer" DESCRIPTION ="" FIELDNUMBER ="16" KEYTYPE ="NOT A KEY" NAME ="EDW_BATCH_ID" NULLABLE ="NOTNULL" PICTURETEXT ="" PRECISION ="10" SCALE ="0"/>
        <TARGETFIELD BUSINESSNAME ="" DATATYPE ="timestamp" DESCRIPTION ="" FIELDNUMBER ="17" KEYTYPE ="NOT A KEY" NAME ="EDW_CREATE_DTTM" NULLABLE ="NOTNULL" PICTURETEXT ="" PRECISION ="26" SCALE ="6"/>
        <TARGETFIELD BUSINESSNAME ="" DATATYPE ="timestamp" DESCRIPTION ="" FIELDNUMBER ="18" KEYTYPE ="NOT A KEY" NAME ="EDW_UPDATE_DTTM" NULLABLE ="NOTNULL" PICTURETEXT ="" PRECISION ="26" SCALE ="6"/>
    </TARGET>
</FOLDER>
<FOLDER NAME="~v_ybodire" GROUP="" OWNER="509784" SHARED="NOTSHARED" DESCRIPTION="Sogeti offshore Lead" PERMISSIONS="rwx---r--" UUID="d3c0506c-207a-4fdb-9a01-1262fb413781">
    <MAPPING DESCRIPTION ="" ISVALID ="YES" NAME ="m_ST2CR_103_ATT_INVENTORY_ATT_SHIP_DTLS" OBJECTVERSION ="1" VERSIONNUMBER ="1">
        <TRANSFORMATION DESCRIPTION ="" NAME ="SQ_ATT_SHIP_DTLS_UPD" OBJECTVERSION ="1" REUSABLE ="NO" TYPE ="Source Qualifier" VERSIONNUMBER ="1">
            <TRANSFORMFIELD DATATYPE ="date/time" DEFAULTVALUE ="" DESCRIPTION ="" NAME ="RPT_DATE" PICTURETEXT ="" PORTTYPE ="INPUT/OUTPUT" PRECISION ="29" SCALE ="9"/>
            <TRANSFORMFIELD DATATYPE ="integer" DEFAULTVALUE ="" DESCRIPTION ="" NAME ="SRC_PO_ID" PICTURETEXT ="" PORTTYPE ="INPUT/OUTPUT" PRECISION ="10" SCALE ="0"/>
            <TRANSFORMFIELD DATATYPE ="integer" DEFAULTVALUE ="" DESCRIPTION ="" NAME ="CO_CD" PICTURETEXT ="" PORTTYPE ="INPUT/OUTPUT" PRECISION ="10" SCALE ="0"/>
            <TRANSFORMFIELD DATATYPE ="integer" DEFAULTVALUE ="" DESCRIPTION ="" NAME ="PROD_SEQ_ID" PICTURETEXT ="" PORTTYPE ="INPUT/OUTPUT" PRECISION ="10" SCALE ="0"/>
            <TRANSFORMFIELD DATATYPE ="integer" DEFAULTVALUE ="" DESCRIPTION ="" NAME ="ATT_INVOICE_NBR" PICTURETEXT ="" PORTTYPE ="INPUT/OUTPUT" PRECISION ="10" SCALE ="0"/>
            <TRANSFORMFIELD DATATYPE ="integer" DEFAULTVALUE ="" DESCRIPTION ="" NAME ="STORE_SEQ_ID_SHIP_FOR" PICTURETEXT ="" PORTTYPE ="INPUT/OUTPUT" PRECISION ="10" SCALE ="0"/>
            <TRANSFORMFIELD DATATYPE ="integer" DEFAULTVALUE ="" DESCRIPTION ="" NAME ="ORD_NBR" PICTURETEXT ="" PORTTYPE ="INPUT/OUTPUT" PRECISION ="10" SCALE ="0"/>
            <TRANSFORMFIELD DATATYPE ="date/time" DEFAULTVALUE ="" DESCRIPTION ="" NAME ="ACTL_SHIP_DATE" PICTURETEXT ="" PORTTYPE ="INPUT/OUTPUT" PRECISION ="29" SCALE ="9"/>
            <TRANSFORMFIELD DATATYPE ="decimal" DEFAULTVALUE ="" DESCRIPTION ="" NAME ="UNT_PRC" PICTURETEXT ="" PORTTYPE ="INPUT/OUTPUT" PRECISION ="15" SCALE ="2"/>
            <TRANSFORMFIELD DATATYPE ="decimal" DEFAULTVALUE ="" DESCRIPTION ="" NAME ="EXTN_PRC" PICTURETEXT ="" PORTTYPE ="INPUT/OUTPUT" PRECISION ="15" SCALE ="2"/>
            <TRANSFORMFIELD DATATYPE ="integer" DEFAULTVALUE ="" DESCRIPTION ="" NAME ="QTY_ORD" PICTURETEXT ="" PORTTYPE ="INPUT/OUTPUT" PRECISION ="10" SCALE ="0"/>
            <TRANSFORMFIELD DATATYPE ="integer" DEFAULTVALUE ="" DESCRIPTION ="" NAME ="QTY_SHIPPED" PICTURETEXT ="" PORTTYPE ="INPUT/OUTPUT" PRECISION ="10" SCALE ="0"/>
            <TRANSFORMFIELD DATATYPE ="string" DEFAULTVALUE ="" DESCRIPTION ="" NAME ="IMEI" PICTURETEXT ="" PORTTYPE ="INPUT/OUTPUT" PRECISION ="50" SCALE ="0"/>
            <TRANSFORMFIELD DATATYPE ="string" DEFAULTVALUE ="" DESCRIPTION ="" NAME ="TRKING_NBR" PICTURETEXT ="" PORTTYPE ="INPUT/OUTPUT" PRECISION ="50" SCALE ="0"/>
            <TRANSFORMFIELD DATATYPE ="integer" DEFAULTVALUE ="" DESCRIPTION ="" NAME ="CAT_SEQ_ID" PICTURETEXT ="" PORTTYPE ="INPUT/OUTPUT" PRECISION ="10" SCALE ="0"/>
            <TRANSFORMFIELD DATATYPE ="integer" DEFAULTVALUE ="" DESCRIPTION ="" NAME ="EDW_BATCH_ID" PICTURETEXT ="" PORTTYPE ="INPUT/OUTPUT" PRECISION ="10" SCALE ="0"/>
            <TRANSFORMFIELD DATATYPE ="date/time" DEFAULTVALUE ="" DESCRIPTION ="" NAME ="EDW_CREATE_DTTM" PICTURETEXT ="" PORTTYPE ="INPUT/OUTPUT" PRECISION ="29" SCALE ="9"/>
            <TRANSFORMFIELD DATATYPE ="date/time" DEFAULTVALUE ="" DESCRIPTION ="" NAME ="EDW_UPDATE_DTTM" PICTURETEXT ="" PORTTYPE ="INPUT/OUTPUT" PRECISION ="29" SCALE ="9"/>
            <TABLEATTRIBUTE NAME ="Sql Query" VALUE ="SELECT SRC.RPT_DATE, &#xD;&#xA;SRC.SRC_PO_ID, &#xD;&#xA;SRC.CO_CD, &#xD;&#xA;SRC.PROD_SEQ_ID, &#xD;&#xA;SRC.ATT_INVOICE_NBR, &#xD;&#xA;SRC.STORE_SEQ_ID_SHIP_FOR, &#xD;&#xA;SRC.ORD_NBR, &#xD;&#xA;SRC.ACTL_SHIP_DATE, &#xD;&#xA;SRC.UNT_PRC, &#xD;&#xA;SRC.EXTN_PRC, &#xD;&#xA;SRC.QTY_ORD,&#xD;&#xA;SRC.QTY_SHIPPED, &#xD;&#xA;SRC.IMEI, &#xD;&#xA;SRC.TRKING_NBR, &#xD;&#xA;SRC.CAT_SEQ_ID, &#xD;&#xA;SRC.EDW_BATCH_ID, &#xD;&#xA;SRC.EDW_CREATE_DTTM, &#xD;&#xA;SRC.EDW_UPDATE_DTTM &#xD;&#xA;FROM&#xD;&#xA; $ParamStageDB.ATT_SHIP_DTLS SRC&#xD;&#xA;&#x9;INNER JOIN $ParamCoreDB.ATT_SHIP_DTLS TGT ON TGT.SRC_PO_ID=SRC.SRC_PO_ID AND&#xD;&#xA;SRC.RPT_DATE=TGT.RPT_DATE AND&#xD;&#xA;SRC.CO_CD=TGT.CO_CD AND&#xD;&#xA;SRC.PROD_SEQ_ID=TGT.PROD_SEQ_ID"/>
            <TABLEATTRIBUTE NAME ="User Defined Join" VALUE =""/>
            <TABLEATTRIBUTE NAME ="Source Filter" VALUE =""/>
            <TABLEATTRIBUTE NAME ="Number Of Sorted Ports" VALUE ="0"/>
            <TABLEATTRIBUTE NAME ="Tracing Level" VALUE ="Normal"/>
            <TABLEATTRIBUTE NAME ="Select Distinct" VALUE ="NO"/>
            <TABLEATTRIBUTE NAME ="Is Partitionable" VALUE ="NO"/>
            <TABLEATTRIBUTE NAME ="Pre SQL" VALUE =""/>
            <TABLEATTRIBUTE NAME ="Post SQL" VALUE =""/>
            <TABLEATTRIBUTE NAME ="Output is deterministic" VALUE ="NO"/>
            <TABLEATTRIBUTE NAME ="Output is repeatable" VALUE ="Never"/>
        </TRANSFORMATION>
        <TRANSFORMATION DESCRIPTION ="" NAME ="SQ_ATT_SHIP_DTLS_INS" OBJECTVERSION ="1" REUSABLE ="NO" TYPE ="Source Qualifier" VERSIONNUMBER ="1">
            <TRANSFORMFIELD DATATYPE ="date/time" DEFAULTVALUE ="" DESCRIPTION ="" NAME ="RPT_DATE" PICTURETEXT ="" PORTTYPE ="INPUT/OUTPUT" PRECISION ="29" SCALE ="9"/>
            <TRANSFORMFIELD DATATYPE ="integer" DEFAULTVALUE ="" DESCRIPTION ="" NAME ="SRC_PO_ID" PICTURETEXT ="" PORTTYPE ="INPUT/OUTPUT" PRECISION ="10" SCALE ="0"/>
            <TRANSFORMFIELD DATATYPE ="integer" DEFAULTVALUE ="" DESCRIPTION ="" NAME ="CO_CD" PICTURETEXT ="" PORTTYPE ="INPUT/OUTPUT" PRECISION ="10" SCALE ="0"/>
            <TRANSFORMFIELD DATATYPE ="integer" DEFAULTVALUE ="" DESCRIPTION ="" NAME ="PROD_SEQ_ID" PICTURETEXT ="" PORTTYPE ="INPUT/OUTPUT" PRECISION ="10" SCALE ="0"/>
            <TRANSFORMFIELD DATATYPE ="integer" DEFAULTVALUE ="" DESCRIPTION ="" NAME ="ATT_INVOICE_NBR" PICTURETEXT ="" PORTTYPE ="INPUT/OUTPUT" PRECISION ="10" SCALE ="0"/>
            <TRANSFORMFIELD DATATYPE ="integer" DEFAULTVALUE ="" DESCRIPTION ="" NAME ="STORE_SEQ_ID_SHIP_FOR" PICTURETEXT ="" PORTTYPE ="INPUT/OUTPUT" PRECISION ="10" SCALE ="0"/>
            <TRANSFORMFIELD DATATYPE ="integer" DEFAULTVALUE ="" DESCRIPTION ="" NAME ="ORD_NBR" PICTURETEXT ="" PORTTYPE ="INPUT/OUTPUT" PRECISION ="10" SCALE ="0"/>
            <TRANSFORMFIELD DATATYPE ="date/time" DEFAULTVALUE ="" DESCRIPTION ="" NAME ="ACTL_SHIP_DATE" PICTURETEXT ="" PORTTYPE ="INPUT/OUTPUT" PRECISION ="29" SCALE ="9"/>
            <TRANSFORMFIELD DATATYPE ="decimal" DEFAULTVALUE ="" DESCRIPTION ="" NAME ="UNT_PRC" PICTURETEXT ="" PORTTYPE ="INPUT/OUTPUT" PRECISION ="15" SCALE ="2"/>
            <TRANSFORMFIELD DATATYPE ="decimal" DEFAULTVALUE ="" DESCRIPTION ="" NAME ="EXTN_PRC" PICTURETEXT ="" PORTTYPE ="INPUT/OUTPUT" PRECISION ="15" SCALE ="2"/>
            <TRANSFORMFIELD DATATYPE ="integer" DEFAULTVALUE ="" DESCRIPTION ="" NAME ="QTY_ORD" PICTURETEXT ="" PORTTYPE ="INPUT/OUTPUT" PRECISION ="10" SCALE ="0"/>
            <TRANSFORMFIELD DATATYPE ="integer" DEFAULTVALUE ="" DESCRIPTION ="" NAME ="QTY_SHIPPED" PICTURETEXT ="" PORTTYPE ="INPUT/OUTPUT" PRECISION ="10" SCALE ="0"/>
            <TRANSFORMFIELD DATATYPE ="string" DEFAULTVALUE ="" DESCRIPTION ="" NAME ="IMEI" PICTURETEXT ="" PORTTYPE ="INPUT/OUTPUT" PRECISION ="50" SCALE ="0"/>
            <TRANSFORMFIELD DATATYPE ="string" DEFAULTVALUE ="" DESCRIPTION ="" NAME ="TRKING_NBR" PICTURETEXT ="" PORTTYPE ="INPUT/OUTPUT" PRECISION ="50" SCALE ="0"/>
            <TRANSFORMFIELD DATATYPE ="integer" DEFAULTVALUE ="" DESCRIPTION ="" NAME ="CAT_SEQ_ID" PICTURETEXT ="" PORTTYPE ="INPUT/OUTPUT" PRECISION ="10" SCALE ="0"/>
            <TRANSFORMFIELD DATATYPE ="integer" DEFAULTVALUE ="" DESCRIPTION ="" NAME ="EDW_BATCH_ID" PICTURETEXT ="" PORTTYPE ="INPUT/OUTPUT" PRECISION ="10" SCALE ="0"/>
            <TRANSFORMFIELD DATATYPE ="date/time" DEFAULTVALUE ="" DESCRIPTION ="" NAME ="EDW_CREATE_DTTM" PICTURETEXT ="" PORTTYPE ="INPUT/OUTPUT" PRECISION ="29" SCALE ="9"/>
            <TRANSFORMFIELD DATATYPE ="date/time" DEFAULTVALUE ="" DESCRIPTION ="" NAME ="EDW_UPDATE_DTTM" PICTURETEXT ="" PORTTYPE ="INPUT/OUTPUT" PRECISION ="29" SCALE ="9"/>
            <TABLEATTRIBUTE NAME ="Sql Query" VALUE ="SELECT SRC.RPT_DATE, &#xD;&#xA;SRC.SRC_PO_ID, &#xD;&#xA;SRC.CO_CD, &#xD;&#xA;SRC.PROD_SEQ_ID, &#xD;&#xA;SRC.ATT_INVOICE_NBR, &#xD;&#xA;SRC.STORE_SEQ_ID_SHIP_FOR, &#xD;&#xA;SRC.ORD_NBR, &#xD;&#xA;SRC.ACTL_SHIP_DATE, &#xD;&#xA;SRC.UNT_PRC, &#xD;&#xA;SRC.EXTN_PRC, &#xD;&#xA;SRC.QTY_ORD,&#xD;&#xA;SRC.QTY_SHIPPED, &#xD;&#xA;SRC.IMEI, &#xD;&#xA;SRC.TRKING_NBR, &#xD;&#xA;SRC.CAT_SEQ_ID, &#xD;&#xA;SRC.EDW_BATCH_ID, &#xD;&#xA;SRC.EDW_CREATE_DTTM, &#xD;&#xA;SRC.EDW_UPDATE_DTTM &#xD;&#xA;FROM&#xD;&#xA; $ParamStageDB.ATT_SHIP_DTLS SRC&#xD;&#xA;&#x9;LEFT OUTER JOIN $ParamCoreDB.ATT_SHIP_DTLS TGT ON TGT.SRC_PO_ID=SRC.SRC_PO_ID AND&#xD;&#xA;SRC.RPT_DATE=TGT.RPT_DATE AND&#xD;&#xA;SRC.CO_CD=TGT.CO_CD AND&#xD;&#xA;SRC.PROD_SEQ_ID=TGT.PROD_SEQ_ID&#xD;&#xA;WHERE&#xD;&#xA;TGT.EDW_BATCH_ID IS NULL"/>
            <TABLEATTRIBUTE NAME ="User Defined Join" VALUE =""/>
            <TABLEATTRIBUTE NAME ="Source Filter" VALUE =""/>
            <TABLEATTRIBUTE NAME ="Number Of Sorted Ports" VALUE ="0"/>
            <TABLEATTRIBUTE NAME ="Tracing Level" VALUE ="Normal"/>
            <TABLEATTRIBUTE NAME ="Select Distinct" VALUE ="NO"/>
            <TABLEATTRIBUTE NAME ="Is Partitionable" VALUE ="NO"/>
            <TABLEATTRIBUTE NAME ="Pre SQL" VALUE =""/>
            <TABLEATTRIBUTE NAME ="Post SQL" VALUE =""/>
            <TABLEATTRIBUTE NAME ="Output is deterministic" VALUE ="NO"/>
            <TABLEATTRIBUTE NAME ="Output is repeatable" VALUE ="Never"/>
        </TRANSFORMATION>
        <TRANSFORMATION DESCRIPTION ="" NAME ="UPD_ATT_SHIP_DTLS_INS" OBJECTVERSION ="1" REUSABLE ="NO" TYPE ="Update Strategy" VERSIONNUMBER ="1">
            <TRANSFORMFIELD DATATYPE ="date/time" DEFAULTVALUE ="" DESCRIPTION ="" NAME ="RPT_DATE" PICTURETEXT ="" PORTTYPE ="INPUT/OUTPUT" PRECISION ="29" SCALE ="9"/>
            <TRANSFORMFIELD DATATYPE ="integer" DEFAULTVALUE ="" DESCRIPTION ="" NAME ="SRC_PO_ID" PICTURETEXT ="" PORTTYPE ="INPUT/OUTPUT" PRECISION ="10" SCALE ="0"/>
            <TRANSFORMFIELD DATATYPE ="integer" DEFAULTVALUE ="" DESCRIPTION ="" NAME ="CO_CD" PICTURETEXT ="" PORTTYPE ="INPUT/OUTPUT" PRECISION ="10" SCALE ="0"/>
            <TRANSFORMFIELD DATATYPE ="integer" DEFAULTVALUE ="" DESCRIPTION ="" NAME ="PROD_SEQ_ID" PICTURETEXT ="" PORTTYPE ="INPUT/OUTPUT" PRECISION ="10" SCALE ="0"/>
            <TRANSFORMFIELD DATATYPE ="integer" DEFAULTVALUE ="" DESCRIPTION ="" NAME ="ATT_INVOICE_NBR" PICTURETEXT ="" PORTTYPE ="INPUT/OUTPUT" PRECISION ="10" SCALE ="0"/>
            <TRANSFORMFIELD DATATYPE ="integer" DEFAULTVALUE ="" DESCRIPTION ="" NAME ="STORE_SEQ_ID_SHIP_FOR" PICTURETEXT ="" PORTTYPE ="INPUT/OUTPUT" PRECISION ="10" SCALE ="0"/>
            <TRANSFORMFIELD DATATYPE ="integer" DEFAULTVALUE ="" DESCRIPTION ="" NAME ="ORD_NBR" PICTURETEXT ="" PORTTYPE ="INPUT/OUTPUT" PRECISION ="10" SCALE ="0"/>
            <TRANSFORMFIELD DATATYPE ="date/time" DEFAULTVALUE ="" DESCRIPTION ="" NAME ="ACTL_SHIP_DATE" PICTURETEXT ="" PORTTYPE ="INPUT/OUTPUT" PRECISION ="29" SCALE ="9"/>
            <TRANSFORMFIELD DATATYPE ="decimal" DEFAULTVALUE ="" DESCRIPTION ="" NAME ="UNT_PRC" PICTURETEXT ="" PORTTYPE ="INPUT/OUTPUT" PRECISION ="15" SCALE ="2"/>
            <TRANSFORMFIELD DATATYPE ="decimal" DEFAULTVALUE ="" DESCRIPTION ="" NAME ="EXTN_PRC" PICTURETEXT ="" PORTTYPE ="INPUT/OUTPUT" PRECISION ="15" SCALE ="2"/>
            <TRANSFORMFIELD DATATYPE ="integer" DEFAULTVALUE ="" DESCRIPTION ="" NAME ="QTY_ORD" PICTURETEXT ="" PORTTYPE ="INPUT/OUTPUT" PRECISION ="10" SCALE ="0"/>
            <TRANSFORMFIELD DATATYPE ="integer" DEFAULTVALUE ="" DESCRIPTION ="" NAME ="QTY_SHIPPED" PICTURETEXT ="" PORTTYPE ="INPUT/OUTPUT" PRECISION ="10" SCALE ="0"/>
            <TRANSFORMFIELD DATATYPE ="string" DEFAULTVALUE ="" DESCRIPTION ="" NAME ="IMEI" PICTURETEXT ="" PORTTYPE ="INPUT/OUTPUT" PRECISION ="50" SCALE ="0"/>
            <TRANSFORMFIELD DATATYPE ="string" DEFAULTVALUE ="" DESCRIPTION ="" NAME ="TRKING_NBR" PICTURETEXT ="" PORTTYPE ="INPUT/OUTPUT" PRECISION ="50" SCALE ="0"/>
            <TRANSFORMFIELD DATATYPE ="integer" DEFAULTVALUE ="" DESCRIPTION ="" NAME ="CAT_SEQ_ID" PICTURETEXT ="" PORTTYPE ="INPUT/OUTPUT" PRECISION ="10" SCALE ="0"/>
            <TRANSFORMFIELD DATATYPE ="integer" DEFAULTVALUE ="" DESCRIPTION ="" NAME ="EDW_BATCH_ID" PICTURETEXT ="" PORTTYPE ="INPUT/OUTPUT" PRECISION ="10" SCALE ="0"/>
            <TRANSFORMFIELD DATATYPE ="date/time" DEFAULTVALUE ="" DESCRIPTION ="" NAME ="EDW_CREATE_DTTM" PICTURETEXT ="" PORTTYPE ="INPUT/OUTPUT" PRECISION ="29" SCALE ="9"/>
            <TRANSFORMFIELD DATATYPE ="date/time" DEFAULTVALUE ="" DESCRIPTION ="" NAME ="EDW_UPDATE_DTTM" PICTURETEXT ="" PORTTYPE ="INPUT/OUTPUT" PRECISION ="29" SCALE ="9"/>
            <TABLEATTRIBUTE NAME ="Update Strategy Expression" VALUE ="DD_INSERT"/>
            <TABLEATTRIBUTE NAME ="Forward Rejected Rows" VALUE ="YES"/>
            <TABLEATTRIBUTE NAME ="Tracing Level" VALUE ="Normal"/>
        </TRANSFORMATION>
        <TRANSFORMATION DESCRIPTION ="" NAME ="UPD_ATT_SHIP_DTLS_UPD" OBJECTVERSION ="1" REUSABLE ="NO" TYPE ="Update Strategy" VERSIONNUMBER ="1">
            <TRANSFORMFIELD DATATYPE ="date/time" DEFAULTVALUE ="" DESCRIPTION ="" NAME ="RPT_DATE" PICTURETEXT ="" PORTTYPE ="INPUT/OUTPUT" PRECISION ="29" SCALE ="9"/>
            <TRANSFORMFIELD DATATYPE ="integer" DEFAULTVALUE ="" DESCRIPTION ="" NAME ="SRC_PO_ID" PICTURETEXT ="" PORTTYPE ="INPUT/OUTPUT" PRECISION ="10" SCALE ="0"/>
            <TRANSFORMFIELD DATATYPE ="integer" DEFAULTVALUE ="" DESCRIPTION ="" NAME ="CO_CD" PICTURETEXT ="" PORTTYPE ="INPUT/OUTPUT" PRECISION ="10" SCALE ="0"/>
            <TRANSFORMFIELD DATATYPE ="integer" DEFAULTVALUE ="" DESCRIPTION ="" NAME ="PROD_SEQ_ID" PICTURETEXT ="" PORTTYPE ="INPUT/OUTPUT" PRECISION ="10" SCALE ="0"/>
            <TRANSFORMFIELD DATATYPE ="integer" DEFAULTVALUE ="" DESCRIPTION ="" NAME ="ATT_INVOICE_NBR" PICTURETEXT ="" PORTTYPE ="INPUT/OUTPUT" PRECISION ="10" SCALE ="0"/>
            <TRANSFORMFIELD DATATYPE ="integer" DEFAULTVALUE ="" DESCRIPTION ="" NAME ="STORE_SEQ_ID_SHIP_FOR" PICTURETEXT ="" PORTTYPE ="INPUT/OUTPUT" PRECISION ="10" SCALE ="0"/>
            <TRANSFORMFIELD DATATYPE ="integer" DEFAULTVALUE ="" DESCRIPTION ="" NAME ="ORD_NBR" PICTURETEXT ="" PORTTYPE ="INPUT/OUTPUT" PRECISION ="10" SCALE ="0"/>
            <TRANSFORMFIELD DATATYPE ="date/time" DEFAULTVALUE ="" DESCRIPTION ="" NAME ="ACTL_SHIP_DATE" PICTURETEXT ="" PORTTYPE ="INPUT/OUTPUT" PRECISION ="29" SCALE ="9"/>
            <TRANSFORMFIELD DATATYPE ="decimal" DEFAULTVALUE ="" DESCRIPTION ="" NAME ="UNT_PRC" PICTURETEXT ="" PORTTYPE ="INPUT/OUTPUT" PRECISION ="15" SCALE ="2"/>
            <TRANSFORMFIELD DATATYPE ="decimal" DEFAULTVALUE ="" DESCRIPTION ="" NAME ="EXTN_PRC" PICTURETEXT ="" PORTTYPE ="INPUT/OUTPUT" PRECISION ="15" SCALE ="2"/>
            <TRANSFORMFIELD DATATYPE ="integer" DEFAULTVALUE ="" DESCRIPTION ="" NAME ="QTY_ORD" PICTURETEXT ="" PORTTYPE ="INPUT/OUTPUT" PRECISION ="10" SCALE ="0"/>
            <TRANSFORMFIELD DATATYPE ="integer" DEFAULTVALUE ="" DESCRIPTION ="" NAME ="QTY_SHIPPED" PICTURETEXT ="" PORTTYPE ="INPUT/OUTPUT" PRECISION ="10" SCALE ="0"/>
            <TRANSFORMFIELD DATATYPE ="string" DEFAULTVALUE ="" DESCRIPTION ="" NAME ="IMEI" PICTURETEXT ="" PORTTYPE ="INPUT/OUTPUT" PRECISION ="50" SCALE ="0"/>
            <TRANSFORMFIELD DATATYPE ="string" DEFAULTVALUE ="" DESCRIPTION ="" NAME ="TRKING_NBR" PICTURETEXT ="" PORTTYPE ="INPUT/OUTPUT" PRECISION ="50" SCALE ="0"/>
            <TRANSFORMFIELD DATATYPE ="integer" DEFAULTVALUE ="" DESCRIPTION ="" NAME ="CAT_SEQ_ID" PICTURETEXT ="" PORTTYPE ="INPUT/OUTPUT" PRECISION ="10" SCALE ="0"/>
            <TRANSFORMFIELD DATATYPE ="integer" DEFAULTVALUE ="" DESCRIPTION ="" NAME ="EDW_BATCH_ID" PICTURETEXT ="" PORTTYPE ="INPUT/OUTPUT" PRECISION ="10" SCALE ="0"/>
            <TRANSFORMFIELD DATATYPE ="date/time" DEFAULTVALUE ="" DESCRIPTION ="" NAME ="EDW_CREATE_DTTM" PICTURETEXT ="" PORTTYPE ="INPUT/OUTPUT" PRECISION ="29" SCALE ="9"/>
            <TRANSFORMFIELD DATATYPE ="date/time" DEFAULTVALUE ="" DESCRIPTION ="" NAME ="EDW_UPDATE_DTTM" PICTURETEXT ="" PORTTYPE ="INPUT/OUTPUT" PRECISION ="29" SCALE ="9"/>
            <TABLEATTRIBUTE NAME ="Update Strategy Expression" VALUE ="DD_UPDATE"/>
            <TABLEATTRIBUTE NAME ="Forward Rejected Rows" VALUE ="YES"/>
            <TABLEATTRIBUTE NAME ="Tracing Level" VALUE ="Normal"/>
        </TRANSFORMATION>
        <INSTANCE DESCRIPTION ="" NAME ="ATT_SHIP_DTLS_INS" TRANSFORMATION_NAME ="Shortcut_to_ATT_SHIP_DTLS" TRANSFORMATION_TYPE ="Target Definition" TYPE ="TARGET"/>
        <INSTANCE DESCRIPTION ="" NAME ="ATT_SHIP_DTLS_UPD" TRANSFORMATION_NAME ="Shortcut_to_ATT_SHIP_DTLS" TRANSFORMATION_TYPE ="Target Definition" TYPE ="TARGET"/>
        <INSTANCE DBDNAME ="TB_STAGE" DESCRIPTION ="" NAME ="ATT_SHIP_DTLS" TRANSFORMATION_NAME ="Shortcut_to_ATT_SHIP_DTLS" TRANSFORMATION_TYPE ="Source Definition" TYPE ="SOURCE"/>
        <INSTANCE DBDNAME ="TB_STAGE" DESCRIPTION ="" NAME ="ATT_SHIP_DTLS1" TRANSFORMATION_NAME ="Shortcut_to_ATT_SHIP_DTLS" TRANSFORMATION_TYPE ="Source Definition" TYPE ="SOURCE"/>
        <INSTANCE DESCRIPTION ="" NAME ="SQ_ATT_SHIP_DTLS_UPD" REUSABLE ="NO" TRANSFORMATION_NAME ="SQ_ATT_SHIP_DTLS_UPD" TRANSFORMATION_TYPE ="Source Qualifier" TYPE ="TRANSFORMATION">
            <ASSOCIATED_SOURCE_INSTANCE NAME ="ATT_SHIP_DTLS1"/>
        </INSTANCE>
        <INSTANCE DESCRIPTION ="" NAME ="SQ_ATT_SHIP_DTLS_INS" REUSABLE ="NO" TRANSFORMATION_NAME ="SQ_ATT_SHIP_DTLS_INS" TRANSFORMATION_TYPE ="Source Qualifier" TYPE ="TRANSFORMATION">
            <ASSOCIATED_SOURCE_INSTANCE NAME ="ATT_SHIP_DTLS"/>
        </INSTANCE>
        <INSTANCE DESCRIPTION ="" NAME ="UPD_ATT_SHIP_DTLS_INS" REUSABLE ="NO" TRANSFORMATION_NAME ="UPD_ATT_SHIP_DTLS_INS" TRANSFORMATION_TYPE ="Update Strategy" TYPE ="TRANSFORMATION"/>
        <INSTANCE DESCRIPTION ="" NAME ="UPD_ATT_SHIP_DTLS_UPD" REUSABLE ="NO" TRANSFORMATION_NAME ="UPD_ATT_SHIP_DTLS_UPD" TRANSFORMATION_TYPE ="Update Strategy" TYPE ="TRANSFORMATION"/>
        <CONNECTOR FROMFIELD ="RPT_DATE" FROMINSTANCE ="UPD_ATT_SHIP_DTLS_INS" FROMINSTANCETYPE ="Update Strategy" TOFIELD ="RPT_DATE" TOINSTANCE ="ATT_SHIP_DTLS_INS" TOINSTANCETYPE ="Target Definition"/>
        <CONNECTOR FROMFIELD ="SRC_PO_ID" FROMINSTANCE ="UPD_ATT_SHIP_DTLS_INS" FROMINSTANCETYPE ="Update Strategy" TOFIELD ="SRC_PO_ID" TOINSTANCE ="ATT_SHIP_DTLS_INS" TOINSTANCETYPE ="Target Definition"/>
        <CONNECTOR FROMFIELD ="CO_CD" FROMINSTANCE ="UPD_ATT_SHIP_DTLS_INS" FROMINSTANCETYPE ="Update Strategy" TOFIELD ="CO_CD" TOINSTANCE ="ATT_SHIP_DTLS_INS" TOINSTANCETYPE ="Target Definition"/>
        <CONNECTOR FROMFIELD ="PROD_SEQ_ID" FROMINSTANCE ="UPD_ATT_SHIP_DTLS_INS" FROMINSTANCETYPE ="Update Strategy" TOFIELD ="PROD_SEQ_ID" TOINSTANCE ="ATT_SHIP_DTLS_INS" TOINSTANCETYPE ="Target Definition"/>
        <CONNECTOR FROMFIELD ="ATT_INVOICE_NBR" FROMINSTANCE ="UPD_ATT_SHIP_DTLS_INS" FROMINSTANCETYPE ="Update Strategy" TOFIELD ="ATT_INVOICE_NBR" TOINSTANCE ="ATT_SHIP_DTLS_INS" TOINSTANCETYPE ="Target Definition"/>
        <CONNECTOR FROMFIELD ="STORE_SEQ_ID_SHIP_FOR" FROMINSTANCE ="UPD_ATT_SHIP_DTLS_INS" FROMINSTANCETYPE ="Update Strategy" TOFIELD ="STORE_SEQ_ID_SHIP_FOR" TOINSTANCE ="ATT_SHIP_DTLS_INS" TOINSTANCETYPE ="Target Definition"/>
        <CONNECTOR FROMFIELD ="ORD_NBR" FROMINSTANCE ="UPD_ATT_SHIP_DTLS_INS" FROMINSTANCETYPE ="Update Strategy" TOFIELD ="ORD_NBR" TOINSTANCE ="ATT_SHIP_DTLS_INS" TOINSTANCETYPE ="Target Definition"/>
        <CONNECTOR FROMFIELD ="ACTL_SHIP_DATE" FROMINSTANCE ="UPD_ATT_SHIP_DTLS_INS" FROMINSTANCETYPE ="Update Strategy" TOFIELD ="ACTL_SHIP_DATE" TOINSTANCE ="ATT_SHIP_DTLS_INS" TOINSTANCETYPE ="Target Definition"/>
        <CONNECTOR FROMFIELD ="UNT_PRC" FROMINSTANCE ="UPD_ATT_SHIP_DTLS_INS" FROMINSTANCETYPE ="Update Strategy" TOFIELD ="UNT_PRC" TOINSTANCE ="ATT_SHIP_DTLS_INS" TOINSTANCETYPE ="Target Definition"/>
        <CONNECTOR FROMFIELD ="EXTN_PRC" FROMINSTANCE ="UPD_ATT_SHIP_DTLS_INS" FROMINSTANCETYPE ="Update Strategy" TOFIELD ="EXTN_PRC" TOINSTANCE ="ATT_SHIP_DTLS_INS" TOINSTANCETYPE ="Target Definition"/>
        <CONNECTOR FROMFIELD ="QTY_ORD" FROMINSTANCE ="UPD_ATT_SHIP_DTLS_INS" FROMINSTANCETYPE ="Update Strategy" TOFIELD ="QTY_ORD" TOINSTANCE ="ATT_SHIP_DTLS_INS" TOINSTANCETYPE ="Target Definition"/>
        <CONNECTOR FROMFIELD ="QTY_SHIPPED" FROMINSTANCE ="UPD_ATT_SHIP_DTLS_INS" FROMINSTANCETYPE ="Update Strategy" TOFIELD ="QTY_SHIPPED" TOINSTANCE ="ATT_SHIP_DTLS_INS" TOINSTANCETYPE ="Target Definition"/>
        <CONNECTOR FROMFIELD ="IMEI" FROMINSTANCE ="UPD_ATT_SHIP_DTLS_INS" FROMINSTANCETYPE ="Update Strategy" TOFIELD ="IMEI" TOINSTANCE ="ATT_SHIP_DTLS_INS" TOINSTANCETYPE ="Target Definition"/>
        <CONNECTOR FROMFIELD ="TRKING_NBR" FROMINSTANCE ="UPD_ATT_SHIP_DTLS_INS" FROMINSTANCETYPE ="Update Strategy" TOFIELD ="TRKING_NBR" TOINSTANCE ="ATT_SHIP_DTLS_INS" TOINSTANCETYPE ="Target Definition"/>
        <CONNECTOR FROMFIELD ="CAT_SEQ_ID" FROMINSTANCE ="UPD_ATT_SHIP_DTLS_INS" FROMINSTANCETYPE ="Update Strategy" TOFIELD ="CAT_SEQ_ID" TOINSTANCE ="ATT_SHIP_DTLS_INS" TOINSTANCETYPE ="Target Definition"/>
        <CONNECTOR FROMFIELD ="EDW_BATCH_ID" FROMINSTANCE ="UPD_ATT_SHIP_DTLS_INS" FROMINSTANCETYPE ="Update Strategy" TOFIELD ="EDW_BATCH_ID" TOINSTANCE ="ATT_SHIP_DTLS_INS" TOINSTANCETYPE ="Target Definition"/>
        <CONNECTOR FROMFIELD ="EDW_CREATE_DTTM" FROMINSTANCE ="UPD_ATT_SHIP_DTLS_INS" FROMINSTANCETYPE ="Update Strategy" TOFIELD ="EDW_CREATE_DTTM" TOINSTANCE ="ATT_SHIP_DTLS_INS" TOINSTANCETYPE ="Target Definition"/>
        <CONNECTOR FROMFIELD ="EDW_UPDATE_DTTM" FROMINSTANCE ="UPD_ATT_SHIP_DTLS_INS" FROMINSTANCETYPE ="Update Strategy" TOFIELD ="EDW_UPDATE_DTTM" TOINSTANCE ="ATT_SHIP_DTLS_INS" TOINSTANCETYPE ="Target Definition"/>
        <CONNECTOR FROMFIELD ="RPT_DATE" FROMINSTANCE ="UPD_ATT_SHIP_DTLS_UPD" FROMINSTANCETYPE ="Update Strategy" TOFIELD ="RPT_DATE" TOINSTANCE ="ATT_SHIP_DTLS_UPD" TOINSTANCETYPE ="Target Definition"/>
        <CONNECTOR FROMFIELD ="SRC_PO_ID" FROMINSTANCE ="UPD_ATT_SHIP_DTLS_UPD" FROMINSTANCETYPE ="Update Strategy" TOFIELD ="SRC_PO_ID" TOINSTANCE ="ATT_SHIP_DTLS_UPD" TOINSTANCETYPE ="Target Definition"/>
        <CONNECTOR FROMFIELD ="CO_CD" FROMINSTANCE ="UPD_ATT_SHIP_DTLS_UPD" FROMINSTANCETYPE ="Update Strategy" TOFIELD ="CO_CD" TOINSTANCE ="ATT_SHIP_DTLS_UPD" TOINSTANCETYPE ="Target Definition"/>
        <CONNECTOR FROMFIELD ="PROD_SEQ_ID" FROMINSTANCE ="UPD_ATT_SHIP_DTLS_UPD" FROMINSTANCETYPE ="Update Strategy" TOFIELD ="PROD_SEQ_ID" TOINSTANCE ="ATT_SHIP_DTLS_UPD" TOINSTANCETYPE ="Target Definition"/>
        <CONNECTOR FROMFIELD ="ATT_INVOICE_NBR" FROMINSTANCE ="UPD_ATT_SHIP_DTLS_UPD" FROMINSTANCETYPE ="Update Strategy" TOFIELD ="ATT_INVOICE_NBR" TOINSTANCE ="ATT_SHIP_DTLS_UPD" TOINSTANCETYPE ="Target Definition"/>
        <CONNECTOR FROMFIELD ="STORE_SEQ_ID_SHIP_FOR" FROMINSTANCE ="UPD_ATT_SHIP_DTLS_UPD" FROMINSTANCETYPE ="Update Strategy" TOFIELD ="STORE_SEQ_ID_SHIP_FOR" TOINSTANCE ="ATT_SHIP_DTLS_UPD" TOINSTANCETYPE ="Target Definition"/>
        <CONNECTOR FROMFIELD ="ORD_NBR" FROMINSTANCE ="UPD_ATT_SHIP_DTLS_UPD" FROMINSTANCETYPE ="Update Strategy" TOFIELD ="ORD_NBR" TOINSTANCE ="ATT_SHIP_DTLS_UPD" TOINSTANCETYPE ="Target Definition"/>
        <CONNECTOR FROMFIELD ="ACTL_SHIP_DATE" FROMINSTANCE ="UPD_ATT_SHIP_DTLS_UPD" FROMINSTANCETYPE ="Update Strategy" TOFIELD ="ACTL_SHIP_DATE" TOINSTANCE ="ATT_SHIP_DTLS_UPD" TOINSTANCETYPE ="Target Definition"/>
        <CONNECTOR FROMFIELD ="UNT_PRC" FROMINSTANCE ="UPD_ATT_SHIP_DTLS_UPD" FROMINSTANCETYPE ="Update Strategy" TOFIELD ="UNT_PRC" TOINSTANCE ="ATT_SHIP_DTLS_UPD" TOINSTANCETYPE ="Target Definition"/>
        <CONNECTOR FROMFIELD ="EXTN_PRC" FROMINSTANCE ="UPD_ATT_SHIP_DTLS_UPD" FROMINSTANCETYPE ="Update Strategy" TOFIELD ="EXTN_PRC" TOINSTANCE ="ATT_SHIP_DTLS_UPD" TOINSTANCETYPE ="Target Definition"/>
        <CONNECTOR FROMFIELD ="QTY_ORD" FROMINSTANCE ="UPD_ATT_SHIP_DTLS_UPD" FROMINSTANCETYPE ="Update Strategy" TOFIELD ="QTY_ORD" TOINSTANCE ="ATT_SHIP_DTLS_UPD" TOINSTANCETYPE ="Target Definition"/>
        <CONNECTOR FROMFIELD ="QTY_SHIPPED" FROMINSTANCE ="UPD_ATT_SHIP_DTLS_UPD" FROMINSTANCETYPE ="Update Strategy" TOFIELD ="QTY_SHIPPED" TOINSTANCE ="ATT_SHIP_DTLS_UPD" TOINSTANCETYPE ="Target Definition"/>
        <CONNECTOR FROMFIELD ="IMEI" FROMINSTANCE ="UPD_ATT_SHIP_DTLS_UPD" FROMINSTANCETYPE ="Update Strategy" TOFIELD ="IMEI" TOINSTANCE ="ATT_SHIP_DTLS_UPD" TOINSTANCETYPE ="Target Definition"/>
        <CONNECTOR FROMFIELD ="TRKING_NBR" FROMINSTANCE ="UPD_ATT_SHIP_DTLS_UPD" FROMINSTANCETYPE ="Update Strategy" TOFIELD ="TRKING_NBR" TOINSTANCE ="ATT_SHIP_DTLS_UPD" TOINSTANCETYPE ="Target Definition"/>
        <CONNECTOR FROMFIELD ="CAT_SEQ_ID" FROMINSTANCE ="UPD_ATT_SHIP_DTLS_UPD" FROMINSTANCETYPE ="Update Strategy" TOFIELD ="CAT_SEQ_ID" TOINSTANCE ="ATT_SHIP_DTLS_UPD" TOINSTANCETYPE ="Target Definition"/>
        <CONNECTOR FROMFIELD ="EDW_BATCH_ID" FROMINSTANCE ="UPD_ATT_SHIP_DTLS_UPD" FROMINSTANCETYPE ="Update Strategy" TOFIELD ="EDW_BATCH_ID" TOINSTANCE ="ATT_SHIP_DTLS_UPD" TOINSTANCETYPE ="Target Definition"/>
        <CONNECTOR FROMFIELD ="EDW_CREATE_DTTM" FROMINSTANCE ="UPD_ATT_SHIP_DTLS_UPD" FROMINSTANCETYPE ="Update Strategy" TOFIELD ="EDW_CREATE_DTTM" TOINSTANCE ="ATT_SHIP_DTLS_UPD" TOINSTANCETYPE ="Target Definition"/>
        <CONNECTOR FROMFIELD ="EDW_UPDATE_DTTM" FROMINSTANCE ="UPD_ATT_SHIP_DTLS_UPD" FROMINSTANCETYPE ="Update Strategy" TOFIELD ="EDW_UPDATE_DTTM" TOINSTANCE ="ATT_SHIP_DTLS_UPD" TOINSTANCETYPE ="Target Definition"/>
        <CONNECTOR FROMFIELD ="RPT_DATE" FROMINSTANCE ="ATT_SHIP_DTLS" FROMINSTANCETYPE ="Source Definition" TOFIELD ="RPT_DATE" TOINSTANCE ="SQ_ATT_SHIP_DTLS_INS" TOINSTANCETYPE ="Source Qualifier"/>
        <CONNECTOR FROMFIELD ="SRC_PO_ID" FROMINSTANCE ="ATT_SHIP_DTLS" FROMINSTANCETYPE ="Source Definition" TOFIELD ="SRC_PO_ID" TOINSTANCE ="SQ_ATT_SHIP_DTLS_INS" TOINSTANCETYPE ="Source Qualifier"/>
        <CONNECTOR FROMFIELD ="CO_CD" FROMINSTANCE ="ATT_SHIP_DTLS" FROMINSTANCETYPE ="Source Definition" TOFIELD ="CO_CD" TOINSTANCE ="SQ_ATT_SHIP_DTLS_INS" TOINSTANCETYPE ="Source Qualifier"/>
        <CONNECTOR FROMFIELD ="PROD_SEQ_ID" FROMINSTANCE ="ATT_SHIP_DTLS" FROMINSTANCETYPE ="Source Definition" TOFIELD ="PROD_SEQ_ID" TOINSTANCE ="SQ_ATT_SHIP_DTLS_INS" TOINSTANCETYPE ="Source Qualifier"/>
        <CONNECTOR FROMFIELD ="ATT_INVOICE_NBR" FROMINSTANCE ="ATT_SHIP_DTLS" FROMINSTANCETYPE ="Source Definition" TOFIELD ="ATT_INVOICE_NBR" TOINSTANCE ="SQ_ATT_SHIP_DTLS_INS" TOINSTANCETYPE ="Source Qualifier"/>
        <CONNECTOR FROMFIELD ="STORE_SEQ_ID_SHIP_FOR" FROMINSTANCE ="ATT_SHIP_DTLS" FROMINSTANCETYPE ="Source Definition" TOFIELD ="STORE_SEQ_ID_SHIP_FOR" TOINSTANCE ="SQ_ATT_SHIP_DTLS_INS" TOINSTANCETYPE ="Source Qualifier"/>
        <CONNECTOR FROMFIELD ="ORD_NBR" FROMINSTANCE ="ATT_SHIP_DTLS" FROMINSTANCETYPE ="Source Definition" TOFIELD ="ORD_NBR" TOINSTANCE ="SQ_ATT_SHIP_DTLS_INS" TOINSTANCETYPE ="Source Qualifier"/>
        <CONNECTOR FROMFIELD ="ACTL_SHIP_DATE" FROMINSTANCE ="ATT_SHIP_DTLS" FROMINSTANCETYPE ="Source Definition" TOFIELD ="ACTL_SHIP_DATE" TOINSTANCE ="SQ_ATT_SHIP_DTLS_INS" TOINSTANCETYPE ="Source Qualifier"/>
        <CONNECTOR FROMFIELD ="UNT_PRC" FROMINSTANCE ="ATT_SHIP_DTLS" FROMINSTANCETYPE ="Source Definition" TOFIELD ="UNT_PRC" TOINSTANCE ="SQ_ATT_SHIP_DTLS_INS" TOINSTANCETYPE ="Source Qualifier"/>
        <CONNECTOR FROMFIELD ="EXTN_PRC" FROMINSTANCE ="ATT_SHIP_DTLS" FROMINSTANCETYPE ="Source Definition" TOFIELD ="EXTN_PRC" TOINSTANCE ="SQ_ATT_SHIP_DTLS_INS" TOINSTANCETYPE ="Source Qualifier"/>
        <CONNECTOR FROMFIELD ="QTY_ORD" FROMINSTANCE ="ATT_SHIP_DTLS" FROMINSTANCETYPE ="Source Definition" TOFIELD ="QTY_ORD" TOINSTANCE ="SQ_ATT_SHIP_DTLS_INS" TOINSTANCETYPE ="Source Qualifier"/>
        <CONNECTOR FROMFIELD ="QTY_SHIPPED" FROMINSTANCE ="ATT_SHIP_DTLS" FROMINSTANCETYPE ="Source Definition" TOFIELD ="QTY_SHIPPED" TOINSTANCE ="SQ_ATT_SHIP_DTLS_INS" TOINSTANCETYPE ="Source Qualifier"/>
        <CONNECTOR FROMFIELD ="IMEI" FROMINSTANCE ="ATT_SHIP_DTLS" FROMINSTANCETYPE ="Source Definition" TOFIELD ="IMEI" TOINSTANCE ="SQ_ATT_SHIP_DTLS_INS" TOINSTANCETYPE ="Source Qualifier"/>
        <CONNECTOR FROMFIELD ="TRKING_NBR" FROMINSTANCE ="ATT_SHIP_DTLS" FROMINSTANCETYPE ="Source Definition" TOFIELD ="TRKING_NBR" TOINSTANCE ="SQ_ATT_SHIP_DTLS_INS" TOINSTANCETYPE ="Source Qualifier"/>
        <CONNECTOR FROMFIELD ="CAT_SEQ_ID" FROMINSTANCE ="ATT_SHIP_DTLS" FROMINSTANCETYPE ="Source Definition" TOFIELD ="CAT_SEQ_ID" TOINSTANCE ="SQ_ATT_SHIP_DTLS_INS" TOINSTANCETYPE ="Source Qualifier"/>
        <CONNECTOR FROMFIELD ="EDW_BATCH_ID" FROMINSTANCE ="ATT_SHIP_DTLS" FROMINSTANCETYPE ="Source Definition" TOFIELD ="EDW_BATCH_ID" TOINSTANCE ="SQ_ATT_SHIP_DTLS_INS" TOINSTANCETYPE ="Source Qualifier"/>
        <CONNECTOR FROMFIELD ="EDW_CREATE_DTTM" FROMINSTANCE ="ATT_SHIP_DTLS" FROMINSTANCETYPE ="Source Definition" TOFIELD ="EDW_CREATE_DTTM" TOINSTANCE ="SQ_ATT_SHIP_DTLS_INS" TOINSTANCETYPE ="Source Qualifier"/>
        <CONNECTOR FROMFIELD ="EDW_UPDATE_DTTM" FROMINSTANCE ="ATT_SHIP_DTLS" FROMINSTANCETYPE ="Source Definition" TOFIELD ="EDW_UPDATE_DTTM" TOINSTANCE ="SQ_ATT_SHIP_DTLS_INS" TOINSTANCETYPE ="Source Qualifier"/>
        <CONNECTOR FROMFIELD ="RPT_DATE" FROMINSTANCE ="ATT_SHIP_DTLS1" FROMINSTANCETYPE ="Source Definition" TOFIELD ="RPT_DATE" TOINSTANCE ="SQ_ATT_SHIP_DTLS_UPD" TOINSTANCETYPE ="Source Qualifier"/>
        <CONNECTOR FROMFIELD ="SRC_PO_ID" FROMINSTANCE ="ATT_SHIP_DTLS1" FROMINSTANCETYPE ="Source Definition" TOFIELD ="SRC_PO_ID" TOINSTANCE ="SQ_ATT_SHIP_DTLS_UPD" TOINSTANCETYPE ="Source Qualifier"/>
        <CONNECTOR FROMFIELD ="CO_CD" FROMINSTANCE ="ATT_SHIP_DTLS1" FROMINSTANCETYPE ="Source Definition" TOFIELD ="CO_CD" TOINSTANCE ="SQ_ATT_SHIP_DTLS_UPD" TOINSTANCETYPE ="Source Qualifier"/>
        <CONNECTOR FROMFIELD ="PROD_SEQ_ID" FROMINSTANCE ="ATT_SHIP_DTLS1" FROMINSTANCETYPE ="Source Definition" TOFIELD ="PROD_SEQ_ID" TOINSTANCE ="SQ_ATT_SHIP_DTLS_UPD" TOINSTANCETYPE ="Source Qualifier"/>
        <CONNECTOR FROMFIELD ="ATT_INVOICE_NBR" FROMINSTANCE ="ATT_SHIP_DTLS1" FROMINSTANCETYPE ="Source Definition" TOFIELD ="ATT_INVOICE_NBR" TOINSTANCE ="SQ_ATT_SHIP_DTLS_UPD" TOINSTANCETYPE ="Source Qualifier"/>
        <CONNECTOR FROMFIELD ="STORE_SEQ_ID_SHIP_FOR" FROMINSTANCE ="ATT_SHIP_DTLS1" FROMINSTANCETYPE ="Source Definition" TOFIELD ="STORE_SEQ_ID_SHIP_FOR" TOINSTANCE ="SQ_ATT_SHIP_DTLS_UPD" TOINSTANCETYPE ="Source Qualifier"/>
        <CONNECTOR FROMFIELD ="ORD_NBR" FROMINSTANCE ="ATT_SHIP_DTLS1" FROMINSTANCETYPE ="Source Definition" TOFIELD ="ORD_NBR" TOINSTANCE ="SQ_ATT_SHIP_DTLS_UPD" TOINSTANCETYPE ="Source Qualifier"/>
        <CONNECTOR FROMFIELD ="ACTL_SHIP_DATE" FROMINSTANCE ="ATT_SHIP_DTLS1" FROMINSTANCETYPE ="Source Definition" TOFIELD ="ACTL_SHIP_DATE" TOINSTANCE ="SQ_ATT_SHIP_DTLS_UPD" TOINSTANCETYPE ="Source Qualifier"/>
        <CONNECTOR FROMFIELD ="UNT_PRC" FROMINSTANCE ="ATT_SHIP_DTLS1" FROMINSTANCETYPE ="Source Definition" TOFIELD ="UNT_PRC" TOINSTANCE ="SQ_ATT_SHIP_DTLS_UPD" TOINSTANCETYPE ="Source Qualifier"/>
        <CONNECTOR FROMFIELD ="EXTN_PRC" FROMINSTANCE ="ATT_SHIP_DTLS1" FROMINSTANCETYPE ="Source Definition" TOFIELD ="EXTN_PRC" TOINSTANCE ="SQ_ATT_SHIP_DTLS_UPD" TOINSTANCETYPE ="Source Qualifier"/>
        <CONNECTOR FROMFIELD ="QTY_ORD" FROMINSTANCE ="ATT_SHIP_DTLS1" FROMINSTANCETYPE ="Source Definition" TOFIELD ="QTY_ORD" TOINSTANCE ="SQ_ATT_SHIP_DTLS_UPD" TOINSTANCETYPE ="Source Qualifier"/>
        <CONNECTOR FROMFIELD ="QTY_SHIPPED" FROMINSTANCE ="ATT_SHIP_DTLS1" FROMINSTANCETYPE ="Source Definition" TOFIELD ="QTY_SHIPPED" TOINSTANCE ="SQ_ATT_SHIP_DTLS_UPD" TOINSTANCETYPE ="Source Qualifier"/>
        <CONNECTOR FROMFIELD ="IMEI" FROMINSTANCE ="ATT_SHIP_DTLS1" FROMINSTANCETYPE ="Source Definition" TOFIELD ="IMEI" TOINSTANCE ="SQ_ATT_SHIP_DTLS_UPD" TOINSTANCETYPE ="Source Qualifier"/>
        <CONNECTOR FROMFIELD ="TRKING_NBR" FROMINSTANCE ="ATT_SHIP_DTLS1" FROMINSTANCETYPE ="Source Definition" TOFIELD ="TRKING_NBR" TOINSTANCE ="SQ_ATT_SHIP_DTLS_UPD" TOINSTANCETYPE ="Source Qualifier"/>
        <CONNECTOR FROMFIELD ="CAT_SEQ_ID" FROMINSTANCE ="ATT_SHIP_DTLS1" FROMINSTANCETYPE ="Source Definition" TOFIELD ="CAT_SEQ_ID" TOINSTANCE ="SQ_ATT_SHIP_DTLS_UPD" TOINSTANCETYPE ="Source Qualifier"/>
        <CONNECTOR FROMFIELD ="EDW_BATCH_ID" FROMINSTANCE ="ATT_SHIP_DTLS1" FROMINSTANCETYPE ="Source Definition" TOFIELD ="EDW_BATCH_ID" TOINSTANCE ="SQ_ATT_SHIP_DTLS_UPD" TOINSTANCETYPE ="Source Qualifier"/>
        <CONNECTOR FROMFIELD ="EDW_CREATE_DTTM" FROMINSTANCE ="ATT_SHIP_DTLS1" FROMINSTANCETYPE ="Source Definition" TOFIELD ="EDW_CREATE_DTTM" TOINSTANCE ="SQ_ATT_SHIP_DTLS_UPD" TOINSTANCETYPE ="Source Qualifier"/>
        <CONNECTOR FROMFIELD ="EDW_UPDATE_DTTM" FROMINSTANCE ="ATT_SHIP_DTLS1" FROMINSTANCETYPE ="Source Definition" TOFIELD ="EDW_UPDATE_DTTM" TOINSTANCE ="SQ_ATT_SHIP_DTLS_UPD" TOINSTANCETYPE ="Source Qualifier"/>
        <CONNECTOR FROMFIELD ="QTY_ORD" FROMINSTANCE ="SQ_ATT_SHIP_DTLS_UPD" FROMINSTANCETYPE ="Source Qualifier" TOFIELD ="QTY_ORD" TOINSTANCE ="UPD_ATT_SHIP_DTLS_UPD" TOINSTANCETYPE ="Update Strategy"/>
        <CONNECTOR FROMFIELD ="QTY_SHIPPED" FROMINSTANCE ="SQ_ATT_SHIP_DTLS_UPD" FROMINSTANCETYPE ="Source Qualifier" TOFIELD ="QTY_SHIPPED" TOINSTANCE ="UPD_ATT_SHIP_DTLS_UPD" TOINSTANCETYPE ="Update Strategy"/>
        <CONNECTOR FROMFIELD ="IMEI" FROMINSTANCE ="SQ_ATT_SHIP_DTLS_UPD" FROMINSTANCETYPE ="Source Qualifier" TOFIELD ="IMEI" TOINSTANCE ="UPD_ATT_SHIP_DTLS_UPD" TOINSTANCETYPE ="Update Strategy"/>
        <CONNECTOR FROMFIELD ="TRKING_NBR" FROMINSTANCE ="SQ_ATT_SHIP_DTLS_UPD" FROMINSTANCETYPE ="Source Qualifier" TOFIELD ="TRKING_NBR" TOINSTANCE ="UPD_ATT_SHIP_DTLS_UPD" TOINSTANCETYPE ="Update Strategy"/>
        <CONNECTOR FROMFIELD ="CAT_SEQ_ID" FROMINSTANCE ="SQ_ATT_SHIP_DTLS_UPD" FROMINSTANCETYPE ="Source Qualifier" TOFIELD ="CAT_SEQ_ID" TOINSTANCE ="UPD_ATT_SHIP_DTLS_UPD" TOINSTANCETYPE ="Update Strategy"/>
        <CONNECTOR FROMFIELD ="EDW_BATCH_ID" FROMINSTANCE ="SQ_ATT_SHIP_DTLS_UPD" FROMINSTANCETYPE ="Source Qualifier" TOFIELD ="EDW_BATCH_ID" TOINSTANCE ="UPD_ATT_SHIP_DTLS_UPD" TOINSTANCETYPE ="Update Strategy"/>
        <CONNECTOR FROMFIELD ="EDW_CREATE_DTTM" FROMINSTANCE ="SQ_ATT_SHIP_DTLS_UPD" FROMINSTANCETYPE ="Source Qualifier" TOFIELD ="EDW_CREATE_DTTM" TOINSTANCE ="UPD_ATT_SHIP_DTLS_UPD" TOINSTANCETYPE ="Update Strategy"/>
        <CONNECTOR FROMFIELD ="EDW_UPDATE_DTTM" FROMINSTANCE ="SQ_ATT_SHIP_DTLS_UPD" FROMINSTANCETYPE ="Source Qualifier" TOFIELD ="EDW_UPDATE_DTTM" TOINSTANCE ="UPD_ATT_SHIP_DTLS_UPD" TOINSTANCETYPE ="Update Strategy"/>
        <CONNECTOR FROMFIELD ="RPT_DATE" FROMINSTANCE ="SQ_ATT_SHIP_DTLS_UPD" FROMINSTANCETYPE ="Source Qualifier" TOFIELD ="RPT_DATE" TOINSTANCE ="UPD_ATT_SHIP_DTLS_UPD" TOINSTANCETYPE ="Update Strategy"/>
        <CONNECTOR FROMFIELD ="SRC_PO_ID" FROMINSTANCE ="SQ_ATT_SHIP_DTLS_UPD" FROMINSTANCETYPE ="Source Qualifier" TOFIELD ="SRC_PO_ID" TOINSTANCE ="UPD_ATT_SHIP_DTLS_UPD" TOINSTANCETYPE ="Update Strategy"/>
        <CONNECTOR FROMFIELD ="CO_CD" FROMINSTANCE ="SQ_ATT_SHIP_DTLS_UPD" FROMINSTANCETYPE ="Source Qualifier" TOFIELD ="CO_CD" TOINSTANCE ="UPD_ATT_SHIP_DTLS_UPD" TOINSTANCETYPE ="Update Strategy"/>
        <CONNECTOR FROMFIELD ="PROD_SEQ_ID" FROMINSTANCE ="SQ_ATT_SHIP_DTLS_UPD" FROMINSTANCETYPE ="Source Qualifier" TOFIELD ="PROD_SEQ_ID" TOINSTANCE ="UPD_ATT_SHIP_DTLS_UPD" TOINSTANCETYPE ="Update Strategy"/>
        <CONNECTOR FROMFIELD ="ATT_INVOICE_NBR" FROMINSTANCE ="SQ_ATT_SHIP_DTLS_UPD" FROMINSTANCETYPE ="Source Qualifier" TOFIELD ="ATT_INVOICE_NBR" TOINSTANCE ="UPD_ATT_SHIP_DTLS_UPD" TOINSTANCETYPE ="Update Strategy"/>
        <CONNECTOR FROMFIELD ="STORE_SEQ_ID_SHIP_FOR" FROMINSTANCE ="SQ_ATT_SHIP_DTLS_UPD" FROMINSTANCETYPE ="Source Qualifier" TOFIELD ="STORE_SEQ_ID_SHIP_FOR" TOINSTANCE ="UPD_ATT_SHIP_DTLS_UPD" TOINSTANCETYPE ="Update Strategy"/>
        <CONNECTOR FROMFIELD ="ORD_NBR" FROMINSTANCE ="SQ_ATT_SHIP_DTLS_UPD" FROMINSTANCETYPE ="Source Qualifier" TOFIELD ="ORD_NBR" TOINSTANCE ="UPD_ATT_SHIP_DTLS_UPD" TOINSTANCETYPE ="Update Strategy"/>
        <CONNECTOR FROMFIELD ="ACTL_SHIP_DATE" FROMINSTANCE ="SQ_ATT_SHIP_DTLS_UPD" FROMINSTANCETYPE ="Source Qualifier" TOFIELD ="ACTL_SHIP_DATE" TOINSTANCE ="UPD_ATT_SHIP_DTLS_UPD" TOINSTANCETYPE ="Update Strategy"/>
        <CONNECTOR FROMFIELD ="UNT_PRC" FROMINSTANCE ="SQ_ATT_SHIP_DTLS_UPD" FROMINSTANCETYPE ="Source Qualifier" TOFIELD ="UNT_PRC" TOINSTANCE ="UPD_ATT_SHIP_DTLS_UPD" TOINSTANCETYPE ="Update Strategy"/>
        <CONNECTOR FROMFIELD ="EXTN_PRC" FROMINSTANCE ="SQ_ATT_SHIP_DTLS_UPD" FROMINSTANCETYPE ="Source Qualifier" TOFIELD ="EXTN_PRC" TOINSTANCE ="UPD_ATT_SHIP_DTLS_UPD" TOINSTANCETYPE ="Update Strategy"/>
        <CONNECTOR FROMFIELD ="RPT_DATE" FROMINSTANCE ="SQ_ATT_SHIP_DTLS_INS" FROMINSTANCETYPE ="Source Qualifier" TOFIELD ="RPT_DATE" TOINSTANCE ="UPD_ATT_SHIP_DTLS_INS" TOINSTANCETYPE ="Update Strategy"/>
        <CONNECTOR FROMFIELD ="SRC_PO_ID" FROMINSTANCE ="SQ_ATT_SHIP_DTLS_INS" FROMINSTANCETYPE ="Source Qualifier" TOFIELD ="SRC_PO_ID" TOINSTANCE ="UPD_ATT_SHIP_DTLS_INS" TOINSTANCETYPE ="Update Strategy"/>
        <CONNECTOR FROMFIELD ="CO_CD" FROMINSTANCE ="SQ_ATT_SHIP_DTLS_INS" FROMINSTANCETYPE ="Source Qualifier" TOFIELD ="CO_CD" TOINSTANCE ="UPD_ATT_SHIP_DTLS_INS" TOINSTANCETYPE ="Update Strategy"/>
        <CONNECTOR FROMFIELD ="PROD_SEQ_ID" FROMINSTANCE ="SQ_ATT_SHIP_DTLS_INS" FROMINSTANCETYPE ="Source Qualifier" TOFIELD ="PROD_SEQ_ID" TOINSTANCE ="UPD_ATT_SHIP_DTLS_INS" TOINSTANCETYPE ="Update Strategy"/>
        <CONNECTOR FROMFIELD ="ATT_INVOICE_NBR" FROMINSTANCE ="SQ_ATT_SHIP_DTLS_INS" FROMINSTANCETYPE ="Source Qualifier" TOFIELD ="ATT_INVOICE_NBR" TOINSTANCE ="UPD_ATT_SHIP_DTLS_INS" TOINSTANCETYPE ="Update Strategy"/>
        <CONNECTOR FROMFIELD ="STORE_SEQ_ID_SHIP_FOR" FROMINSTANCE ="SQ_ATT_SHIP_DTLS_INS" FROMINSTANCETYPE ="Source Qualifier" TOFIELD ="STORE_SEQ_ID_SHIP_FOR" TOINSTANCE ="UPD_ATT_SHIP_DTLS_INS" TOINSTANCETYPE ="Update Strategy"/>
        <CONNECTOR FROMFIELD ="ORD_NBR" FROMINSTANCE ="SQ_ATT_SHIP_DTLS_INS" FROMINSTANCETYPE ="Source Qualifier" TOFIELD ="ORD_NBR" TOINSTANCE ="UPD_ATT_SHIP_DTLS_INS" TOINSTANCETYPE ="Update Strategy"/>
        <CONNECTOR FROMFIELD ="ACTL_SHIP_DATE" FROMINSTANCE ="SQ_ATT_SHIP_DTLS_INS" FROMINSTANCETYPE ="Source Qualifier" TOFIELD ="ACTL_SHIP_DATE" TOINSTANCE ="UPD_ATT_SHIP_DTLS_INS" TOINSTANCETYPE ="Update Strategy"/>
        <CONNECTOR FROMFIELD ="UNT_PRC" FROMINSTANCE ="SQ_ATT_SHIP_DTLS_INS" FROMINSTANCETYPE ="Source Qualifier" TOFIELD ="UNT_PRC" TOINSTANCE ="UPD_ATT_SHIP_DTLS_INS" TOINSTANCETYPE ="Update Strategy"/>
        <CONNECTOR FROMFIELD ="EXTN_PRC" FROMINSTANCE ="SQ_ATT_SHIP_DTLS_INS" FROMINSTANCETYPE ="Source Qualifier" TOFIELD ="EXTN_PRC" TOINSTANCE ="UPD_ATT_SHIP_DTLS_INS" TOINSTANCETYPE ="Update Strategy"/>
        <CONNECTOR FROMFIELD ="QTY_ORD" FROMINSTANCE ="SQ_ATT_SHIP_DTLS_INS" FROMINSTANCETYPE ="Source Qualifier" TOFIELD ="QTY_ORD" TOINSTANCE ="UPD_ATT_SHIP_DTLS_INS" TOINSTANCETYPE ="Update Strategy"/>
        <CONNECTOR FROMFIELD ="QTY_SHIPPED" FROMINSTANCE ="SQ_ATT_SHIP_DTLS_INS" FROMINSTANCETYPE ="Source Qualifier" TOFIELD ="QTY_SHIPPED" TOINSTANCE ="UPD_ATT_SHIP_DTLS_INS" TOINSTANCETYPE ="Update Strategy"/>
        <CONNECTOR FROMFIELD ="IMEI" FROMINSTANCE ="SQ_ATT_SHIP_DTLS_INS" FROMINSTANCETYPE ="Source Qualifier" TOFIELD ="IMEI" TOINSTANCE ="UPD_ATT_SHIP_DTLS_INS" TOINSTANCETYPE ="Update Strategy"/>
        <CONNECTOR FROMFIELD ="TRKING_NBR" FROMINSTANCE ="SQ_ATT_SHIP_DTLS_INS" FROMINSTANCETYPE ="Source Qualifier" TOFIELD ="TRKING_NBR" TOINSTANCE ="UPD_ATT_SHIP_DTLS_INS" TOINSTANCETYPE ="Update Strategy"/>
        <CONNECTOR FROMFIELD ="CAT_SEQ_ID" FROMINSTANCE ="SQ_ATT_SHIP_DTLS_INS" FROMINSTANCETYPE ="Source Qualifier" TOFIELD ="CAT_SEQ_ID" TOINSTANCE ="UPD_ATT_SHIP_DTLS_INS" TOINSTANCETYPE ="Update Strategy"/>
        <CONNECTOR FROMFIELD ="EDW_BATCH_ID" FROMINSTANCE ="SQ_ATT_SHIP_DTLS_INS" FROMINSTANCETYPE ="Source Qualifier" TOFIELD ="EDW_BATCH_ID" TOINSTANCE ="UPD_ATT_SHIP_DTLS_INS" TOINSTANCETYPE ="Update Strategy"/>
        <CONNECTOR FROMFIELD ="EDW_CREATE_DTTM" FROMINSTANCE ="SQ_ATT_SHIP_DTLS_INS" FROMINSTANCETYPE ="Source Qualifier" TOFIELD ="EDW_CREATE_DTTM" TOINSTANCE ="UPD_ATT_SHIP_DTLS_INS" TOINSTANCETYPE ="Update Strategy"/>
        <CONNECTOR FROMFIELD ="EDW_UPDATE_DTTM" FROMINSTANCE ="SQ_ATT_SHIP_DTLS_INS" FROMINSTANCETYPE ="Source Qualifier" TOFIELD ="EDW_UPDATE_DTTM" TOINSTANCE ="UPD_ATT_SHIP_DTLS_INS" TOINSTANCETYPE ="Update Strategy"/>
        <TARGETLOADORDER ORDER ="2" TARGETINSTANCE ="ATT_SHIP_DTLS_INS"/>
        <TARGETLOADORDER ORDER ="1" TARGETINSTANCE ="ATT_SHIP_DTLS_UPD"/>
        <MAPPINGVARIABLE DATATYPE ="string" DEFAULTVALUE ="" DESCRIPTION ="" ISEXPRESSIONVARIABLE ="NO" ISPARAM ="YES" NAME ="$$BATCH_ID" PRECISION ="100" SCALE ="0" USERDEFINED ="YES"/>
        <ERPINFO/>
    </MAPPING>
    <SHORTCUT COMMENTS ="" DBDNAME ="TB_STAGE" FOLDERNAME ="EDW_TechBrands_Shared" NAME ="Shortcut_to_ATT_SHIP_DTLS" OBJECTSUBTYPE ="Source Definition" OBJECTTYPE ="SOURCE" REFERENCEDDBD ="TB_STAGE" REFERENCETYPE ="LOCAL" REFOBJECTNAME ="ATT_SHIP_DTLS" REPOSITORYNAME ="PWC_REPO_INFA_INT_DEV01" VERSIONNUMBER ="1"/>
    <SHORTCUT COMMENTS ="" FOLDERNAME ="EDW_TechBrands_Shared" NAME ="Shortcut_to_ATT_SHIP_DTLS" OBJECTSUBTYPE ="Target Definition" OBJECTTYPE ="TARGET" REFERENCETYPE ="LOCAL" REFOBJECTNAME ="ATT_SHIP_DTLS" REPOSITORYNAME ="PWC_REPO_INFA_INT_DEV01" VERSIONNUMBER ="1"/>
    <CONFIG DESCRIPTION ="Default session configuration object" ISDEFAULT ="YES" NAME ="default_session_config" VERSIONNUMBER ="1">
        <ATTRIBUTE NAME ="Advanced" VALUE =""/>
        <ATTRIBUTE NAME ="Constraint based load ordering" VALUE ="NO"/>
        <ATTRIBUTE NAME ="Cache LOOKUP() function" VALUE ="YES"/>
        <ATTRIBUTE NAME ="Default buffer block size" VALUE ="Auto"/>
        <ATTRIBUTE NAME ="Line Sequential buffer length" VALUE ="1024"/>
        <ATTRIBUTE NAME ="Maximum Memory Allowed For Auto Memory Attributes" VALUE ="512MB"/>
        <ATTRIBUTE NAME ="Maximum Percentage of Total Memory Allowed For Auto Memory Attributes" VALUE ="5"/>
        <ATTRIBUTE NAME ="Additional Concurrent Pipelines for Lookup Cache Creation" VALUE ="Auto"/>
        <ATTRIBUTE NAME ="Custom Properties" VALUE =""/>
        <ATTRIBUTE NAME ="Pre-build lookup cache" VALUE ="Auto"/>
        <ATTRIBUTE NAME ="Optimization Level" VALUE ="Medium"/>
        <ATTRIBUTE NAME ="DateTime Format String" VALUE ="MM/DD/YYYY HH24:MI:SS.US"/>
        <ATTRIBUTE NAME ="Pre 85 Timestamp Compatibility" VALUE ="NO"/>
        <ATTRIBUTE NAME ="Log Options" VALUE ="0"/>
        <ATTRIBUTE NAME ="Save session log by" VALUE ="Session runs"/>
        <ATTRIBUTE NAME ="Save session log for these runs" VALUE ="0"/>
        <ATTRIBUTE NAME ="Session Log File Max Size" VALUE ="0"/>
        <ATTRIBUTE NAME ="Session Log File Max Time Period" VALUE ="0"/>
        <ATTRIBUTE NAME ="Maximum Partial Session Log Files" VALUE ="1"/>
        <ATTRIBUTE NAME ="Writer Commit Statistics Log Frequency" VALUE ="1"/>
        <ATTRIBUTE NAME ="Writer Commit Statistics Log Interval" VALUE ="0"/>
        <ATTRIBUTE NAME ="Error handling" VALUE =""/>
        <ATTRIBUTE NAME ="Stop on errors" VALUE ="0"/>
        <ATTRIBUTE NAME ="Override tracing" VALUE ="None"/>
        <ATTRIBUTE NAME ="On Stored Procedure error" VALUE ="Stop"/>
        <ATTRIBUTE NAME ="On Pre-session command task error" VALUE ="Stop"/>
        <ATTRIBUTE NAME ="On Pre-Post SQL error" VALUE ="Stop"/>
        <ATTRIBUTE NAME ="Enable Recovery" VALUE ="NO"/>
        <ATTRIBUTE NAME ="Error Log Type" VALUE ="None"/>
        <ATTRIBUTE NAME ="Error Log Table Name Prefix" VALUE =""/>
        <ATTRIBUTE NAME ="Error Log File Name" VALUE ="PMError.log"/>
        <ATTRIBUTE NAME ="Log Source Row Data" VALUE ="NO"/>
        <ATTRIBUTE NAME ="Data Column Delimiter" VALUE ="|"/>
        <ATTRIBUTE NAME ="Partitioning Options" VALUE =""/>
        <ATTRIBUTE NAME ="Dynamic Partitioning" VALUE ="Disabled"/>
        <ATTRIBUTE NAME ="Number of Partitions" VALUE ="1"/>
        <ATTRIBUTE NAME ="Multiplication Factor" VALUE ="Auto"/>
        <ATTRIBUTE NAME ="Session on Grid" VALUE =""/>
        <ATTRIBUTE NAME ="Is Enabled" VALUE ="NO"/>
    </CONFIG>
    <TASK DESCRIPTION ="Use for failure emails in sessions." NAME ="Email_Session_Failure" REUSABLE ="YES" TYPE ="Email" VERSIONNUMBER ="1">
        <ATTRIBUTE NAME ="Email User Name" VALUE ="$PMFailureEmailUser"/>
        <ATTRIBUTE NAME ="Email Subject" VALUE ="INFORMATICA SESSION FAILURE: %w has failed"/>
        <ATTRIBUTE NAME ="Email Text" VALUE ="Please verify the session log file and take necessary action.&#xD;&#xA;&#xD;&#xA;Folder: %n&#xD;&#xA;Workflow Name: %w&#xD;&#xA;Workflow Run Instance Name: %z&#xD;&#xA;Session: %s&#xD;&#xA;Mapping: %m&#xD;&#xA;&#xD;&#xA;Session Start Time: %b&#xD;&#xA;Session Completion Time: %c&#xD;&#xA;Session Status: %e"/>
    </TASK>
    <SESSION DESCRIPTION ="" ISVALID ="YES" MAPPINGNAME ="m_ST2CR_103_ATT_INVENTORY_ATT_SHIP_DTLS" NAME ="s_m_ST2CR_103_ATT_INVENTORY_ATT_SHIP_DTLS" REUSABLE ="YES" SORTORDER ="Binary" VERSIONNUMBER ="1">
        <SESSTRANSFORMATIONINST ISREPARTITIONPOINT ="YES" PARTITIONTYPE ="PASS THROUGH" PIPELINE ="2" SINSTANCENAME ="ATT_SHIP_DTLS_INS" STAGE ="1" TRANSFORMATIONNAME ="ATT_SHIP_DTLS_INS" TRANSFORMATIONTYPE ="Target Definition">
            <ATTRIBUTE NAME ="Table Name Prefix" VALUE ="$ParamCoreDB"/>
        </SESSTRANSFORMATIONINST>
        <SESSTRANSFORMATIONINST ISREPARTITIONPOINT ="YES" PARTITIONTYPE ="PASS THROUGH" PIPELINE ="1" SINSTANCENAME ="ATT_SHIP_DTLS_UPD" STAGE ="2" TRANSFORMATIONNAME ="ATT_SHIP_DTLS_UPD" TRANSFORMATIONTYPE ="Target Definition">
            <ATTRIBUTE NAME ="Table Name Prefix" VALUE ="$ParamCoreDB"/>
        </SESSTRANSFORMATIONINST>
        <SESSTRANSFORMATIONINST ISREPARTITIONPOINT ="NO" PIPELINE ="0" SINSTANCENAME ="ATT_SHIP_DTLS" STAGE ="0" TRANSFORMATIONNAME ="ATT_SHIP_DTLS" TRANSFORMATIONTYPE ="Source Definition"/>
        <SESSTRANSFORMATIONINST ISREPARTITIONPOINT ="NO" PIPELINE ="0" SINSTANCENAME ="ATT_SHIP_DTLS1" STAGE ="0" TRANSFORMATIONNAME ="ATT_SHIP_DTLS1" TRANSFORMATIONTYPE ="Source Definition"/>
        <SESSTRANSFORMATIONINST ISREPARTITIONPOINT ="YES" PARTITIONTYPE ="PASS THROUGH" PIPELINE ="1" SINSTANCENAME ="SQ_ATT_SHIP_DTLS_UPD" STAGE ="3" TRANSFORMATIONNAME ="SQ_ATT_SHIP_DTLS_UPD" TRANSFORMATIONTYPE ="Source Qualifier"/>
        <SESSTRANSFORMATIONINST ISREPARTITIONPOINT ="YES" PARTITIONTYPE ="PASS THROUGH" PIPELINE ="2" SINSTANCENAME ="SQ_ATT_SHIP_DTLS_INS" STAGE ="4" TRANSFORMATIONNAME ="SQ_ATT_SHIP_DTLS_INS" TRANSFORMATIONTYPE ="Source Qualifier"/>
        <SESSTRANSFORMATIONINST ISREPARTITIONPOINT ="NO" PIPELINE ="2" SINSTANCENAME ="UPD_ATT_SHIP_DTLS_INS" STAGE ="4" TRANSFORMATIONNAME ="UPD_ATT_SHIP_DTLS_INS" TRANSFORMATIONTYPE ="Update Strategy">
            <PARTITION DESCRIPTION ="" NAME ="Partition #1"/>
        </SESSTRANSFORMATIONINST>
        <SESSTRANSFORMATIONINST ISREPARTITIONPOINT ="NO" PIPELINE ="1" SINSTANCENAME ="UPD_ATT_SHIP_DTLS_UPD" STAGE ="3" TRANSFORMATIONNAME ="UPD_ATT_SHIP_DTLS_UPD" TRANSFORMATIONTYPE ="Update Strategy">
            <PARTITION DESCRIPTION ="" NAME ="Partition #1"/>
        </SESSTRANSFORMATIONINST>
        <CONFIGREFERENCE REFOBJECTNAME ="default_session_config" TYPE ="Session config">
            <ATTRIBUTE NAME ="Stop on errors" VALUE ="$PMSessionErrorThreshold"/>
        </CONFIGREFERENCE>
        <SESSIONCOMPONENT REFOBJECTNAME ="Email_Session_Failure" REUSABLE ="YES" TYPE ="Failure Email"/>
        <SESSIONEXTENSION NAME ="Relational Writer" SINSTANCENAME ="ATT_SHIP_DTLS_INS" SUBTYPE ="Relational Writer" TRANSFORMATIONTYPE ="Target Definition" TYPE ="WRITER">
            <CONNECTIONREFERENCE CNXREFNAME ="DB Connection" CONNECTIONNAME ="" CONNECTIONNUMBER ="1" CONNECTIONSUBTYPE ="" CONNECTIONTYPE ="Relational" VARIABLE ="$DBConnection_TD_ODBC"/>
            <ATTRIBUTE NAME ="Target load type" VALUE ="Bulk"/>
            <ATTRIBUTE NAME ="Insert" VALUE ="YES"/>
            <ATTRIBUTE NAME ="Update as Update" VALUE ="NO"/>
            <ATTRIBUTE NAME ="Update as Insert" VALUE ="NO"/>
            <ATTRIBUTE NAME ="Update else Insert" VALUE ="NO"/>
            <ATTRIBUTE NAME ="Delete" VALUE ="NO"/>
            <ATTRIBUTE NAME ="Truncate target table option" VALUE ="NO"/>
            <ATTRIBUTE NAME ="Reject file directory" VALUE ="$PMBadFileDir&#x5c;"/>
            <ATTRIBUTE NAME ="Reject filename" VALUE ="att_ship_dtls_ins1.bad"/>
        </SESSIONEXTENSION>
        <SESSIONEXTENSION NAME ="Relational Writer" SINSTANCENAME ="ATT_SHIP_DTLS_UPD" SUBTYPE ="Relational Writer" TRANSFORMATIONTYPE ="Target Definition" TYPE ="WRITER">
            <CONNECTIONREFERENCE CNXREFNAME ="DB Connection" CONNECTIONNAME ="" CONNECTIONNUMBER ="1" CONNECTIONSUBTYPE ="" CONNECTIONTYPE ="Relational" VARIABLE ="$DBConnection_TD_ODBC"/>
            <ATTRIBUTE NAME ="Target load type" VALUE ="Bulk"/>
            <ATTRIBUTE NAME ="Insert" VALUE ="NO"/>
            <ATTRIBUTE NAME ="Update as Update" VALUE ="NO"/>
            <ATTRIBUTE NAME ="Update as Insert" VALUE ="NO"/>
            <ATTRIBUTE NAME ="Update else Insert" VALUE ="YES"/>
            <ATTRIBUTE NAME ="Delete" VALUE ="NO"/>
            <ATTRIBUTE NAME ="Truncate target table option" VALUE ="NO"/>
            <ATTRIBUTE NAME ="Reject file directory" VALUE ="$PMBadFileDir&#x5c;"/>
            <ATTRIBUTE NAME ="Reject filename" VALUE ="att_ship_dtls_upd1.bad"/>
        </SESSIONEXTENSION>
        <SESSIONEXTENSION DSQINSTNAME ="SQ_ATT_SHIP_DTLS_INS" DSQINSTTYPE ="Source Qualifier" NAME ="Relational Reader" SINSTANCENAME ="ATT_SHIP_DTLS" SUBTYPE ="Relational Reader" TRANSFORMATIONTYPE ="Source Definition" TYPE ="READER"/>
        <SESSIONEXTENSION DSQINSTNAME ="SQ_ATT_SHIP_DTLS_UPD" DSQINSTTYPE ="Source Qualifier" NAME ="Relational Reader" SINSTANCENAME ="ATT_SHIP_DTLS1" SUBTYPE ="Relational Reader" TRANSFORMATIONTYPE ="Source Definition" TYPE ="READER"/>
        <SESSIONEXTENSION NAME ="Relational Reader" SINSTANCENAME ="SQ_ATT_SHIP_DTLS_UPD" SUBTYPE ="Relational Reader" TRANSFORMATIONTYPE ="Source Qualifier" TYPE ="READER">
            <CONNECTIONREFERENCE CNXREFNAME ="DB Connection" CONNECTIONNAME ="" CONNECTIONNUMBER ="1" CONNECTIONSUBTYPE ="" CONNECTIONTYPE ="Relational" VARIABLE ="$DBConnection_TD_ODBC"/>
        </SESSIONEXTENSION>
        <SESSIONEXTENSION NAME ="Relational Reader" SINSTANCENAME ="SQ_ATT_SHIP_DTLS_INS" SUBTYPE ="Relational Reader" TRANSFORMATIONTYPE ="Source Qualifier" TYPE ="READER">
            <CONNECTIONREFERENCE CNXREFNAME ="DB Connection" CONNECTIONNAME ="" CONNECTIONNUMBER ="1" CONNECTIONSUBTYPE ="" CONNECTIONTYPE ="Relational" VARIABLE ="$DBConnection_TD_ODBC"/>
        </SESSIONEXTENSION>
        <ATTRIBUTE NAME ="General Options" VALUE =""/>
        <ATTRIBUTE NAME ="Write Backward Compatible Session Log File" VALUE ="NO"/>
        <ATTRIBUTE NAME ="Session Log File Name" VALUE ="s_m_ST2CR_103_ATT_INVENTORY_ATT_SHIP_DTLS.log"/>
        <ATTRIBUTE NAME ="Session Log File directory" VALUE ="$PMSessionLogDir&#x5c;"/>
        <ATTRIBUTE NAME ="Parameter Filename" VALUE ="$$SessFileTgtPath$$SessFileName"/>
        <ATTRIBUTE NAME ="Enable Test Load" VALUE ="NO"/>
        <ATTRIBUTE NAME ="$Source connection value" VALUE =""/>
        <ATTRIBUTE NAME ="$Target connection value" VALUE =""/>
        <ATTRIBUTE NAME ="Treat source rows as" VALUE ="Data driven"/>
        <ATTRIBUTE NAME ="Commit Type" VALUE ="Target"/>
        <ATTRIBUTE NAME ="Commit Interval" VALUE ="10000"/>
        <ATTRIBUTE NAME ="Commit On End Of File" VALUE ="YES"/>
        <ATTRIBUTE NAME ="Rollback Transactions on Errors" VALUE ="NO"/>
        <ATTRIBUTE NAME ="Recovery Strategy" VALUE ="Fail task and continue workflow"/>
        <ATTRIBUTE NAME ="Java Classpath" VALUE =""/>
        <ATTRIBUTE NAME ="Performance" VALUE =""/>
        <ATTRIBUTE NAME ="DTM buffer size" VALUE ="Auto"/>
        <ATTRIBUTE NAME ="Collect performance data" VALUE ="NO"/>
        <ATTRIBUTE NAME ="Write performance data to repository" VALUE ="NO"/>
        <ATTRIBUTE NAME ="Incremental Aggregation" VALUE ="NO"/>
        <ATTRIBUTE NAME ="Enable high precision" VALUE ="NO"/>
        <ATTRIBUTE NAME ="Session retry on deadlock" VALUE ="NO"/>
        <ATTRIBUTE NAME ="Pushdown Optimization" VALUE ="Full"/>
        <ATTRIBUTE NAME ="Allow Temporary View for Pushdown" VALUE ="NO"/>
        <ATTRIBUTE NAME ="Allow Temporary Sequence for Pushdown" VALUE ="NO"/>
        <ATTRIBUTE NAME ="Allow Pushdown for User Incompatible Connections" VALUE ="NO"/>
    </SESSION>
    <WORKFLOW DESCRIPTION ="" ISENABLED ="YES" ISRUNNABLESERVICE ="NO" ISSERVICE ="NO" ISVALID ="YES" NAME ="wf_ATT_SHIP_DTLS_STG2COR" REUSABLE_SCHEDULER ="NO" SCHEDULERNAME ="Scheduler" SERVERNAME ="PWC_SRVC_INFA_INT_DEV01" SERVER_DOMAINNAME ="Domain_INFA_INT_DEV01" SUSPEND_ON_ERROR ="NO" TASKS_MUST_RUN_ON_SERVER ="NO" VERSIONNUMBER ="1">
        <SCHEDULER DESCRIPTION ="" NAME ="Scheduler" REUSABLE ="NO" VERSIONNUMBER ="1">
            <SCHEDULEINFO SCHEDULETYPE ="ONDEMAND"/>
        </SCHEDULER>
        <TASK DESCRIPTION ="" NAME ="Start" REUSABLE ="NO" TYPE ="Start" VERSIONNUMBER ="1"/>
        <TASKINSTANCE DESCRIPTION ="" ISENABLED ="YES" NAME ="Start" REUSABLE ="NO" TASKNAME ="Start" TASKTYPE ="Start"/>
        <TASKINSTANCE DESCRIPTION ="" FAIL_PARENT_IF_INSTANCE_DID_NOT_RUN ="NO" FAIL_PARENT_IF_INSTANCE_FAILS ="YES" ISENABLED ="YES" NAME ="s_m_ST2CR_103_ATT_INVENTORY_ATT_SHIP_DTLS" REUSABLE ="YES" TASKNAME ="s_m_ST2CR_103_ATT_INVENTORY_ATT_SHIP_DTLS" TASKTYPE ="Session" TREAT_INPUTLINK_AS_AND ="YES"/>
        <WORKFLOWLINK CONDITION ="" FROMTASK ="Start" TOTASK ="s_m_ST2CR_103_ATT_INVENTORY_ATT_SHIP_DTLS"/>
        <WORKFLOWVARIABLE DATATYPE ="date/time" DEFAULTVALUE ="" DESCRIPTION ="The time this task started" ISNULL ="NO" ISPERSISTENT ="NO" NAME ="$Start.StartTime" USERDEFINED ="NO"/>
        <WORKFLOWVARIABLE DATATYPE ="date/time" DEFAULTVALUE ="" DESCRIPTION ="The time this task completed" ISNULL ="NO" ISPERSISTENT ="NO" NAME ="$Start.EndTime" USERDEFINED ="NO"/>
        <WORKFLOWVARIABLE DATATYPE ="integer" DEFAULTVALUE ="" DESCRIPTION ="Status of this task&apos;s execution" ISNULL ="NO" ISPERSISTENT ="NO" NAME ="$Start.Status" USERDEFINED ="NO"/>
        <WORKFLOWVARIABLE DATATYPE ="integer" DEFAULTVALUE ="" DESCRIPTION ="Status of the previous task that is not disabled" ISNULL ="NO" ISPERSISTENT ="NO" NAME ="$Start.PrevTaskStatus" USERDEFINED ="NO"/>
        <WORKFLOWVARIABLE DATATYPE ="integer" DEFAULTVALUE ="" DESCRIPTION ="Error code for this task&apos;s execution" ISNULL ="NO" ISPERSISTENT ="NO" NAME ="$Start.ErrorCode" USERDEFINED ="NO"/>
        <WORKFLOWVARIABLE DATATYPE ="string" DEFAULTVALUE ="" DESCRIPTION ="Error message for this task&apos;s execution" ISNULL ="NO" ISPERSISTENT ="NO" NAME ="$Start.ErrorMsg" USERDEFINED ="NO"/>
        <WORKFLOWVARIABLE DATATYPE ="date/time" DEFAULTVALUE ="" DESCRIPTION ="The time this task started" ISNULL ="NO" ISPERSISTENT ="NO" NAME ="$s_m_ST2CR_103_ATT_INVENTORY_ATT_SHIP_DTLS.StartTime" USERDEFINED ="NO"/>
        <WORKFLOWVARIABLE DATATYPE ="date/time" DEFAULTVALUE ="" DESCRIPTION ="The time this task completed" ISNULL ="NO" ISPERSISTENT ="NO" NAME ="$s_m_ST2CR_103_ATT_INVENTORY_ATT_SHIP_DTLS.EndTime" USERDEFINED ="NO"/>
        <WORKFLOWVARIABLE DATATYPE ="integer" DEFAULTVALUE ="" DESCRIPTION ="Status of this task&apos;s execution" ISNULL ="NO" ISPERSISTENT ="NO" NAME ="$s_m_ST2CR_103_ATT_INVENTORY_ATT_SHIP_DTLS.Status" USERDEFINED ="NO"/>
        <WORKFLOWVARIABLE DATATYPE ="integer" DEFAULTVALUE ="" DESCRIPTION ="Status of the previous task that is not disabled" ISNULL ="NO" ISPERSISTENT ="NO" NAME ="$s_m_ST2CR_103_ATT_INVENTORY_ATT_SHIP_DTLS.PrevTaskStatus" USERDEFINED ="NO"/>
        <WORKFLOWVARIABLE DATATYPE ="integer" DEFAULTVALUE ="" DESCRIPTION ="Error code for this task&apos;s execution" ISNULL ="NO" ISPERSISTENT ="NO" NAME ="$s_m_ST2CR_103_ATT_INVENTORY_ATT_SHIP_DTLS.ErrorCode" USERDEFINED ="NO"/>
        <WORKFLOWVARIABLE DATATYPE ="string" DEFAULTVALUE ="" DESCRIPTION ="Error message for this task&apos;s execution" ISNULL ="NO" ISPERSISTENT ="NO" NAME ="$s_m_ST2CR_103_ATT_INVENTORY_ATT_SHIP_DTLS.ErrorMsg" USERDEFINED ="NO"/>
        <WORKFLOWVARIABLE DATATYPE ="integer" DEFAULTVALUE ="" DESCRIPTION ="Rows successfully read" ISNULL ="NO" ISPERSISTENT ="NO" NAME ="$s_m_ST2CR_103_ATT_INVENTORY_ATT_SHIP_DTLS.SrcSuccessRows" USERDEFINED ="NO"/>
        <WORKFLOWVARIABLE DATATYPE ="integer" DEFAULTVALUE ="" DESCRIPTION ="Rows failed to read" ISNULL ="NO" ISPERSISTENT ="NO" NAME ="$s_m_ST2CR_103_ATT_INVENTORY_ATT_SHIP_DTLS.SrcFailedRows" USERDEFINED ="NO"/>
        <WORKFLOWVARIABLE DATATYPE ="integer" DEFAULTVALUE ="" DESCRIPTION ="Rows successfully loaded" ISNULL ="NO" ISPERSISTENT ="NO" NAME ="$s_m_ST2CR_103_ATT_INVENTORY_ATT_SHIP_DTLS.TgtSuccessRows" USERDEFINED ="NO"/>
        <WORKFLOWVARIABLE DATATYPE ="integer" DEFAULTVALUE ="" DESCRIPTION ="Rows failed to load" ISNULL ="NO" ISPERSISTENT ="NO" NAME ="$s_m_ST2CR_103_ATT_INVENTORY_ATT_SHIP_DTLS.TgtFailedRows" USERDEFINED ="NO"/>
        <WORKFLOWVARIABLE DATATYPE ="integer" DEFAULTVALUE ="" DESCRIPTION ="Total number of transformation errors" ISNULL ="NO" ISPERSISTENT ="NO" NAME ="$s_m_ST2CR_103_ATT_INVENTORY_ATT_SHIP_DTLS.TotalTransErrors" USERDEFINED ="NO"/>
        <WORKFLOWVARIABLE DATATYPE ="integer" DEFAULTVALUE ="" DESCRIPTION ="First error code" ISNULL ="NO" ISPERSISTENT ="NO" NAME ="$s_m_ST2CR_103_ATT_INVENTORY_ATT_SHIP_DTLS.FirstErrorCode" USERDEFINED ="NO"/>
        <WORKFLOWVARIABLE DATATYPE ="string" DEFAULTVALUE ="" DESCRIPTION ="First error message" ISNULL ="NO" ISPERSISTENT ="NO" NAME ="$s_m_ST2CR_103_ATT_INVENTORY_ATT_SHIP_DTLS.FirstErrorMsg" USERDEFINED ="NO"/>
        <WORKFLOWVARIABLE DATATYPE ="nstring" DEFAULTVALUE ="" DESCRIPTION ="" ISNULL ="NO" ISPERSISTENT ="NO" NAME ="$$SessFileTgtPath" USERDEFINED ="YES"/>
        <WORKFLOWVARIABLE DATATYPE ="nstring" DEFAULTVALUE ="" DESCRIPTION ="" ISNULL ="NO" ISPERSISTENT ="NO" NAME ="$$SessFileName" USERDEFINED ="YES"/>
        <ATTRIBUTE NAME ="Parameter Filename" VALUE ="$PMRootDir&#x5c;ParmFiles&#x5c;EDW_TechBrands&#x5c;wf_ATT_INVENTORY.prm"/>
        <ATTRIBUTE NAME ="Write Backward Compatible Workflow Log File" VALUE ="NO"/>
        <ATTRIBUTE NAME ="Workflow Log File Name" VALUE ="wf_ATT_SHIP_DTLS_STG2COR.log"/>
        <ATTRIBUTE NAME ="Workflow Log File Directory" VALUE ="$PMWorkflowLogDir&#x5c;"/>
        <ATTRIBUTE NAME ="Save Workflow log by" VALUE ="By runs"/>
        <ATTRIBUTE NAME ="Save workflow log for these runs" VALUE ="0"/>
        <ATTRIBUTE NAME ="Service Name" VALUE =""/>
        <ATTRIBUTE NAME ="Service Timeout" VALUE ="0"/>
        <ATTRIBUTE NAME ="Is Service Visible" VALUE ="NO"/>
        <ATTRIBUTE NAME ="Is Service Protected" VALUE ="NO"/>
        <ATTRIBUTE NAME ="Fail task after wait time" VALUE ="0"/>
        <ATTRIBUTE NAME ="Enable HA recovery" VALUE ="NO"/>
        <ATTRIBUTE NAME ="Automatically recover terminated tasks" VALUE ="NO"/>
        <ATTRIBUTE NAME ="Service Level Name" VALUE ="Default"/>
        <ATTRIBUTE NAME ="Allow concurrent run with unique run instance name" VALUE ="NO"/>
        <ATTRIBUTE NAME ="Allow concurrent run with same run instance name" VALUE ="YES"/>
        <ATTRIBUTE NAME ="Maximum number of concurrent runs" VALUE ="0"/>
        <ATTRIBUTE NAME ="Assigned Web Services Hubs" VALUE =""/>
        <ATTRIBUTE NAME ="Maximum number of concurrent runs per Hub" VALUE ="1000"/>
        <ATTRIBUTE NAME ="Expected Service Time" VALUE ="1"/>
    </WORKFLOW>
</FOLDER>
</REPOSITORY>
</POWERMART>