<?xml version="1.0" encoding="Windows-1252"?>
<!DOCTYPE POWERMART SYSTEM "powrmart.dtd">
<POWERMART CREATION_DATE="12/21/2017 09:22:30" REPOSITORY_VERSION="184.93">
<REPOSITORY NAME="PWC_REPO_INFA_INT_DEV01" VERSION="184" CODEPAGE="MS1252" DATABASETYPE="Microsoft SQL Server">
<FOLDER NAME="EDW_TechBrands_Shared" GROUP="" OWNER="509784" SHARED="SHARED" DESCRIPTION="" PERMISSIONS="rwx---r-x" UUID="4f929f9d-dc0b-41c0-b2c8-77b5bcccb575">
    <SOURCE BUSINESSNAME ="" DATABASETYPE ="Flat File" DBDNAME ="FlatFile" DESCRIPTION ="" NAME ="AWS_STORE_DELR_CD_ASSOC" OBJECTVERSION ="1" OWNERNAME ="" VERSIONNUMBER ="1">
        <FLATFILE CODEPAGE ="MS1252" CONSECDELIMITERSASONE ="NO" DELIMITED ="YES" DELIMITERS ="," ESCAPE_CHARACTER ="" KEEPESCAPECHAR ="NO" LINESEQUENTIAL ="NO" MULTIDELIMITERSASAND ="YES" NULLCHARTYPE ="ASCII" NULL_CHARACTER ="*" PADBYTES ="1" QUOTE_CHARACTER ="DOUBLE" REPEATABLE ="NO" ROWDELIMITER ="0" SHIFTSENSITIVEDATA ="NO" SKIPROWS ="1" STRIPTRAILINGBLANKS ="NO"/>
        <TABLEATTRIBUTE NAME ="Base Table Name" VALUE =""/>
        <TABLEATTRIBUTE NAME ="Search Specification" VALUE =""/>
        <TABLEATTRIBUTE NAME ="Sort Specification" VALUE =""/>
        <TABLEATTRIBUTE NAME ="Datetime Format" VALUE ="A  19 mm/dd/yyyy hh24:mi:ss"/>
        <TABLEATTRIBUTE NAME ="Thousand Separator" VALUE ="None"/>
        <TABLEATTRIBUTE NAME ="Decimal Separator" VALUE ="."/>
        <TABLEATTRIBUTE NAME ="Add Currently Processed Flat File Name Port" VALUE ="NO"/>
        <SOURCEFIELD BUSINESSNAME ="" DATATYPE ="string" DESCRIPTION ="" FIELDNUMBER ="1" FIELDPROPERTY ="0" FIELDTYPE ="ELEMITEM" HIDDEN ="NO" KEYTYPE ="NOT A KEY" LENGTH ="100" LEVEL ="0" NAME ="STORE_NUM" NULLABLE ="NULL" OCCURS ="0" OFFSET ="0" PHYSICALLENGTH ="100" PHYSICALOFFSET ="0" PICTURETEXT ="" PRECISION ="100" SCALE ="0" USAGE_FLAGS =""/>
        <SOURCEFIELD BUSINESSNAME ="" DATATYPE ="string" DESCRIPTION ="" FIELDNUMBER ="2" FIELDPROPERTY ="0" FIELDTYPE ="ELEMITEM" HIDDEN ="NO" KEYTYPE ="NOT A KEY" LENGTH ="100" LEVEL ="0" NAME ="CO_CD" NULLABLE ="NULL" OCCURS ="0" OFFSET ="100" PHYSICALLENGTH ="100" PHYSICALOFFSET ="100" PICTURETEXT ="" PRECISION ="100" SCALE ="0" USAGE_FLAGS =""/>
        <SOURCEFIELD BUSINESSNAME ="" DATATYPE ="string" DESCRIPTION ="" FIELDNUMBER ="3" FIELDPROPERTY ="0" FIELDTYPE ="ELEMITEM" HIDDEN ="NO" KEYTYPE ="NOT A KEY" LENGTH ="100" LEVEL ="0" NAME ="DLR_CD" NULLABLE ="NULL" OCCURS ="0" OFFSET ="200" PHYSICALLENGTH ="100" PHYSICALOFFSET ="200" PICTURETEXT ="" PRECISION ="100" SCALE ="0" USAGE_FLAGS =""/>
        <SOURCEFIELD BUSINESSNAME ="" DATATYPE ="string" DESCRIPTION ="" FIELDNUMBER ="4" FIELDPROPERTY ="0" FIELDTYPE ="ELEMITEM" HIDDEN ="NO" KEYTYPE ="NOT A KEY" LENGTH ="100" LEVEL ="0" NAME ="ASSOC_TYP" NULLABLE ="NULL" OCCURS ="0" OFFSET ="300" PHYSICALLENGTH ="100" PHYSICALOFFSET ="300" PICTURETEXT ="" PRECISION ="100" SCALE ="0" USAGE_FLAGS =""/>
        <SOURCEFIELD BUSINESSNAME ="" DATATYPE ="string" DESCRIPTION ="" FIELDNUMBER ="5" FIELDPROPERTY ="0" FIELDTYPE ="ELEMITEM" HIDDEN ="NO" KEYTYPE ="NOT A KEY" LENGTH ="100" LEVEL ="0" NAME ="ASSOC_STAT" NULLABLE ="NULL" OCCURS ="0" OFFSET ="400" PHYSICALLENGTH ="100" PHYSICALOFFSET ="400" PICTURETEXT ="" PRECISION ="100" SCALE ="0" USAGE_FLAGS =""/>
    </SOURCE>
    <SOURCE BUSINESSNAME ="" DATABASETYPE ="Teradata" DBDNAME ="TB_WORK" DESCRIPTION ="" NAME ="WT_STORE_DELR_CD_ASSOC" OBJECTVERSION ="1" OWNERNAME ="TBWRKDEV" VERSIONNUMBER ="4">
        <SOURCEFIELD BUSINESSNAME ="" DATATYPE ="integer" DESCRIPTION ="" FIELDNUMBER ="1" FIELDPROPERTY ="0" FIELDTYPE ="ELEMITEM" HIDDEN ="NO" KEYTYPE ="NOT A KEY" LENGTH ="11" LEVEL ="0" NAME ="STORE_NUM" NULLABLE ="NULL" OCCURS ="0" OFFSET ="0" PHYSICALLENGTH ="10" PHYSICALOFFSET ="0" PICTURETEXT ="" PRECISION ="10" SCALE ="0" USAGE_FLAGS =""/>
        <SOURCEFIELD BUSINESSNAME ="" DATATYPE ="varchar" DESCRIPTION ="" FIELDNUMBER ="2" FIELDPROPERTY ="0" FIELDTYPE ="ELEMITEM" HIDDEN ="NO" KEYTYPE ="NOT A KEY" LENGTH ="0" LEVEL ="0" NAME ="DLR_CD" NULLABLE ="NULL" OCCURS ="0" OFFSET ="11" PHYSICALLENGTH ="10" PHYSICALOFFSET ="10" PICTURETEXT ="" PRECISION ="10" SCALE ="0" USAGE_FLAGS =""/>
        <SOURCEFIELD BUSINESSNAME ="" DATATYPE ="integer" DESCRIPTION ="" FIELDNUMBER ="3" FIELDPROPERTY ="0" FIELDTYPE ="ELEMITEM" HIDDEN ="NO" KEYTYPE ="NOT A KEY" LENGTH ="11" LEVEL ="0" NAME ="CO_CD" NULLABLE ="NULL" OCCURS ="0" OFFSET ="11" PHYSICALLENGTH ="10" PHYSICALOFFSET ="20" PICTURETEXT ="" PRECISION ="10" SCALE ="0" USAGE_FLAGS =""/>
        <SOURCEFIELD BUSINESSNAME ="" DATATYPE ="varchar" DESCRIPTION ="" FIELDNUMBER ="4" FIELDPROPERTY ="0" FIELDTYPE ="ELEMITEM" HIDDEN ="NO" KEYTYPE ="NOT A KEY" LENGTH ="0" LEVEL ="0" NAME ="ASSOC_TYP" NULLABLE ="NULL" OCCURS ="0" OFFSET ="22" PHYSICALLENGTH ="20" PHYSICALOFFSET ="30" PICTURETEXT ="" PRECISION ="20" SCALE ="0" USAGE_FLAGS =""/>
        <SOURCEFIELD BUSINESSNAME ="" DATATYPE ="varchar" DESCRIPTION ="" FIELDNUMBER ="5" FIELDPROPERTY ="0" FIELDTYPE ="ELEMITEM" HIDDEN ="NO" KEYTYPE ="NOT A KEY" LENGTH ="0" LEVEL ="0" NAME ="ASSOC_STAT" NULLABLE ="NULL" OCCURS ="0" OFFSET ="22" PHYSICALLENGTH ="20" PHYSICALOFFSET ="50" PICTURETEXT ="" PRECISION ="20" SCALE ="0" USAGE_FLAGS =""/>
        <SOURCEFIELD BUSINESSNAME ="" DATATYPE ="integer" DESCRIPTION ="" FIELDNUMBER ="6" FIELDPROPERTY ="0" FIELDTYPE ="ELEMITEM" HIDDEN ="NO" KEYTYPE ="NOT A KEY" LENGTH ="11" LEVEL ="0" NAME ="EDW_BATCH_ID" NULLABLE ="NULL" OCCURS ="0" OFFSET ="22" PHYSICALLENGTH ="10" PHYSICALOFFSET ="70" PICTURETEXT ="" PRECISION ="10" SCALE ="0" USAGE_FLAGS =""/>
        <SOURCEFIELD BUSINESSNAME ="" DATATYPE ="timestamp" DESCRIPTION ="" FIELDNUMBER ="7" FIELDPROPERTY ="0" FIELDTYPE ="ELEMITEM" HIDDEN ="NO" KEYTYPE ="NOT A KEY" LENGTH ="19" LEVEL ="0" NAME ="EDW_CREATE_DTTM" NULLABLE ="NULL" OCCURS ="0" OFFSET ="33" PHYSICALLENGTH ="26" PHYSICALOFFSET ="80" PICTURETEXT ="" PRECISION ="26" SCALE ="6" USAGE_FLAGS =""/>
        <SOURCEFIELD BUSINESSNAME ="" DATATYPE ="timestamp" DESCRIPTION ="" FIELDNUMBER ="8" FIELDPROPERTY ="0" FIELDTYPE ="ELEMITEM" HIDDEN ="NO" KEYTYPE ="NOT A KEY" LENGTH ="19" LEVEL ="0" NAME ="EDW_UPDATE_DTTM" NULLABLE ="NULL" OCCURS ="0" OFFSET ="52" PHYSICALLENGTH ="26" PHYSICALOFFSET ="106" PICTURETEXT ="" PRECISION ="26" SCALE ="6" USAGE_FLAGS =""/>
    </SOURCE>
    <TARGET BUSINESSNAME ="" CONSTRAINT ="" DATABASETYPE ="Teradata" DESCRIPTION ="" NAME ="WT_STORE_DELR_CD_ASSOC" OBJECTVERSION ="1" TABLEOPTIONS ="" VERSIONNUMBER ="4">
        <TARGETFIELD BUSINESSNAME ="" DATATYPE ="integer" DESCRIPTION ="" FIELDNUMBER ="1" KEYTYPE ="NOT A KEY" NAME ="STORE_NUM" NULLABLE ="NULL" PICTURETEXT ="" PRECISION ="10" SCALE ="0"/>
        <TARGETFIELD BUSINESSNAME ="" DATATYPE ="varchar" DESCRIPTION ="" FIELDNUMBER ="2" KEYTYPE ="NOT A KEY" NAME ="DLR_CD" NULLABLE ="NULL" PICTURETEXT ="" PRECISION ="10" SCALE ="0"/>
        <TARGETFIELD BUSINESSNAME ="" DATATYPE ="integer" DESCRIPTION ="" FIELDNUMBER ="3" KEYTYPE ="NOT A KEY" NAME ="CO_CD" NULLABLE ="NULL" PICTURETEXT ="" PRECISION ="10" SCALE ="0"/>
        <TARGETFIELD BUSINESSNAME ="" DATATYPE ="varchar" DESCRIPTION ="" FIELDNUMBER ="4" KEYTYPE ="NOT A KEY" NAME ="ASSOC_TYP" NULLABLE ="NULL" PICTURETEXT ="" PRECISION ="20" SCALE ="0"/>
        <TARGETFIELD BUSINESSNAME ="" DATATYPE ="varchar" DESCRIPTION ="" FIELDNUMBER ="5" KEYTYPE ="NOT A KEY" NAME ="ASSOC_STAT" NULLABLE ="NULL" PICTURETEXT ="" PRECISION ="20" SCALE ="0"/>
        <TARGETFIELD BUSINESSNAME ="" DATATYPE ="integer" DESCRIPTION ="" FIELDNUMBER ="6" KEYTYPE ="NOT A KEY" NAME ="EDW_BATCH_ID" NULLABLE ="NULL" PICTURETEXT ="" PRECISION ="10" SCALE ="0"/>
        <TARGETFIELD BUSINESSNAME ="" DATATYPE ="timestamp" DESCRIPTION ="" FIELDNUMBER ="7" KEYTYPE ="NOT A KEY" NAME ="EDW_CREATE_DTTM" NULLABLE ="NULL" PICTURETEXT ="" PRECISION ="26" SCALE ="6"/>
        <TARGETFIELD BUSINESSNAME ="" DATATYPE ="timestamp" DESCRIPTION ="" FIELDNUMBER ="8" KEYTYPE ="NOT A KEY" NAME ="EDW_UPDATE_DTTM" NULLABLE ="NULL" PICTURETEXT ="" PRECISION ="26" SCALE ="6"/>
    </TARGET>
    <TARGET BUSINESSNAME ="" CONSTRAINT ="" DATABASETYPE ="Teradata" DESCRIPTION ="" NAME ="LT_STORE_DELR_CD_ASSOC" OBJECTVERSION ="1" TABLEOPTIONS ="" VERSIONNUMBER ="4">
        <TARGETFIELD BUSINESSNAME ="" DATATYPE ="integer" DESCRIPTION ="" FIELDNUMBER ="1" KEYTYPE ="NOT A KEY" NAME ="STORE_NUM" NULLABLE ="NULL" PICTURETEXT ="" PRECISION ="10" SCALE ="0"/>
        <TARGETFIELD BUSINESSNAME ="" DATATYPE ="varchar" DESCRIPTION ="" FIELDNUMBER ="2" KEYTYPE ="NOT A KEY" NAME ="DLR_CD" NULLABLE ="NULL" PICTURETEXT ="" PRECISION ="10" SCALE ="0"/>
        <TARGETFIELD BUSINESSNAME ="" DATATYPE ="integer" DESCRIPTION ="" FIELDNUMBER ="3" KEYTYPE ="NOT A KEY" NAME ="CO_CD" NULLABLE ="NULL" PICTURETEXT ="" PRECISION ="10" SCALE ="0"/>
        <TARGETFIELD BUSINESSNAME ="" DATATYPE ="varchar" DESCRIPTION ="" FIELDNUMBER ="4" KEYTYPE ="NOT A KEY" NAME ="ASSOC_TYP" NULLABLE ="NULL" PICTURETEXT ="" PRECISION ="20" SCALE ="0"/>
        <TARGETFIELD BUSINESSNAME ="" DATATYPE ="varchar" DESCRIPTION ="" FIELDNUMBER ="5" KEYTYPE ="NOT A KEY" NAME ="ASSOC_STAT" NULLABLE ="NULL" PICTURETEXT ="" PRECISION ="20" SCALE ="0"/>
        <TARGETFIELD BUSINESSNAME ="" DATATYPE ="integer" DESCRIPTION ="" FIELDNUMBER ="6" KEYTYPE ="NOT A KEY" NAME ="EDW_BATCH_ID" NULLABLE ="NULL" PICTURETEXT ="" PRECISION ="10" SCALE ="0"/>
        <TARGETFIELD BUSINESSNAME ="" DATATYPE ="timestamp" DESCRIPTION ="" FIELDNUMBER ="7" KEYTYPE ="NOT A KEY" NAME ="EDW_CREATE_DTTM" NULLABLE ="NULL" PICTURETEXT ="" PRECISION ="26" SCALE ="6"/>
        <TARGETFIELD BUSINESSNAME ="" DATATYPE ="timestamp" DESCRIPTION ="" FIELDNUMBER ="8" KEYTYPE ="NOT A KEY" NAME ="EDW_UPDATE_DTTM" NULLABLE ="NULL" PICTURETEXT ="" PRECISION ="26" SCALE ="6"/>
    </TARGET>
</FOLDER>
<FOLDER NAME="~v_ybodire" GROUP="" OWNER="509784" SHARED="NOTSHARED" DESCRIPTION="Sogeti offshore Lead" PERMISSIONS="rwx---r--" UUID="d3c0506c-207a-4fdb-9a01-1262fb413781">
    <MAPPING DESCRIPTION ="" ISVALID ="YES" NAME ="m_WK2LD_121_ATT_STORE_LT_STORE_DELR_CD_ASSOC" OBJECTVERSION ="1" VERSIONNUMBER ="2">
        <TRANSFORMATION DESCRIPTION ="" NAME ="SQ_Shortcut_to_WT_STORE_DELR_CD_ASSOC" OBJECTVERSION ="1" REUSABLE ="NO" TYPE ="Source Qualifier" VERSIONNUMBER ="1">
            <TRANSFORMFIELD DATATYPE ="string" DEFAULTVALUE ="" DESCRIPTION ="" NAME ="DLR_CD" PICTURETEXT ="" PORTTYPE ="INPUT/OUTPUT" PRECISION ="10" SCALE ="0"/>
            <TRANSFORMFIELD DATATYPE ="integer" DEFAULTVALUE ="" DESCRIPTION ="" NAME ="STORE_NUM" PICTURETEXT ="" PORTTYPE ="INPUT/OUTPUT" PRECISION ="10" SCALE ="0"/>
            <TRANSFORMFIELD DATATYPE ="string" DEFAULTVALUE ="" DESCRIPTION ="" NAME ="ASSOC_TYP" PICTURETEXT ="" PORTTYPE ="INPUT/OUTPUT" PRECISION ="20" SCALE ="0"/>
            <TRANSFORMFIELD DATATYPE ="string" DEFAULTVALUE ="" DESCRIPTION ="" NAME ="ASSOC_STAT" PICTURETEXT ="" PORTTYPE ="INPUT/OUTPUT" PRECISION ="20" SCALE ="0"/>
            <TRANSFORMFIELD DATATYPE ="integer" DEFAULTVALUE ="" DESCRIPTION ="" NAME ="CO_CD" PICTURETEXT ="" PORTTYPE ="INPUT/OUTPUT" PRECISION ="10" SCALE ="0"/>
            <TRANSFORMFIELD DATATYPE ="integer" DEFAULTVALUE ="" DESCRIPTION ="" NAME ="EDW_BATCH_ID" PICTURETEXT ="" PORTTYPE ="INPUT/OUTPUT" PRECISION ="10" SCALE ="0"/>
            <TRANSFORMFIELD DATATYPE ="date/time" DEFAULTVALUE ="" DESCRIPTION ="" NAME ="EDW_CREATE_DTTM" PICTURETEXT ="" PORTTYPE ="INPUT/OUTPUT" PRECISION ="29" SCALE ="9"/>
            <TRANSFORMFIELD DATATYPE ="date/time" DEFAULTVALUE ="" DESCRIPTION ="" NAME ="EDW_UPDATE_DTTM" PICTURETEXT ="" PORTTYPE ="INPUT/OUTPUT" PRECISION ="29" SCALE ="9"/>
            <TABLEATTRIBUTE NAME ="Sql Query" VALUE =""/>
            <TABLEATTRIBUTE NAME ="User Defined Join" VALUE =""/>
            <TABLEATTRIBUTE NAME ="Source Filter" VALUE =""/>
            <TABLEATTRIBUTE NAME ="Number Of Sorted Ports" VALUE ="0"/>
            <TABLEATTRIBUTE NAME ="Tracing Level" VALUE ="Normal"/>
            <TABLEATTRIBUTE NAME ="Select Distinct" VALUE ="NO"/>
            <TABLEATTRIBUTE NAME ="Is Partitionable" VALUE ="NO"/>
            <TABLEATTRIBUTE NAME ="Pre SQL" VALUE =""/>
            <TABLEATTRIBUTE NAME ="Post SQL" VALUE =""/>
            <TABLEATTRIBUTE NAME ="Output is deterministic" VALUE ="NO"/>
            <TABLEATTRIBUTE NAME ="Output is repeatable" VALUE ="Never"/>
        </TRANSFORMATION>
        <INSTANCE DESCRIPTION ="" NAME ="Shortcut_to_LT_STORE_DELR_CD_ASSOC" TRANSFORMATION_NAME ="Shortcut_to_LT_STORE_DELR_CD_ASSOC" TRANSFORMATION_TYPE ="Target Definition" TYPE ="TARGET">
            <TABLEATTRIBUTE NAME ="Pre SQL" VALUE ="DELETE FROM $ParamLandDB.LT_STORE_DELR_CD_ASSOC WHERE EDW_BATCH_ID=$$BATCH_ID;"/>
        </INSTANCE>
        <INSTANCE DBDNAME ="TB_WORK" DESCRIPTION ="" NAME ="Shortcut_to_WT_STORE_DELR_CD_ASSOC" TRANSFORMATION_NAME ="Shortcut_to_WT_STORE_DELR_CD_ASSOC" TRANSFORMATION_TYPE ="Source Definition" TYPE ="SOURCE"/>
        <INSTANCE DESCRIPTION ="" NAME ="SQ_Shortcut_to_WT_STORE_DELR_CD_ASSOC" REUSABLE ="NO" TRANSFORMATION_NAME ="SQ_Shortcut_to_WT_STORE_DELR_CD_ASSOC" TRANSFORMATION_TYPE ="Source Qualifier" TYPE ="TRANSFORMATION">
            <ASSOCIATED_SOURCE_INSTANCE NAME ="Shortcut_to_WT_STORE_DELR_CD_ASSOC"/>
        </INSTANCE>
        <CONNECTOR FROMFIELD ="DLR_CD" FROMINSTANCE ="SQ_Shortcut_to_WT_STORE_DELR_CD_ASSOC" FROMINSTANCETYPE ="Source Qualifier" TOFIELD ="DLR_CD" TOINSTANCE ="Shortcut_to_LT_STORE_DELR_CD_ASSOC" TOINSTANCETYPE ="Target Definition"/>
        <CONNECTOR FROMFIELD ="STORE_NUM" FROMINSTANCE ="SQ_Shortcut_to_WT_STORE_DELR_CD_ASSOC" FROMINSTANCETYPE ="Source Qualifier" TOFIELD ="STORE_NUM" TOINSTANCE ="Shortcut_to_LT_STORE_DELR_CD_ASSOC" TOINSTANCETYPE ="Target Definition"/>
        <CONNECTOR FROMFIELD ="ASSOC_TYP" FROMINSTANCE ="SQ_Shortcut_to_WT_STORE_DELR_CD_ASSOC" FROMINSTANCETYPE ="Source Qualifier" TOFIELD ="ASSOC_TYP" TOINSTANCE ="Shortcut_to_LT_STORE_DELR_CD_ASSOC" TOINSTANCETYPE ="Target Definition"/>
        <CONNECTOR FROMFIELD ="ASSOC_STAT" FROMINSTANCE ="SQ_Shortcut_to_WT_STORE_DELR_CD_ASSOC" FROMINSTANCETYPE ="Source Qualifier" TOFIELD ="ASSOC_STAT" TOINSTANCE ="Shortcut_to_LT_STORE_DELR_CD_ASSOC" TOINSTANCETYPE ="Target Definition"/>
        <CONNECTOR FROMFIELD ="CO_CD" FROMINSTANCE ="SQ_Shortcut_to_WT_STORE_DELR_CD_ASSOC" FROMINSTANCETYPE ="Source Qualifier" TOFIELD ="CO_CD" TOINSTANCE ="Shortcut_to_LT_STORE_DELR_CD_ASSOC" TOINSTANCETYPE ="Target Definition"/>
        <CONNECTOR FROMFIELD ="EDW_BATCH_ID" FROMINSTANCE ="SQ_Shortcut_to_WT_STORE_DELR_CD_ASSOC" FROMINSTANCETYPE ="Source Qualifier" TOFIELD ="EDW_BATCH_ID" TOINSTANCE ="Shortcut_to_LT_STORE_DELR_CD_ASSOC" TOINSTANCETYPE ="Target Definition"/>
        <CONNECTOR FROMFIELD ="EDW_CREATE_DTTM" FROMINSTANCE ="SQ_Shortcut_to_WT_STORE_DELR_CD_ASSOC" FROMINSTANCETYPE ="Source Qualifier" TOFIELD ="EDW_CREATE_DTTM" TOINSTANCE ="Shortcut_to_LT_STORE_DELR_CD_ASSOC" TOINSTANCETYPE ="Target Definition"/>
        <CONNECTOR FROMFIELD ="EDW_UPDATE_DTTM" FROMINSTANCE ="SQ_Shortcut_to_WT_STORE_DELR_CD_ASSOC" FROMINSTANCETYPE ="Source Qualifier" TOFIELD ="EDW_UPDATE_DTTM" TOINSTANCE ="Shortcut_to_LT_STORE_DELR_CD_ASSOC" TOINSTANCETYPE ="Target Definition"/>
        <CONNECTOR FROMFIELD ="DLR_CD" FROMINSTANCE ="Shortcut_to_WT_STORE_DELR_CD_ASSOC" FROMINSTANCETYPE ="Source Definition" TOFIELD ="DLR_CD" TOINSTANCE ="SQ_Shortcut_to_WT_STORE_DELR_CD_ASSOC" TOINSTANCETYPE ="Source Qualifier"/>
        <CONNECTOR FROMFIELD ="STORE_NUM" FROMINSTANCE ="Shortcut_to_WT_STORE_DELR_CD_ASSOC" FROMINSTANCETYPE ="Source Definition" TOFIELD ="STORE_NUM" TOINSTANCE ="SQ_Shortcut_to_WT_STORE_DELR_CD_ASSOC" TOINSTANCETYPE ="Source Qualifier"/>
        <CONNECTOR FROMFIELD ="ASSOC_TYP" FROMINSTANCE ="Shortcut_to_WT_STORE_DELR_CD_ASSOC" FROMINSTANCETYPE ="Source Definition" TOFIELD ="ASSOC_TYP" TOINSTANCE ="SQ_Shortcut_to_WT_STORE_DELR_CD_ASSOC" TOINSTANCETYPE ="Source Qualifier"/>
        <CONNECTOR FROMFIELD ="ASSOC_STAT" FROMINSTANCE ="Shortcut_to_WT_STORE_DELR_CD_ASSOC" FROMINSTANCETYPE ="Source Definition" TOFIELD ="ASSOC_STAT" TOINSTANCE ="SQ_Shortcut_to_WT_STORE_DELR_CD_ASSOC" TOINSTANCETYPE ="Source Qualifier"/>
        <CONNECTOR FROMFIELD ="CO_CD" FROMINSTANCE ="Shortcut_to_WT_STORE_DELR_CD_ASSOC" FROMINSTANCETYPE ="Source Definition" TOFIELD ="CO_CD" TOINSTANCE ="SQ_Shortcut_to_WT_STORE_DELR_CD_ASSOC" TOINSTANCETYPE ="Source Qualifier"/>
        <CONNECTOR FROMFIELD ="EDW_BATCH_ID" FROMINSTANCE ="Shortcut_to_WT_STORE_DELR_CD_ASSOC" FROMINSTANCETYPE ="Source Definition" TOFIELD ="EDW_BATCH_ID" TOINSTANCE ="SQ_Shortcut_to_WT_STORE_DELR_CD_ASSOC" TOINSTANCETYPE ="Source Qualifier"/>
        <CONNECTOR FROMFIELD ="EDW_CREATE_DTTM" FROMINSTANCE ="Shortcut_to_WT_STORE_DELR_CD_ASSOC" FROMINSTANCETYPE ="Source Definition" TOFIELD ="EDW_CREATE_DTTM" TOINSTANCE ="SQ_Shortcut_to_WT_STORE_DELR_CD_ASSOC" TOINSTANCETYPE ="Source Qualifier"/>
        <CONNECTOR FROMFIELD ="EDW_UPDATE_DTTM" FROMINSTANCE ="Shortcut_to_WT_STORE_DELR_CD_ASSOC" FROMINSTANCETYPE ="Source Definition" TOFIELD ="EDW_UPDATE_DTTM" TOINSTANCE ="SQ_Shortcut_to_WT_STORE_DELR_CD_ASSOC" TOINSTANCETYPE ="Source Qualifier"/>
        <TARGETLOADORDER ORDER ="1" TARGETINSTANCE ="Shortcut_to_LT_STORE_DELR_CD_ASSOC"/>
        <MAPPINGVARIABLE DATATYPE ="string" DEFAULTVALUE ="" DESCRIPTION ="" ISEXPRESSIONVARIABLE ="NO" ISPARAM ="YES" NAME ="$$BATCH_ID" PRECISION ="100" SCALE ="0" USERDEFINED ="YES"/>
        <ERPINFO/>
    </MAPPING>
    <SHORTCUT COMMENTS ="" DBDNAME ="TB_WORK" FOLDERNAME ="EDW_TechBrands_Shared" NAME ="Shortcut_to_WT_STORE_DELR_CD_ASSOC" OBJECTSUBTYPE ="Source Definition" OBJECTTYPE ="SOURCE" REFERENCEDDBD ="TB_WORK" REFERENCETYPE ="LOCAL" REFOBJECTNAME ="WT_STORE_DELR_CD_ASSOC" REPOSITORYNAME ="PWC_REPO_INFA_INT_DEV01" VERSIONNUMBER ="1"/>
    <SHORTCUT COMMENTS ="" FOLDERNAME ="EDW_TechBrands_Shared" NAME ="Shortcut_to_LT_STORE_DELR_CD_ASSOC" OBJECTSUBTYPE ="Target Definition" OBJECTTYPE ="TARGET" REFERENCETYPE ="LOCAL" REFOBJECTNAME ="LT_STORE_DELR_CD_ASSOC" REPOSITORYNAME ="PWC_REPO_INFA_INT_DEV01" VERSIONNUMBER ="1"/>
    <CONFIG DESCRIPTION ="Default session configuration object" ISDEFAULT ="YES" NAME ="default_session_config" VERSIONNUMBER ="1">
        <ATTRIBUTE NAME ="Advanced" VALUE =""/>
        <ATTRIBUTE NAME ="Constraint based load ordering" VALUE ="NO"/>
        <ATTRIBUTE NAME ="Cache LOOKUP() function" VALUE ="YES"/>
        <ATTRIBUTE NAME ="Default buffer block size" VALUE ="Auto"/>
        <ATTRIBUTE NAME ="Line Sequential buffer length" VALUE ="1024"/>
        <ATTRIBUTE NAME ="Maximum Memory Allowed For Auto Memory Attributes" VALUE ="512MB"/>
        <ATTRIBUTE NAME ="Maximum Percentage of Total Memory Allowed For Auto Memory Attributes" VALUE ="5"/>
        <ATTRIBUTE NAME ="Additional Concurrent Pipelines for Lookup Cache Creation" VALUE ="Auto"/>
        <ATTRIBUTE NAME ="Custom Properties" VALUE =""/>
        <ATTRIBUTE NAME ="Pre-build lookup cache" VALUE ="Auto"/>
        <ATTRIBUTE NAME ="Optimization Level" VALUE ="Medium"/>
        <ATTRIBUTE NAME ="DateTime Format String" VALUE ="MM/DD/YYYY HH24:MI:SS.US"/>
        <ATTRIBUTE NAME ="Pre 85 Timestamp Compatibility" VALUE ="NO"/>
        <ATTRIBUTE NAME ="Log Options" VALUE ="0"/>
        <ATTRIBUTE NAME ="Save session log by" VALUE ="Session runs"/>
        <ATTRIBUTE NAME ="Save session log for these runs" VALUE ="0"/>
        <ATTRIBUTE NAME ="Session Log File Max Size" VALUE ="0"/>
        <ATTRIBUTE NAME ="Session Log File Max Time Period" VALUE ="0"/>
        <ATTRIBUTE NAME ="Maximum Partial Session Log Files" VALUE ="1"/>
        <ATTRIBUTE NAME ="Writer Commit Statistics Log Frequency" VALUE ="1"/>
        <ATTRIBUTE NAME ="Writer Commit Statistics Log Interval" VALUE ="0"/>
        <ATTRIBUTE NAME ="Error handling" VALUE =""/>
        <ATTRIBUTE NAME ="Stop on errors" VALUE ="0"/>
        <ATTRIBUTE NAME ="Override tracing" VALUE ="None"/>
        <ATTRIBUTE NAME ="On Stored Procedure error" VALUE ="Stop"/>
        <ATTRIBUTE NAME ="On Pre-session command task error" VALUE ="Stop"/>
        <ATTRIBUTE NAME ="On Pre-Post SQL error" VALUE ="Stop"/>
        <ATTRIBUTE NAME ="Enable Recovery" VALUE ="NO"/>
        <ATTRIBUTE NAME ="Error Log Type" VALUE ="None"/>
        <ATTRIBUTE NAME ="Error Log Table Name Prefix" VALUE =""/>
        <ATTRIBUTE NAME ="Error Log File Name" VALUE ="PMError.log"/>
        <ATTRIBUTE NAME ="Log Source Row Data" VALUE ="NO"/>
        <ATTRIBUTE NAME ="Data Column Delimiter" VALUE ="|"/>
        <ATTRIBUTE NAME ="Partitioning Options" VALUE =""/>
        <ATTRIBUTE NAME ="Dynamic Partitioning" VALUE ="Disabled"/>
        <ATTRIBUTE NAME ="Number of Partitions" VALUE ="1"/>
        <ATTRIBUTE NAME ="Multiplication Factor" VALUE ="Auto"/>
        <ATTRIBUTE NAME ="Session on Grid" VALUE =""/>
        <ATTRIBUTE NAME ="Is Enabled" VALUE ="NO"/>
    </CONFIG>
    <TASK DESCRIPTION ="Use for failure emails in sessions." NAME ="Email_Session_Failure" REUSABLE ="YES" TYPE ="Email" VERSIONNUMBER ="1">
        <ATTRIBUTE NAME ="Email User Name" VALUE ="$PMFailureEmailUser"/>
        <ATTRIBUTE NAME ="Email Subject" VALUE ="INFORMATICA SESSION FAILURE: %w has failed"/>
        <ATTRIBUTE NAME ="Email Text" VALUE ="Please verify the session log file and take necessary action.&#xD;&#xA;&#xD;&#xA;Folder: %n&#xD;&#xA;Workflow Name: %w&#xD;&#xA;Workflow Run Instance Name: %z&#xD;&#xA;Session: %s&#xD;&#xA;Mapping: %m&#xD;&#xA;&#xD;&#xA;Session Start Time: %b&#xD;&#xA;Session Completion Time: %c&#xD;&#xA;Session Status: %e"/>
    </TASK>
    <SESSION DESCRIPTION ="" ISVALID ="YES" MAPPINGNAME ="m_WK2LD_121_ATT_STORE_LT_STORE_DELR_CD_ASSOC" NAME ="s_m_WK2LD_121_ATT_STORE_LT_STORE_DELR_CD_ASSOC" REUSABLE ="YES" SORTORDER ="Binary" VERSIONNUMBER ="1">
        <SESSTRANSFORMATIONINST ISREPARTITIONPOINT ="YES" PARTITIONTYPE ="PASS THROUGH" PIPELINE ="1" SINSTANCENAME ="Shortcut_to_LT_STORE_DELR_CD_ASSOC" STAGE ="1" TRANSFORMATIONNAME ="Shortcut_to_LT_STORE_DELR_CD_ASSOC" TRANSFORMATIONTYPE ="Target Definition">
            <ATTRIBUTE NAME ="Table Name Prefix" VALUE ="$ParamLandDB"/>
        </SESSTRANSFORMATIONINST>
        <SESSTRANSFORMATIONINST ISREPARTITIONPOINT ="NO" PIPELINE ="0" SINSTANCENAME ="Shortcut_to_WT_STORE_DELR_CD_ASSOC" STAGE ="0" TRANSFORMATIONNAME ="Shortcut_to_WT_STORE_DELR_CD_ASSOC" TRANSFORMATIONTYPE ="Source Definition">
            <ATTRIBUTE NAME ="Owner Name" VALUE ="$ParamWorkDB"/>
        </SESSTRANSFORMATIONINST>
        <SESSTRANSFORMATIONINST ISREPARTITIONPOINT ="YES" PARTITIONTYPE ="PASS THROUGH" PIPELINE ="1" SINSTANCENAME ="SQ_Shortcut_to_WT_STORE_DELR_CD_ASSOC" STAGE ="2" TRANSFORMATIONNAME ="SQ_Shortcut_to_WT_STORE_DELR_CD_ASSOC" TRANSFORMATIONTYPE ="Source Qualifier"/>
        <CONFIGREFERENCE REFOBJECTNAME ="default_session_config" TYPE ="Session config">
            <ATTRIBUTE NAME ="Stop on errors" VALUE ="$PMSessionErrorThreshold"/>
        </CONFIGREFERENCE>
        <SESSIONCOMPONENT REFOBJECTNAME ="Email_Session_Failure" REUSABLE ="YES" TYPE ="Failure Email"/>
        <SESSIONEXTENSION NAME ="Relational Writer" SINSTANCENAME ="Shortcut_to_LT_STORE_DELR_CD_ASSOC" SUBTYPE ="Relational Writer" TRANSFORMATIONTYPE ="Target Definition" TYPE ="WRITER">
            <CONNECTIONREFERENCE CNXREFNAME ="DB Connection" CONNECTIONNAME ="" CONNECTIONNUMBER ="1" CONNECTIONSUBTYPE ="" CONNECTIONTYPE ="Relational" VARIABLE ="$DBConnection_TD_ODBC"/>
            <ATTRIBUTE NAME ="Target load type" VALUE ="Bulk"/>
            <ATTRIBUTE NAME ="Insert" VALUE ="YES"/>
            <ATTRIBUTE NAME ="Update as Update" VALUE ="NO"/>
            <ATTRIBUTE NAME ="Update as Insert" VALUE ="NO"/>
            <ATTRIBUTE NAME ="Update else Insert" VALUE ="NO"/>
            <ATTRIBUTE NAME ="Delete" VALUE ="NO"/>
            <ATTRIBUTE NAME ="Truncate target table option" VALUE ="NO"/>
            <ATTRIBUTE NAME ="Reject file directory" VALUE ="$PMBadFileDir&#x5c;"/>
            <ATTRIBUTE NAME ="Reject filename" VALUE ="shortcut_to_lt_store_delr_cd_assoc1.bad"/>
        </SESSIONEXTENSION>
        <SESSIONEXTENSION DSQINSTNAME ="SQ_Shortcut_to_WT_STORE_DELR_CD_ASSOC" DSQINSTTYPE ="Source Qualifier" NAME ="Relational Reader" SINSTANCENAME ="Shortcut_to_WT_STORE_DELR_CD_ASSOC" SUBTYPE ="Relational Reader" TRANSFORMATIONTYPE ="Source Definition" TYPE ="READER"/>
        <SESSIONEXTENSION NAME ="Relational Reader" SINSTANCENAME ="SQ_Shortcut_to_WT_STORE_DELR_CD_ASSOC" SUBTYPE ="Relational Reader" TRANSFORMATIONTYPE ="Source Qualifier" TYPE ="READER">
            <CONNECTIONREFERENCE CNXREFNAME ="DB Connection" CONNECTIONNAME ="" CONNECTIONNUMBER ="1" CONNECTIONSUBTYPE ="" CONNECTIONTYPE ="Relational" VARIABLE ="$DBConnection_TD_ODBC"/>
        </SESSIONEXTENSION>
        <ATTRIBUTE NAME ="General Options" VALUE =""/>
        <ATTRIBUTE NAME ="Write Backward Compatible Session Log File" VALUE ="NO"/>
        <ATTRIBUTE NAME ="Session Log File Name" VALUE ="s_m_WK2LD_121_ATT_STORE_LT_STORE_DELR_CD_ASSOC.log"/>
        <ATTRIBUTE NAME ="Session Log File directory" VALUE ="$PMSessionLogDir&#x5c;"/>
        <ATTRIBUTE NAME ="Parameter Filename" VALUE ="$$SessFileTgtPath$$SessFileName"/>
        <ATTRIBUTE NAME ="Enable Test Load" VALUE ="NO"/>
        <ATTRIBUTE NAME ="$Source connection value" VALUE =""/>
        <ATTRIBUTE NAME ="$Target connection value" VALUE =""/>
        <ATTRIBUTE NAME ="Treat source rows as" VALUE ="Insert"/>
        <ATTRIBUTE NAME ="Commit Type" VALUE ="Target"/>
        <ATTRIBUTE NAME ="Commit Interval" VALUE ="10000"/>
        <ATTRIBUTE NAME ="Commit On End Of File" VALUE ="YES"/>
        <ATTRIBUTE NAME ="Rollback Transactions on Errors" VALUE ="NO"/>
        <ATTRIBUTE NAME ="Recovery Strategy" VALUE ="Fail task and continue workflow"/>
        <ATTRIBUTE NAME ="Java Classpath" VALUE =""/>
        <ATTRIBUTE NAME ="Performance" VALUE =""/>
        <ATTRIBUTE NAME ="DTM buffer size" VALUE ="Auto"/>
        <ATTRIBUTE NAME ="Collect performance data" VALUE ="NO"/>
        <ATTRIBUTE NAME ="Write performance data to repository" VALUE ="NO"/>
        <ATTRIBUTE NAME ="Incremental Aggregation" VALUE ="NO"/>
        <ATTRIBUTE NAME ="Enable high precision" VALUE ="NO"/>
        <ATTRIBUTE NAME ="Session retry on deadlock" VALUE ="NO"/>
        <ATTRIBUTE NAME ="Pushdown Optimization" VALUE ="Full"/>
        <ATTRIBUTE NAME ="Allow Temporary View for Pushdown" VALUE ="NO"/>
        <ATTRIBUTE NAME ="Allow Temporary Sequence for Pushdown" VALUE ="NO"/>
        <ATTRIBUTE NAME ="Allow Pushdown for User Incompatible Connections" VALUE ="NO"/>
    </SESSION>
    <MAPPING DESCRIPTION ="" ISVALID ="YES" NAME ="m_SRC2WK_121_ATT_STORE_WT_STORE_DELR_CD_ASSOC" OBJECTVERSION ="1" VERSIONNUMBER ="2">
        <TRANSFORMATION DESCRIPTION ="" NAME ="EXP_AUDIT" OBJECTVERSION ="1" REUSABLE ="NO" TYPE ="Expression" VERSIONNUMBER ="1">
            <TRANSFORMFIELD DATATYPE ="string" DEFAULTVALUE ="" DESCRIPTION ="" EXPRESSION ="STORE_NUM" EXPRESSIONTYPE ="GENERAL" NAME ="STORE_NUM" PICTURETEXT ="" PORTTYPE ="INPUT/OUTPUT" PRECISION ="100" SCALE ="0"/>
            <TRANSFORMFIELD DATATYPE ="string" DEFAULTVALUE ="" DESCRIPTION ="" EXPRESSION ="CO_CD" EXPRESSIONTYPE ="GENERAL" NAME ="CO_CD" PICTURETEXT ="" PORTTYPE ="INPUT/OUTPUT" PRECISION ="100" SCALE ="0"/>
            <TRANSFORMFIELD DATATYPE ="string" DEFAULTVALUE ="" DESCRIPTION ="" EXPRESSION ="DLR_CD" EXPRESSIONTYPE ="GENERAL" NAME ="DLR_CD" PICTURETEXT ="" PORTTYPE ="INPUT/OUTPUT" PRECISION ="100" SCALE ="0"/>
            <TRANSFORMFIELD DATATYPE ="string" DEFAULTVALUE ="" DESCRIPTION ="" EXPRESSION ="ASSOC_TYP" EXPRESSIONTYPE ="GENERAL" NAME ="ASSOC_TYP" PICTURETEXT ="" PORTTYPE ="INPUT/OUTPUT" PRECISION ="100" SCALE ="0"/>
            <TRANSFORMFIELD DATATYPE ="string" DEFAULTVALUE ="" DESCRIPTION ="" EXPRESSION ="ASSOC_STAT" EXPRESSIONTYPE ="GENERAL" NAME ="ASSOC_STAT" PICTURETEXT ="" PORTTYPE ="INPUT/OUTPUT" PRECISION ="100" SCALE ="0"/>
            <TRANSFORMFIELD DATATYPE ="integer" DEFAULTVALUE ="ERROR(&apos;transformation error&apos;)" DESCRIPTION ="" EXPRESSION ="$$BATCH_ID" EXPRESSIONTYPE ="GENERAL" NAME ="EDW_BATCH_ID" PICTURETEXT ="" PORTTYPE ="OUTPUT" PRECISION ="10" SCALE ="0"/>
            <TRANSFORMFIELD DATATYPE ="date/time" DEFAULTVALUE ="ERROR(&apos;transformation error&apos;)" DESCRIPTION ="" EXPRESSION ="SESSSTARTTIME" EXPRESSIONTYPE ="GENERAL" NAME ="EDW_CREATE_DTTM" PICTURETEXT ="" PORTTYPE ="OUTPUT" PRECISION ="29" SCALE ="9"/>
            <TRANSFORMFIELD DATATYPE ="date/time" DEFAULTVALUE ="ERROR(&apos;transformation error&apos;)" DESCRIPTION ="" EXPRESSION ="SESSSTARTTIME" EXPRESSIONTYPE ="GENERAL" NAME ="EDW_UPDATE_DTTM" PICTURETEXT ="" PORTTYPE ="OUTPUT" PRECISION ="29" SCALE ="9"/>
            <TABLEATTRIBUTE NAME ="Tracing Level" VALUE ="Normal"/>
        </TRANSFORMATION>
        <TRANSFORMATION DESCRIPTION ="" NAME ="SQ_AWS_STORE_DELR_CD_ASSOC" OBJECTVERSION ="1" REUSABLE ="NO" TYPE ="Source Qualifier" VERSIONNUMBER ="1">
            <TRANSFORMFIELD DATATYPE ="string" DEFAULTVALUE ="" DESCRIPTION ="" NAME ="STORE_NUM" PICTURETEXT ="" PORTTYPE ="INPUT/OUTPUT" PRECISION ="100" SCALE ="0"/>
            <TRANSFORMFIELD DATATYPE ="string" DEFAULTVALUE ="" DESCRIPTION ="" NAME ="CO_CD" PICTURETEXT ="" PORTTYPE ="INPUT/OUTPUT" PRECISION ="100" SCALE ="0"/>
            <TRANSFORMFIELD DATATYPE ="string" DEFAULTVALUE ="" DESCRIPTION ="" NAME ="DLR_CD" PICTURETEXT ="" PORTTYPE ="INPUT/OUTPUT" PRECISION ="100" SCALE ="0"/>
            <TRANSFORMFIELD DATATYPE ="string" DEFAULTVALUE ="" DESCRIPTION ="" NAME ="ASSOC_TYP" PICTURETEXT ="" PORTTYPE ="INPUT/OUTPUT" PRECISION ="100" SCALE ="0"/>
            <TRANSFORMFIELD DATATYPE ="string" DEFAULTVALUE ="" DESCRIPTION ="" NAME ="ASSOC_STAT" PICTURETEXT ="" PORTTYPE ="INPUT/OUTPUT" PRECISION ="100" SCALE ="0"/>
            <TABLEATTRIBUTE NAME ="Sql Query" VALUE =""/>
            <TABLEATTRIBUTE NAME ="User Defined Join" VALUE =""/>
            <TABLEATTRIBUTE NAME ="Source Filter" VALUE =""/>
            <TABLEATTRIBUTE NAME ="Number Of Sorted Ports" VALUE ="0"/>
            <TABLEATTRIBUTE NAME ="Tracing Level" VALUE ="Normal"/>
            <TABLEATTRIBUTE NAME ="Select Distinct" VALUE ="NO"/>
            <TABLEATTRIBUTE NAME ="Is Partitionable" VALUE ="NO"/>
            <TABLEATTRIBUTE NAME ="Pre SQL" VALUE =""/>
            <TABLEATTRIBUTE NAME ="Post SQL" VALUE =""/>
            <TABLEATTRIBUTE NAME ="Output is deterministic" VALUE ="NO"/>
            <TABLEATTRIBUTE NAME ="Output is repeatable" VALUE ="Never"/>
        </TRANSFORMATION>
        <INSTANCE DESCRIPTION ="" NAME ="Shortcut_to_WT_STORE_DELR_CD_ASSOC" TRANSFORMATION_NAME ="Shortcut_to_WT_STORE_DELR_CD_ASSOC" TRANSFORMATION_TYPE ="Target Definition" TYPE ="TARGET"/>
        <INSTANCE DBDNAME ="FlatFile" DESCRIPTION ="" NAME ="AWS_STORE_DELR_CD_ASSOC" TRANSFORMATION_NAME ="AWS_STORE_DELR_CD_ASSOC" TRANSFORMATION_TYPE ="Source Definition" TYPE ="SOURCE"/>
        <INSTANCE DESCRIPTION ="" NAME ="EXP_AUDIT" REUSABLE ="NO" TRANSFORMATION_NAME ="EXP_AUDIT" TRANSFORMATION_TYPE ="Expression" TYPE ="TRANSFORMATION"/>
        <INSTANCE DESCRIPTION ="" NAME ="SQ_AWS_STORE_DELR_CD_ASSOC" REUSABLE ="NO" TRANSFORMATION_NAME ="SQ_AWS_STORE_DELR_CD_ASSOC" TRANSFORMATION_TYPE ="Source Qualifier" TYPE ="TRANSFORMATION">
            <ASSOCIATED_SOURCE_INSTANCE NAME ="AWS_STORE_DELR_CD_ASSOC"/>
        </INSTANCE>
        <CONNECTOR FROMFIELD ="DLR_CD" FROMINSTANCE ="EXP_AUDIT" FROMINSTANCETYPE ="Expression" TOFIELD ="DLR_CD" TOINSTANCE ="Shortcut_to_WT_STORE_DELR_CD_ASSOC" TOINSTANCETYPE ="Target Definition"/>
        <CONNECTOR FROMFIELD ="STORE_NUM" FROMINSTANCE ="EXP_AUDIT" FROMINSTANCETYPE ="Expression" TOFIELD ="STORE_NUM" TOINSTANCE ="Shortcut_to_WT_STORE_DELR_CD_ASSOC" TOINSTANCETYPE ="Target Definition"/>
        <CONNECTOR FROMFIELD ="ASSOC_TYP" FROMINSTANCE ="EXP_AUDIT" FROMINSTANCETYPE ="Expression" TOFIELD ="ASSOC_TYP" TOINSTANCE ="Shortcut_to_WT_STORE_DELR_CD_ASSOC" TOINSTANCETYPE ="Target Definition"/>
        <CONNECTOR FROMFIELD ="ASSOC_STAT" FROMINSTANCE ="EXP_AUDIT" FROMINSTANCETYPE ="Expression" TOFIELD ="ASSOC_STAT" TOINSTANCE ="Shortcut_to_WT_STORE_DELR_CD_ASSOC" TOINSTANCETYPE ="Target Definition"/>
        <CONNECTOR FROMFIELD ="CO_CD" FROMINSTANCE ="EXP_AUDIT" FROMINSTANCETYPE ="Expression" TOFIELD ="CO_CD" TOINSTANCE ="Shortcut_to_WT_STORE_DELR_CD_ASSOC" TOINSTANCETYPE ="Target Definition"/>
        <CONNECTOR FROMFIELD ="EDW_BATCH_ID" FROMINSTANCE ="EXP_AUDIT" FROMINSTANCETYPE ="Expression" TOFIELD ="EDW_BATCH_ID" TOINSTANCE ="Shortcut_to_WT_STORE_DELR_CD_ASSOC" TOINSTANCETYPE ="Target Definition"/>
        <CONNECTOR FROMFIELD ="EDW_CREATE_DTTM" FROMINSTANCE ="EXP_AUDIT" FROMINSTANCETYPE ="Expression" TOFIELD ="EDW_CREATE_DTTM" TOINSTANCE ="Shortcut_to_WT_STORE_DELR_CD_ASSOC" TOINSTANCETYPE ="Target Definition"/>
        <CONNECTOR FROMFIELD ="EDW_UPDATE_DTTM" FROMINSTANCE ="EXP_AUDIT" FROMINSTANCETYPE ="Expression" TOFIELD ="EDW_UPDATE_DTTM" TOINSTANCE ="Shortcut_to_WT_STORE_DELR_CD_ASSOC" TOINSTANCETYPE ="Target Definition"/>
        <CONNECTOR FROMFIELD ="STORE_NUM" FROMINSTANCE ="AWS_STORE_DELR_CD_ASSOC" FROMINSTANCETYPE ="Source Definition" TOFIELD ="STORE_NUM" TOINSTANCE ="SQ_AWS_STORE_DELR_CD_ASSOC" TOINSTANCETYPE ="Source Qualifier"/>
        <CONNECTOR FROMFIELD ="CO_CD" FROMINSTANCE ="AWS_STORE_DELR_CD_ASSOC" FROMINSTANCETYPE ="Source Definition" TOFIELD ="CO_CD" TOINSTANCE ="SQ_AWS_STORE_DELR_CD_ASSOC" TOINSTANCETYPE ="Source Qualifier"/>
        <CONNECTOR FROMFIELD ="DLR_CD" FROMINSTANCE ="AWS_STORE_DELR_CD_ASSOC" FROMINSTANCETYPE ="Source Definition" TOFIELD ="DLR_CD" TOINSTANCE ="SQ_AWS_STORE_DELR_CD_ASSOC" TOINSTANCETYPE ="Source Qualifier"/>
        <CONNECTOR FROMFIELD ="ASSOC_TYP" FROMINSTANCE ="AWS_STORE_DELR_CD_ASSOC" FROMINSTANCETYPE ="Source Definition" TOFIELD ="ASSOC_TYP" TOINSTANCE ="SQ_AWS_STORE_DELR_CD_ASSOC" TOINSTANCETYPE ="Source Qualifier"/>
        <CONNECTOR FROMFIELD ="ASSOC_STAT" FROMINSTANCE ="AWS_STORE_DELR_CD_ASSOC" FROMINSTANCETYPE ="Source Definition" TOFIELD ="ASSOC_STAT" TOINSTANCE ="SQ_AWS_STORE_DELR_CD_ASSOC" TOINSTANCETYPE ="Source Qualifier"/>
        <CONNECTOR FROMFIELD ="STORE_NUM" FROMINSTANCE ="SQ_AWS_STORE_DELR_CD_ASSOC" FROMINSTANCETYPE ="Source Qualifier" TOFIELD ="STORE_NUM" TOINSTANCE ="EXP_AUDIT" TOINSTANCETYPE ="Expression"/>
        <CONNECTOR FROMFIELD ="CO_CD" FROMINSTANCE ="SQ_AWS_STORE_DELR_CD_ASSOC" FROMINSTANCETYPE ="Source Qualifier" TOFIELD ="CO_CD" TOINSTANCE ="EXP_AUDIT" TOINSTANCETYPE ="Expression"/>
        <CONNECTOR FROMFIELD ="DLR_CD" FROMINSTANCE ="SQ_AWS_STORE_DELR_CD_ASSOC" FROMINSTANCETYPE ="Source Qualifier" TOFIELD ="DLR_CD" TOINSTANCE ="EXP_AUDIT" TOINSTANCETYPE ="Expression"/>
        <CONNECTOR FROMFIELD ="ASSOC_TYP" FROMINSTANCE ="SQ_AWS_STORE_DELR_CD_ASSOC" FROMINSTANCETYPE ="Source Qualifier" TOFIELD ="ASSOC_TYP" TOINSTANCE ="EXP_AUDIT" TOINSTANCETYPE ="Expression"/>
        <CONNECTOR FROMFIELD ="ASSOC_STAT" FROMINSTANCE ="SQ_AWS_STORE_DELR_CD_ASSOC" FROMINSTANCETYPE ="Source Qualifier" TOFIELD ="ASSOC_STAT" TOINSTANCE ="EXP_AUDIT" TOINSTANCETYPE ="Expression"/>
        <TARGETLOADORDER ORDER ="1" TARGETINSTANCE ="Shortcut_to_WT_STORE_DELR_CD_ASSOC"/>
        <MAPPINGVARIABLE DATATYPE ="string" DEFAULTVALUE ="" DESCRIPTION ="" ISEXPRESSIONVARIABLE ="NO" ISPARAM ="YES" NAME ="$$BATCH_ID" PRECISION ="100" SCALE ="0" USERDEFINED ="YES"/>
        <ERPINFO/>
    </MAPPING>
    <SHORTCUT COMMENTS ="" DBDNAME ="FlatFile" FOLDERNAME ="EDW_TechBrands_Shared" NAME ="AWS_STORE_DELR_CD_ASSOC" OBJECTSUBTYPE ="Source Definition" OBJECTTYPE ="SOURCE" REFERENCEDDBD ="FlatFile" REFERENCETYPE ="LOCAL" REFOBJECTNAME ="AWS_STORE_DELR_CD_ASSOC" REPOSITORYNAME ="PWC_REPO_INFA_INT_DEV01" VERSIONNUMBER ="1"/>
    <SHORTCUT COMMENTS ="" FOLDERNAME ="EDW_TechBrands_Shared" NAME ="Shortcut_to_WT_STORE_DELR_CD_ASSOC" OBJECTSUBTYPE ="Target Definition" OBJECTTYPE ="TARGET" REFERENCETYPE ="LOCAL" REFOBJECTNAME ="WT_STORE_DELR_CD_ASSOC" REPOSITORYNAME ="PWC_REPO_INFA_INT_DEV01" VERSIONNUMBER ="1"/>
    <SESSION DESCRIPTION ="" ISVALID ="YES" MAPPINGNAME ="m_SRC2WK_121_ATT_STORE_WT_STORE_DELR_CD_ASSOC" NAME ="s_m_SRC2WK_121_ATT_STORE_WT_STORE_DELR_CD_ASSOC" REUSABLE ="YES" SORTORDER ="Binary" VERSIONNUMBER ="1">
        <SESSTRANSFORMATIONINST ISREPARTITIONPOINT ="YES" PARTITIONTYPE ="PASS THROUGH" PIPELINE ="1" SINSTANCENAME ="Shortcut_to_WT_STORE_DELR_CD_ASSOC" STAGE ="1" TRANSFORMATIONNAME ="Shortcut_to_WT_STORE_DELR_CD_ASSOC" TRANSFORMATIONTYPE ="Target Definition">
            <ATTRIBUTE NAME ="Table Name Prefix" VALUE ="$ParamWorkDB"/>
        </SESSTRANSFORMATIONINST>
        <SESSTRANSFORMATIONINST ISREPARTITIONPOINT ="NO" PIPELINE ="1" SINSTANCENAME ="EXP_AUDIT" STAGE ="2" TRANSFORMATIONNAME ="EXP_AUDIT" TRANSFORMATIONTYPE ="Expression">
            <PARTITION DESCRIPTION ="" NAME ="Partition #1"/>
        </SESSTRANSFORMATIONINST>
        <SESSTRANSFORMATIONINST ISREPARTITIONPOINT ="YES" PARTITIONTYPE ="PASS THROUGH" PIPELINE ="1" SINSTANCENAME ="SQ_AWS_STORE_DELR_CD_ASSOC" STAGE ="2" TRANSFORMATIONNAME ="SQ_AWS_STORE_DELR_CD_ASSOC" TRANSFORMATIONTYPE ="Source Qualifier"/>
        <SESSTRANSFORMATIONINST ISREPARTITIONPOINT ="NO" PIPELINE ="0" SINSTANCENAME ="AWS_STORE_DELR_CD_ASSOC" STAGE ="0" TRANSFORMATIONNAME ="AWS_STORE_DELR_CD_ASSOC" TRANSFORMATIONTYPE ="Source Definition">
            <FLATFILE CODEPAGE ="MS1252" CONSECDELIMITERSASONE ="NO" DELIMITED ="YES" DELIMITERS ="," ESCAPE_CHARACTER ="" KEEPESCAPECHAR ="NO" LINESEQUENTIAL ="NO" MULTIDELIMITERSASAND ="YES" NULLCHARTYPE ="ASCII" NULL_CHARACTER ="*" PADBYTES ="1" QUOTE_CHARACTER ="DOUBLE" REPEATABLE ="NO" ROWDELIMITER ="0" SKIPROWS ="1" STRIPTRAILINGBLANKS ="NO"/>
        </SESSTRANSFORMATIONINST>
        <CONFIGREFERENCE REFOBJECTNAME ="default_session_config" TYPE ="Session config">
            <ATTRIBUTE NAME ="Stop on errors" VALUE ="$PMSessionErrorThreshold"/>
        </CONFIGREFERENCE>
        <SESSIONCOMPONENT REFOBJECTNAME ="Email_Session_Failure" REUSABLE ="YES" TYPE ="Failure Email"/>
        <SESSIONEXTENSION COMPONENTVERSION ="5000000" NAME ="Teradata Parallel Transporter Writer" SINSTANCENAME ="Shortcut_to_WT_STORE_DELR_CD_ASSOC" SUBTYPE ="Teradata Parallel Transporter Writer" TRANSFORMATIONTYPE ="Target Definition" TYPE ="WRITER">
            <CONNECTIONREFERENCE CNXREFNAME ="Teradata Parallel Transporter Connection" CONNECTIONNAME ="" CONNECTIONNUMBER ="1" CONNECTIONSUBTYPE ="" CONNECTIONTYPE ="Relational" VARIABLE ="$DBConnection_TD_TPT"/>
            <CONNECTIONREFERENCE CNXREFNAME ="Teradata ODBC" CONNECTIONNAME ="" CONNECTIONNUMBER ="2" CONNECTIONSUBTYPE ="" CONNECTIONTYPE ="Relational" VARIABLE ="$DBConnection_TD_ODBC"/>
            <ATTRIBUTE NAME ="Truncate Table" VALUE ="YES"/>
            <ATTRIBUTE NAME ="Work Table Database" VALUE ="$ParamErrorDB"/>
            <ATTRIBUTE NAME ="Work Table Name" VALUE ="TPT_WRK_WT_STORE_DELR_CD_ASSOC"/>
            <ATTRIBUTE NAME ="Macro Database" VALUE =""/>
            <ATTRIBUTE NAME ="Instances" VALUE ="1"/>
            <ATTRIBUTE NAME ="Pause Acquisition" VALUE ="NO"/>
            <ATTRIBUTE NAME ="Query Band Expression" VALUE =""/>
            <ATTRIBUTE NAME ="Serialize Columns" VALUE =""/>
            <ATTRIBUTE NAME ="INSERT" VALUE ="YES"/>
            <ATTRIBUTE NAME ="UPDATE" VALUE ="NO"/>
            <ATTRIBUTE NAME ="DELETE" VALUE ="NO"/>
            <ATTRIBUTE NAME ="Replacement Character" VALUE =""/>
            <ATTRIBUTE NAME ="Database Version" VALUE ="14.x"/>
            <ATTRIBUTE NAME ="Update else Insert" VALUE ="NO"/>
            <ATTRIBUTE NAME ="Mark Missing Rows" VALUE ="None"/>
            <ATTRIBUTE NAME ="Mark Duplicate Rows" VALUE ="For Insert"/>
            <ATTRIBUTE NAME ="Mark Extra Rows" VALUE ="Both"/>
            <ATTRIBUTE NAME ="Log Database" VALUE ="$ParamErrorDB"/>
            <ATTRIBUTE NAME ="Log Table Name" VALUE ="TPT_LOG_WT_STORE_DELR_CD_ASSOC"/>
            <ATTRIBUTE NAME ="Error Database" VALUE ="$ParamErrorDB"/>
            <ATTRIBUTE NAME ="Error Table Name1" VALUE ="TPT_ERR1_WT_STORE_DELR_CD_ASSOC"/>
            <ATTRIBUTE NAME ="Error Table Name2" VALUE ="TPT_ERR2_WT_STORE_DELR_CD_ASSOC"/>
            <ATTRIBUTE NAME ="Drop Log/Error/Work Tables" VALUE ="NO"/>
            <ATTRIBUTE NAME ="Serialize" VALUE ="YES"/>
            <ATTRIBUTE NAME ="Pack" VALUE ="20"/>
            <ATTRIBUTE NAME ="Pack Maximum" VALUE ="NO"/>
            <ATTRIBUTE NAME ="Buffers" VALUE ="3"/>
            <ATTRIBUTE NAME ="Error Limit" VALUE ="-1"/>
            <ATTRIBUTE NAME ="Replication Override" VALUE ="None"/>
            <ATTRIBUTE NAME ="Driver Tracing Level" VALUE ="TD_OFF"/>
            <ATTRIBUTE NAME ="Infrastructure Tracing Level" VALUE ="TD_OFF"/>
            <ATTRIBUTE NAME ="Trace File Name" VALUE =""/>
        </SESSIONEXTENSION>
        <SESSIONEXTENSION NAME ="File Reader" SINSTANCENAME ="SQ_AWS_STORE_DELR_CD_ASSOC" SUBTYPE ="File Reader" TRANSFORMATIONTYPE ="Source Qualifier" TYPE ="READER"/>
        <SESSIONEXTENSION DSQINSTNAME ="SQ_AWS_STORE_DELR_CD_ASSOC" DSQINSTTYPE ="Source Qualifier" NAME ="File Reader" SINSTANCENAME ="AWS_STORE_DELR_CD_ASSOC" SUBTYPE ="File Reader" TRANSFORMATIONTYPE ="Source Definition" TYPE ="READER">
            <CONNECTIONREFERENCE CNXREFNAME ="Connection" CONNECTIONNAME ="" CONNECTIONNUMBER ="1" CONNECTIONSUBTYPE ="" CONNECTIONTYPE ="" VARIABLE =""/>
            <ATTRIBUTE NAME ="Input Type" VALUE ="File"/>
            <ATTRIBUTE NAME ="Concurrent read partitioning" VALUE ="Optimize throughput"/>
            <ATTRIBUTE NAME ="Command Type" VALUE ="Command Generating Data"/>
            <ATTRIBUTE NAME ="Source filetype" VALUE ="Indirect"/>
            <ATTRIBUTE NAME ="Source file directory" VALUE ="$$TGT_PATH"/>
            <ATTRIBUTE NAME ="Source filename" VALUE ="$$LIST_FILE_NAME_STORE_DLR_CD_ASSOC"/>
            <ATTRIBUTE NAME ="Command" VALUE =""/>
            <ATTRIBUTE NAME ="File Reader Truncate String Null" VALUE ="NO"/>
            <ATTRIBUTE NAME ="Codepage Parameter" VALUE =""/>
        </SESSIONEXTENSION>
        <ATTRIBUTE NAME ="General Options" VALUE =""/>
        <ATTRIBUTE NAME ="Write Backward Compatible Session Log File" VALUE ="NO"/>
        <ATTRIBUTE NAME ="Session Log File Name" VALUE ="s_m_SRC2WK_121_ATT_STORE_WT_STORE_DELR_CD_ASSOC.log"/>
        <ATTRIBUTE NAME ="Session Log File directory" VALUE ="$PMSessionLogDir&#x5c;"/>
        <ATTRIBUTE NAME ="Parameter Filename" VALUE ="$$SessFileTgtPath$$SessFileName"/>
        <ATTRIBUTE NAME ="Enable Test Load" VALUE ="NO"/>
        <ATTRIBUTE NAME ="$Source connection value" VALUE =""/>
        <ATTRIBUTE NAME ="$Target connection value" VALUE =""/>
        <ATTRIBUTE NAME ="Treat source rows as" VALUE ="Insert"/>
        <ATTRIBUTE NAME ="Commit Type" VALUE ="Target"/>
        <ATTRIBUTE NAME ="Commit Interval" VALUE ="10000"/>
        <ATTRIBUTE NAME ="Commit On End Of File" VALUE ="YES"/>
        <ATTRIBUTE NAME ="Rollback Transactions on Errors" VALUE ="NO"/>
        <ATTRIBUTE NAME ="Recovery Strategy" VALUE ="Fail task and continue workflow"/>
        <ATTRIBUTE NAME ="Java Classpath" VALUE =""/>
        <ATTRIBUTE NAME ="Performance" VALUE =""/>
        <ATTRIBUTE NAME ="DTM buffer size" VALUE ="Auto"/>
        <ATTRIBUTE NAME ="Collect performance data" VALUE ="NO"/>
        <ATTRIBUTE NAME ="Write performance data to repository" VALUE ="NO"/>
        <ATTRIBUTE NAME ="Incremental Aggregation" VALUE ="NO"/>
        <ATTRIBUTE NAME ="Enable high precision" VALUE ="NO"/>
        <ATTRIBUTE NAME ="Session retry on deadlock" VALUE ="NO"/>
        <ATTRIBUTE NAME ="Pushdown Optimization" VALUE ="None"/>
        <ATTRIBUTE NAME ="Allow Temporary View for Pushdown" VALUE ="NO"/>
        <ATTRIBUTE NAME ="Allow Temporary Sequence for Pushdown" VALUE ="NO"/>
        <ATTRIBUTE NAME ="Allow Pushdown for User Incompatible Connections" VALUE ="NO"/>
    </SESSION>
    <TASK DESCRIPTION ="This is a reusable command task for list file creation when you have more than one file in source OR the file nams is dynamic.&#xD;&#xA;Pass the following parameters from Parameter file. $$SRC_PATH,$$TGT_PATH,$$SRC_FILE_PATTERN and $$LIST_FILE_NAME.&#xD;&#xA;&#xD;&#xA;See the sample Parameter file contents  to pass values to the Parameter.&#xD;&#xA;&#xD;&#xA;$$SRC_PATH=$PMRootDir&#x5c;SrcFiles&#x5c;VERTICA_Customer_Loyalty&#xD;&#xA;$$TGT_PATH=$PMRootDir&#x5c;SrcFiles&#x5c;VERTICA_Customer_Loyalty&#xD;&#xA;$$SRC_FILE_PATTERN=bp_dim_point_source_*.txt&#xD;&#xA;$$LIST_FILE_NAME=LIST_bp_dim_point_source.list" NAME ="cmd_Create_FileList" REUSABLE ="YES" TYPE ="Command" VERSIONNUMBER ="1">
        <ATTRIBUTE NAME ="Fail task if any command fails" VALUE ="YES"/>
        <ATTRIBUTE NAME ="Recovery Strategy" VALUE ="Fail task and continue workflow"/>
        <VALUEPAIR EXECORDER ="1" NAME ="Create_ListFile" REVERSEASSIGNMENT ="NO" VALUE ="dir /b $$SRC_PATH&#x5c;$$SRC_FILE_PATTERN &gt; $$TGT_PATH&#x5c;$$LIST_FILE_NAME"/>
    </TASK>
    <WORKFLOW DESCRIPTION ="" ISENABLED ="YES" ISRUNNABLESERVICE ="NO" ISSERVICE ="NO" ISVALID ="YES" NAME ="wf_ATT_STORE_DLR_CD_ASSOC_SRC2LND" REUSABLE_SCHEDULER ="NO" SCHEDULERNAME ="Scheduler" SERVERNAME ="PWC_SRVC_INFA_INT_DEV01" SERVER_DOMAINNAME ="Domain_INFA_INT_DEV01" SUSPEND_ON_ERROR ="NO" TASKS_MUST_RUN_ON_SERVER ="NO" VERSIONNUMBER ="1">
        <SCHEDULER DESCRIPTION ="" NAME ="Scheduler" REUSABLE ="NO" VERSIONNUMBER ="1">
            <SCHEDULEINFO SCHEDULETYPE ="ONDEMAND"/>
        </SCHEDULER>
        <TASK DESCRIPTION ="" NAME ="Start" REUSABLE ="NO" TYPE ="Start" VERSIONNUMBER ="1"/>
        <TASKINSTANCE DESCRIPTION ="" FAIL_PARENT_IF_INSTANCE_DID_NOT_RUN ="NO" FAIL_PARENT_IF_INSTANCE_FAILS ="YES" ISENABLED ="YES" NAME ="cmd_Create_FileList_STORE_DLR_CD_ASSOC" REUSABLE ="YES" TASKNAME ="cmd_Create_FileList" TASKTYPE ="Command" TREAT_INPUTLINK_AS_AND ="YES">
            <VALUEPAIR EXECORDER ="1" NAME ="Create_ListFile" REVERSEASSIGNMENT ="NO" VALUE ="dir /b $$SRC_PATH&#x5c;$$SRC_FILE_PATTERN_STORE_DLR_CD_ASSOC &gt; $$TGT_PATH&#x5c;$$LIST_FILE_NAME_STORE_DLR_CD_ASSOC"/>
        </TASKINSTANCE>
        <TASKINSTANCE DESCRIPTION ="" ISENABLED ="YES" NAME ="Start" REUSABLE ="NO" TASKNAME ="Start" TASKTYPE ="Start"/>
        <TASKINSTANCE DESCRIPTION ="" FAIL_PARENT_IF_INSTANCE_DID_NOT_RUN ="NO" FAIL_PARENT_IF_INSTANCE_FAILS ="YES" ISENABLED ="YES" NAME ="s_m_SRC2WK_121_ATT_STORE_WT_STORE_DELR_CD_ASSOC" REUSABLE ="YES" TASKNAME ="s_m_SRC2WK_121_ATT_STORE_WT_STORE_DELR_CD_ASSOC" TASKTYPE ="Session" TREAT_INPUTLINK_AS_AND ="YES"/>
        <TASKINSTANCE DESCRIPTION ="" FAIL_PARENT_IF_INSTANCE_DID_NOT_RUN ="NO" FAIL_PARENT_IF_INSTANCE_FAILS ="YES" ISENABLED ="YES" NAME ="s_m_WK2LD_121_ATT_STORE_LT_STORE_DELR_CD_ASSOC" REUSABLE ="YES" TASKNAME ="s_m_WK2LD_121_ATT_STORE_LT_STORE_DELR_CD_ASSOC" TASKTYPE ="Session" TREAT_INPUTLINK_AS_AND ="YES"/>
        <WORKFLOWLINK CONDITION ="" FROMTASK ="Start" TOTASK ="cmd_Create_FileList_STORE_DLR_CD_ASSOC"/>
        <WORKFLOWLINK CONDITION ="$cmd_Create_FileList_STORE_DLR_CD_ASSOC.PrevTaskStatus = SUCCEEDED" FROMTASK ="cmd_Create_FileList_STORE_DLR_CD_ASSOC" TOTASK ="s_m_SRC2WK_121_ATT_STORE_WT_STORE_DELR_CD_ASSOC"/>
        <WORKFLOWLINK CONDITION ="$s_m_SRC2WK_121_ATT_STORE_WT_STORE_DELR_CD_ASSOC.PrevTaskStatus = SUCCEEDED" FROMTASK ="s_m_SRC2WK_121_ATT_STORE_WT_STORE_DELR_CD_ASSOC" TOTASK ="s_m_WK2LD_121_ATT_STORE_LT_STORE_DELR_CD_ASSOC"/>
        <WORKFLOWVARIABLE DATATYPE ="date/time" DEFAULTVALUE ="" DESCRIPTION ="The time this task started" ISNULL ="NO" ISPERSISTENT ="NO" NAME ="$cmd_Create_FileList_STORE_DLR_CD_ASSOC.StartTime" USERDEFINED ="NO"/>
        <WORKFLOWVARIABLE DATATYPE ="date/time" DEFAULTVALUE ="" DESCRIPTION ="The time this task completed" ISNULL ="NO" ISPERSISTENT ="NO" NAME ="$cmd_Create_FileList_STORE_DLR_CD_ASSOC.EndTime" USERDEFINED ="NO"/>
        <WORKFLOWVARIABLE DATATYPE ="integer" DEFAULTVALUE ="" DESCRIPTION ="Status of this task&apos;s execution" ISNULL ="NO" ISPERSISTENT ="NO" NAME ="$cmd_Create_FileList_STORE_DLR_CD_ASSOC.Status" USERDEFINED ="NO"/>
        <WORKFLOWVARIABLE DATATYPE ="integer" DEFAULTVALUE ="" DESCRIPTION ="Status of the previous task that is not disabled" ISNULL ="NO" ISPERSISTENT ="NO" NAME ="$cmd_Create_FileList_STORE_DLR_CD_ASSOC.PrevTaskStatus" USERDEFINED ="NO"/>
        <WORKFLOWVARIABLE DATATYPE ="integer" DEFAULTVALUE ="" DESCRIPTION ="Error code for this task&apos;s execution" ISNULL ="NO" ISPERSISTENT ="NO" NAME ="$cmd_Create_FileList_STORE_DLR_CD_ASSOC.ErrorCode" USERDEFINED ="NO"/>
        <WORKFLOWVARIABLE DATATYPE ="string" DEFAULTVALUE ="" DESCRIPTION ="Error message for this task&apos;s execution" ISNULL ="NO" ISPERSISTENT ="NO" NAME ="$cmd_Create_FileList_STORE_DLR_CD_ASSOC.ErrorMsg" USERDEFINED ="NO"/>
        <WORKFLOWVARIABLE DATATYPE ="date/time" DEFAULTVALUE ="" DESCRIPTION ="The time this task started" ISNULL ="NO" ISPERSISTENT ="NO" NAME ="$Start.StartTime" USERDEFINED ="NO"/>
        <WORKFLOWVARIABLE DATATYPE ="date/time" DEFAULTVALUE ="" DESCRIPTION ="The time this task completed" ISNULL ="NO" ISPERSISTENT ="NO" NAME ="$Start.EndTime" USERDEFINED ="NO"/>
        <WORKFLOWVARIABLE DATATYPE ="integer" DEFAULTVALUE ="" DESCRIPTION ="Status of this task&apos;s execution" ISNULL ="NO" ISPERSISTENT ="NO" NAME ="$Start.Status" USERDEFINED ="NO"/>
        <WORKFLOWVARIABLE DATATYPE ="integer" DEFAULTVALUE ="" DESCRIPTION ="Status of the previous task that is not disabled" ISNULL ="NO" ISPERSISTENT ="NO" NAME ="$Start.PrevTaskStatus" USERDEFINED ="NO"/>
        <WORKFLOWVARIABLE DATATYPE ="integer" DEFAULTVALUE ="" DESCRIPTION ="Error code for this task&apos;s execution" ISNULL ="NO" ISPERSISTENT ="NO" NAME ="$Start.ErrorCode" USERDEFINED ="NO"/>
        <WORKFLOWVARIABLE DATATYPE ="string" DEFAULTVALUE ="" DESCRIPTION ="Error message for this task&apos;s execution" ISNULL ="NO" ISPERSISTENT ="NO" NAME ="$Start.ErrorMsg" USERDEFINED ="NO"/>
        <WORKFLOWVARIABLE DATATYPE ="date/time" DEFAULTVALUE ="" DESCRIPTION ="The time this task started" ISNULL ="NO" ISPERSISTENT ="NO" NAME ="$s_m_SRC2WK_121_ATT_STORE_WT_STORE_DELR_CD_ASSOC.StartTime" USERDEFINED ="NO"/>
        <WORKFLOWVARIABLE DATATYPE ="date/time" DEFAULTVALUE ="" DESCRIPTION ="The time this task completed" ISNULL ="NO" ISPERSISTENT ="NO" NAME ="$s_m_SRC2WK_121_ATT_STORE_WT_STORE_DELR_CD_ASSOC.EndTime" USERDEFINED ="NO"/>
        <WORKFLOWVARIABLE DATATYPE ="integer" DEFAULTVALUE ="" DESCRIPTION ="Status of this task&apos;s execution" ISNULL ="NO" ISPERSISTENT ="NO" NAME ="$s_m_SRC2WK_121_ATT_STORE_WT_STORE_DELR_CD_ASSOC.Status" USERDEFINED ="NO"/>
        <WORKFLOWVARIABLE DATATYPE ="integer" DEFAULTVALUE ="" DESCRIPTION ="Status of the previous task that is not disabled" ISNULL ="NO" ISPERSISTENT ="NO" NAME ="$s_m_SRC2WK_121_ATT_STORE_WT_STORE_DELR_CD_ASSOC.PrevTaskStatus" USERDEFINED ="NO"/>
        <WORKFLOWVARIABLE DATATYPE ="integer" DEFAULTVALUE ="" DESCRIPTION ="Error code for this task&apos;s execution" ISNULL ="NO" ISPERSISTENT ="NO" NAME ="$s_m_SRC2WK_121_ATT_STORE_WT_STORE_DELR_CD_ASSOC.ErrorCode" USERDEFINED ="NO"/>
        <WORKFLOWVARIABLE DATATYPE ="string" DEFAULTVALUE ="" DESCRIPTION ="Error message for this task&apos;s execution" ISNULL ="NO" ISPERSISTENT ="NO" NAME ="$s_m_SRC2WK_121_ATT_STORE_WT_STORE_DELR_CD_ASSOC.ErrorMsg" USERDEFINED ="NO"/>
        <WORKFLOWVARIABLE DATATYPE ="integer" DEFAULTVALUE ="" DESCRIPTION ="Rows successfully read" ISNULL ="NO" ISPERSISTENT ="NO" NAME ="$s_m_SRC2WK_121_ATT_STORE_WT_STORE_DELR_CD_ASSOC.SrcSuccessRows" USERDEFINED ="NO"/>
        <WORKFLOWVARIABLE DATATYPE ="integer" DEFAULTVALUE ="" DESCRIPTION ="Rows failed to read" ISNULL ="NO" ISPERSISTENT ="NO" NAME ="$s_m_SRC2WK_121_ATT_STORE_WT_STORE_DELR_CD_ASSOC.SrcFailedRows" USERDEFINED ="NO"/>
        <WORKFLOWVARIABLE DATATYPE ="integer" DEFAULTVALUE ="" DESCRIPTION ="Rows successfully loaded" ISNULL ="NO" ISPERSISTENT ="NO" NAME ="$s_m_SRC2WK_121_ATT_STORE_WT_STORE_DELR_CD_ASSOC.TgtSuccessRows" USERDEFINED ="NO"/>
        <WORKFLOWVARIABLE DATATYPE ="integer" DEFAULTVALUE ="" DESCRIPTION ="Rows failed to load" ISNULL ="NO" ISPERSISTENT ="NO" NAME ="$s_m_SRC2WK_121_ATT_STORE_WT_STORE_DELR_CD_ASSOC.TgtFailedRows" USERDEFINED ="NO"/>
        <WORKFLOWVARIABLE DATATYPE ="integer" DEFAULTVALUE ="" DESCRIPTION ="Total number of transformation errors" ISNULL ="NO" ISPERSISTENT ="NO" NAME ="$s_m_SRC2WK_121_ATT_STORE_WT_STORE_DELR_CD_ASSOC.TotalTransErrors" USERDEFINED ="NO"/>
        <WORKFLOWVARIABLE DATATYPE ="integer" DEFAULTVALUE ="" DESCRIPTION ="First error code" ISNULL ="NO" ISPERSISTENT ="NO" NAME ="$s_m_SRC2WK_121_ATT_STORE_WT_STORE_DELR_CD_ASSOC.FirstErrorCode" USERDEFINED ="NO"/>
        <WORKFLOWVARIABLE DATATYPE ="string" DEFAULTVALUE ="" DESCRIPTION ="First error message" ISNULL ="NO" ISPERSISTENT ="NO" NAME ="$s_m_SRC2WK_121_ATT_STORE_WT_STORE_DELR_CD_ASSOC.FirstErrorMsg" USERDEFINED ="NO"/>
        <WORKFLOWVARIABLE DATATYPE ="date/time" DEFAULTVALUE ="" DESCRIPTION ="The time this task started" ISNULL ="NO" ISPERSISTENT ="NO" NAME ="$s_m_WK2LD_121_ATT_STORE_LT_STORE_DELR_CD_ASSOC.StartTime" USERDEFINED ="NO"/>
        <WORKFLOWVARIABLE DATATYPE ="date/time" DEFAULTVALUE ="" DESCRIPTION ="The time this task completed" ISNULL ="NO" ISPERSISTENT ="NO" NAME ="$s_m_WK2LD_121_ATT_STORE_LT_STORE_DELR_CD_ASSOC.EndTime" USERDEFINED ="NO"/>
        <WORKFLOWVARIABLE DATATYPE ="integer" DEFAULTVALUE ="" DESCRIPTION ="Status of this task&apos;s execution" ISNULL ="NO" ISPERSISTENT ="NO" NAME ="$s_m_WK2LD_121_ATT_STORE_LT_STORE_DELR_CD_ASSOC.Status" USERDEFINED ="NO"/>
        <WORKFLOWVARIABLE DATATYPE ="integer" DEFAULTVALUE ="" DESCRIPTION ="Status of the previous task that is not disabled" ISNULL ="NO" ISPERSISTENT ="NO" NAME ="$s_m_WK2LD_121_ATT_STORE_LT_STORE_DELR_CD_ASSOC.PrevTaskStatus" USERDEFINED ="NO"/>
        <WORKFLOWVARIABLE DATATYPE ="integer" DEFAULTVALUE ="" DESCRIPTION ="Error code for this task&apos;s execution" ISNULL ="NO" ISPERSISTENT ="NO" NAME ="$s_m_WK2LD_121_ATT_STORE_LT_STORE_DELR_CD_ASSOC.ErrorCode" USERDEFINED ="NO"/>
        <WORKFLOWVARIABLE DATATYPE ="string" DEFAULTVALUE ="" DESCRIPTION ="Error message for this task&apos;s execution" ISNULL ="NO" ISPERSISTENT ="NO" NAME ="$s_m_WK2LD_121_ATT_STORE_LT_STORE_DELR_CD_ASSOC.ErrorMsg" USERDEFINED ="NO"/>
        <WORKFLOWVARIABLE DATATYPE ="integer" DEFAULTVALUE ="" DESCRIPTION ="Rows successfully read" ISNULL ="NO" ISPERSISTENT ="NO" NAME ="$s_m_WK2LD_121_ATT_STORE_LT_STORE_DELR_CD_ASSOC.SrcSuccessRows" USERDEFINED ="NO"/>
        <WORKFLOWVARIABLE DATATYPE ="integer" DEFAULTVALUE ="" DESCRIPTION ="Rows failed to read" ISNULL ="NO" ISPERSISTENT ="NO" NAME ="$s_m_WK2LD_121_ATT_STORE_LT_STORE_DELR_CD_ASSOC.SrcFailedRows" USERDEFINED ="NO"/>
        <WORKFLOWVARIABLE DATATYPE ="integer" DEFAULTVALUE ="" DESCRIPTION ="Rows successfully loaded" ISNULL ="NO" ISPERSISTENT ="NO" NAME ="$s_m_WK2LD_121_ATT_STORE_LT_STORE_DELR_CD_ASSOC.TgtSuccessRows" USERDEFINED ="NO"/>
        <WORKFLOWVARIABLE DATATYPE ="integer" DEFAULTVALUE ="" DESCRIPTION ="Rows failed to load" ISNULL ="NO" ISPERSISTENT ="NO" NAME ="$s_m_WK2LD_121_ATT_STORE_LT_STORE_DELR_CD_ASSOC.TgtFailedRows" USERDEFINED ="NO"/>
        <WORKFLOWVARIABLE DATATYPE ="integer" DEFAULTVALUE ="" DESCRIPTION ="Total number of transformation errors" ISNULL ="NO" ISPERSISTENT ="NO" NAME ="$s_m_WK2LD_121_ATT_STORE_LT_STORE_DELR_CD_ASSOC.TotalTransErrors" USERDEFINED ="NO"/>
        <WORKFLOWVARIABLE DATATYPE ="integer" DEFAULTVALUE ="" DESCRIPTION ="First error code" ISNULL ="NO" ISPERSISTENT ="NO" NAME ="$s_m_WK2LD_121_ATT_STORE_LT_STORE_DELR_CD_ASSOC.FirstErrorCode" USERDEFINED ="NO"/>
        <WORKFLOWVARIABLE DATATYPE ="string" DEFAULTVALUE ="" DESCRIPTION ="First error message" ISNULL ="NO" ISPERSISTENT ="NO" NAME ="$s_m_WK2LD_121_ATT_STORE_LT_STORE_DELR_CD_ASSOC.FirstErrorMsg" USERDEFINED ="NO"/>
        <WORKFLOWVARIABLE DATATYPE ="nstring" DEFAULTVALUE ="" DESCRIPTION ="" ISNULL ="NO" ISPERSISTENT ="NO" NAME ="$$SRC_PATH" USERDEFINED ="YES"/>
        <WORKFLOWVARIABLE DATATYPE ="nstring" DEFAULTVALUE ="" DESCRIPTION ="" ISNULL ="NO" ISPERSISTENT ="NO" NAME ="$$TGT_PATH" USERDEFINED ="YES"/>
        <WORKFLOWVARIABLE DATATYPE ="nstring" DEFAULTVALUE ="" DESCRIPTION ="" ISNULL ="NO" ISPERSISTENT ="NO" NAME ="$$SRC_FILE_PATTERN_STORE_DLR_CD_ASSOC" USERDEFINED ="YES"/>
        <WORKFLOWVARIABLE DATATYPE ="nstring" DEFAULTVALUE ="" DESCRIPTION ="" ISNULL ="NO" ISPERSISTENT ="NO" NAME ="$$LIST_FILE_NAME_STORE_DLR_CD_ASSOC" USERDEFINED ="YES"/>
        <WORKFLOWVARIABLE DATATYPE ="nstring" DEFAULTVALUE ="" DESCRIPTION ="" ISNULL ="NO" ISPERSISTENT ="NO" NAME ="$$SessFileTgtPath" USERDEFINED ="YES"/>
        <WORKFLOWVARIABLE DATATYPE ="nstring" DEFAULTVALUE ="" DESCRIPTION ="" ISNULL ="NO" ISPERSISTENT ="NO" NAME ="$$SessFileName" USERDEFINED ="YES"/>
        <ATTRIBUTE NAME ="Parameter Filename" VALUE ="$PMRootDir&#x5c;ParmFiles&#x5c;EDW_TechBrands&#x5c;wf_ATT_STORE.prm"/>
        <ATTRIBUTE NAME ="Write Backward Compatible Workflow Log File" VALUE ="NO"/>
        <ATTRIBUTE NAME ="Workflow Log File Name" VALUE ="wf_ATT_STORE_DLR_CD_ASSOC_SRC2LND.log"/>
        <ATTRIBUTE NAME ="Workflow Log File Directory" VALUE ="$PMWorkflowLogDir&#x5c;"/>
        <ATTRIBUTE NAME ="Save Workflow log by" VALUE ="By runs"/>
        <ATTRIBUTE NAME ="Save workflow log for these runs" VALUE ="0"/>
        <ATTRIBUTE NAME ="Service Name" VALUE =""/>
        <ATTRIBUTE NAME ="Service Timeout" VALUE ="0"/>
        <ATTRIBUTE NAME ="Is Service Visible" VALUE ="NO"/>
        <ATTRIBUTE NAME ="Is Service Protected" VALUE ="NO"/>
        <ATTRIBUTE NAME ="Fail task after wait time" VALUE ="0"/>
        <ATTRIBUTE NAME ="Enable HA recovery" VALUE ="NO"/>
        <ATTRIBUTE NAME ="Automatically recover terminated tasks" VALUE ="NO"/>
        <ATTRIBUTE NAME ="Service Level Name" VALUE ="Default"/>
        <ATTRIBUTE NAME ="Allow concurrent run with unique run instance name" VALUE ="NO"/>
        <ATTRIBUTE NAME ="Allow concurrent run with same run instance name" VALUE ="YES"/>
        <ATTRIBUTE NAME ="Maximum number of concurrent runs" VALUE ="0"/>
        <ATTRIBUTE NAME ="Assigned Web Services Hubs" VALUE =""/>
        <ATTRIBUTE NAME ="Maximum number of concurrent runs per Hub" VALUE ="1000"/>
        <ATTRIBUTE NAME ="Expected Service Time" VALUE ="1"/>
    </WORKFLOW>
</FOLDER>
</REPOSITORY>
</POWERMART>