<?xml version="1.0" encoding="Windows-1252"?>
<!DOCTYPE POWERMART SYSTEM "powrmart.dtd">
<POWERMART CREATION_DATE="12/21/2017 09:02:08" REPOSITORY_VERSION="184.93">
<REPOSITORY NAME="PWC_REPO_INFA_INT_DEV01" VERSION="184" CODEPAGE="MS1252" DATABASETYPE="Microsoft SQL Server">
<FOLDER NAME="EDW_TechBrands_Shared" GROUP="" OWNER="509784" SHARED="SHARED" DESCRIPTION="" PERMISSIONS="rwx---r-x" UUID="4f929f9d-dc0b-41c0-b2c8-77b5bcccb575">
    <SOURCE BUSINESSNAME ="" DATABASETYPE ="Teradata" DBDNAME ="TB_LAND" DESCRIPTION ="" NAME ="LT_EMP_STORE_ASSOC" OBJECTVERSION ="1" OWNERNAME ="TBLANDDEV" VERSIONNUMBER ="6">
        <SOURCEFIELD BUSINESSNAME ="" DATATYPE ="integer" DESCRIPTION ="" FIELDNUMBER ="1" FIELDPROPERTY ="0" FIELDTYPE ="ELEMITEM" HIDDEN ="NO" KEYTYPE ="NOT A KEY" LENGTH ="11" LEVEL ="0" NAME ="STORE_NUM" NULLABLE ="NULL" OCCURS ="0" OFFSET ="0" PHYSICALLENGTH ="10" PHYSICALOFFSET ="0" PICTURETEXT ="" PRECISION ="10" SCALE ="0" USAGE_FLAGS =""/>
        <SOURCEFIELD BUSINESSNAME ="" DATATYPE ="integer" DESCRIPTION ="" FIELDNUMBER ="2" FIELDPROPERTY ="0" FIELDTYPE ="ELEMITEM" HIDDEN ="NO" KEYTYPE ="NOT A KEY" LENGTH ="11" LEVEL ="0" NAME ="SRC_EMP_ID" NULLABLE ="NULL" OCCURS ="0" OFFSET ="11" PHYSICALLENGTH ="10" PHYSICALOFFSET ="10" PICTURETEXT ="" PRECISION ="10" SCALE ="0" USAGE_FLAGS =""/>
        <SOURCEFIELD BUSINESSNAME ="" DATATYPE ="integer" DESCRIPTION ="" FIELDNUMBER ="3" FIELDPROPERTY ="0" FIELDTYPE ="ELEMITEM" HIDDEN ="NO" KEYTYPE ="NOT A KEY" LENGTH ="11" LEVEL ="0" NAME ="CO_CD" NULLABLE ="NULL" OCCURS ="0" OFFSET ="22" PHYSICALLENGTH ="10" PHYSICALOFFSET ="20" PICTURETEXT ="" PRECISION ="10" SCALE ="0" USAGE_FLAGS =""/>
        <SOURCEFIELD BUSINESSNAME ="" DATATYPE ="varchar" DESCRIPTION ="" FIELDNUMBER ="4" FIELDPROPERTY ="0" FIELDTYPE ="ELEMITEM" HIDDEN ="NO" KEYTYPE ="NOT A KEY" LENGTH ="0" LEVEL ="0" NAME ="SRC_SYS_NM" NULLABLE ="NULL" OCCURS ="0" OFFSET ="33" PHYSICALLENGTH ="20" PHYSICALOFFSET ="30" PICTURETEXT ="" PRECISION ="20" SCALE ="0" USAGE_FLAGS =""/>
        <SOURCEFIELD BUSINESSNAME ="" DATATYPE ="byteint" DESCRIPTION ="" FIELDNUMBER ="5" FIELDPROPERTY ="0" FIELDTYPE ="ELEMITEM" HIDDEN ="NO" KEYTYPE ="NOT A KEY" LENGTH ="4" LEVEL ="0" NAME ="IS_PRI_LOC" NULLABLE ="NULL" OCCURS ="0" OFFSET ="33" PHYSICALLENGTH ="3" PHYSICALOFFSET ="50" PICTURETEXT ="" PRECISION ="3" SCALE ="0" USAGE_FLAGS =""/>
        <SOURCEFIELD BUSINESSNAME ="" DATATYPE ="varchar" DESCRIPTION ="" FIELDNUMBER ="6" FIELDPROPERTY ="0" FIELDTYPE ="ELEMITEM" HIDDEN ="NO" KEYTYPE ="NOT A KEY" LENGTH ="0" LEVEL ="0" NAME ="CDC_IND_CD" NULLABLE ="NULL" OCCURS ="0" OFFSET ="37" PHYSICALLENGTH ="10" PHYSICALOFFSET ="53" PICTURETEXT ="" PRECISION ="10" SCALE ="0" USAGE_FLAGS =""/>
        <SOURCEFIELD BUSINESSNAME ="" DATATYPE ="integer" DESCRIPTION ="" FIELDNUMBER ="7" FIELDPROPERTY ="0" FIELDTYPE ="ELEMITEM" HIDDEN ="NO" KEYTYPE ="NOT A KEY" LENGTH ="11" LEVEL ="0" NAME ="EDW_BATCH_ID" NULLABLE ="NULL" OCCURS ="0" OFFSET ="37" PHYSICALLENGTH ="10" PHYSICALOFFSET ="63" PICTURETEXT ="" PRECISION ="10" SCALE ="0" USAGE_FLAGS =""/>
        <SOURCEFIELD BUSINESSNAME ="" DATATYPE ="timestamp" DESCRIPTION ="" FIELDNUMBER ="8" FIELDPROPERTY ="0" FIELDTYPE ="ELEMITEM" HIDDEN ="NO" KEYTYPE ="NOT A KEY" LENGTH ="19" LEVEL ="0" NAME ="EDW_CREATE_DTTM" NULLABLE ="NULL" OCCURS ="0" OFFSET ="48" PHYSICALLENGTH ="26" PHYSICALOFFSET ="73" PICTURETEXT ="" PRECISION ="26" SCALE ="6" USAGE_FLAGS =""/>
        <SOURCEFIELD BUSINESSNAME ="" DATATYPE ="timestamp" DESCRIPTION ="" FIELDNUMBER ="9" FIELDPROPERTY ="0" FIELDTYPE ="ELEMITEM" HIDDEN ="NO" KEYTYPE ="NOT A KEY" LENGTH ="19" LEVEL ="0" NAME ="EDW_UPDATE_DTTM" NULLABLE ="NULL" OCCURS ="0" OFFSET ="67" PHYSICALLENGTH ="26" PHYSICALOFFSET ="99" PICTURETEXT ="" PRECISION ="26" SCALE ="6" USAGE_FLAGS =""/>
    </SOURCE>
    <SOURCE BUSINESSNAME ="" DATABASETYPE ="Teradata" DBDNAME ="TB_CORE" DESCRIPTION ="" NAME ="EMP" OBJECTVERSION ="1" OWNERNAME ="TBSTGDEV" VERSIONNUMBER ="3">
        <SOURCEFIELD BUSINESSNAME ="" DATATYPE ="varchar" DESCRIPTION ="" FIELDNUMBER ="1" FIELDPROPERTY ="0" FIELDTYPE ="ELEMITEM" HIDDEN ="NO" KEYTYPE ="PRIMARY KEY" LENGTH ="0" LEVEL ="0" NAME ="SRC_SYS_NM" NULLABLE ="NOTNULL" OCCURS ="0" OFFSET ="0" PHYSICALLENGTH ="50" PHYSICALOFFSET ="0" PICTURETEXT ="" PRECISION ="50" SCALE ="0" USAGE_FLAGS =""/>
        <SOURCEFIELD BUSINESSNAME ="" DATATYPE ="integer" DESCRIPTION ="" FIELDNUMBER ="2" FIELDPROPERTY ="0" FIELDTYPE ="ELEMITEM" HIDDEN ="NO" KEYTYPE ="PRIMARY KEY" LENGTH ="11" LEVEL ="0" NAME ="EMP_SEQ_ID" NULLABLE ="NOTNULL" OCCURS ="0" OFFSET ="0" PHYSICALLENGTH ="10" PHYSICALOFFSET ="50" PICTURETEXT ="" PRECISION ="10" SCALE ="0" USAGE_FLAGS =""/>
        <SOURCEFIELD BUSINESSNAME ="" DATATYPE ="integer" DESCRIPTION ="" FIELDNUMBER ="3" FIELDPROPERTY ="0" FIELDTYPE ="ELEMITEM" HIDDEN ="NO" KEYTYPE ="NOT A KEY" LENGTH ="11" LEVEL ="0" NAME ="CO_CD" NULLABLE ="NOTNULL" OCCURS ="0" OFFSET ="11" PHYSICALLENGTH ="10" PHYSICALOFFSET ="60" PICTURETEXT ="" PRECISION ="10" SCALE ="0" USAGE_FLAGS =""/>
        <SOURCEFIELD BUSINESSNAME ="" DATATYPE ="varchar" DESCRIPTION ="" FIELDNUMBER ="4" FIELDPROPERTY ="0" FIELDTYPE ="ELEMITEM" HIDDEN ="NO" KEYTYPE ="NOT A KEY" LENGTH ="0" LEVEL ="0" NAME ="NME" NULLABLE ="NOTNULL" OCCURS ="0" OFFSET ="22" PHYSICALLENGTH ="50" PHYSICALOFFSET ="70" PICTURETEXT ="" PRECISION ="50" SCALE ="0" USAGE_FLAGS =""/>
        <SOURCEFIELD BUSINESSNAME ="" DATATYPE ="varchar" DESCRIPTION ="" FIELDNUMBER ="5" FIELDPROPERTY ="0" FIELDTYPE ="ELEMITEM" HIDDEN ="NO" KEYTYPE ="NOT A KEY" LENGTH ="0" LEVEL ="0" NAME ="WRKDAY_ID" NULLABLE ="NULL" OCCURS ="0" OFFSET ="22" PHYSICALLENGTH ="20" PHYSICALOFFSET ="120" PICTURETEXT ="" PRECISION ="20" SCALE ="0" USAGE_FLAGS =""/>
        <SOURCEFIELD BUSINESSNAME ="" DATATYPE ="varchar" DESCRIPTION ="" FIELDNUMBER ="6" FIELDPROPERTY ="0" FIELDTYPE ="ELEMITEM" HIDDEN ="NO" KEYTYPE ="NOT A KEY" LENGTH ="0" LEVEL ="0" NAME ="PTTM_IND" NULLABLE ="NOTNULL" OCCURS ="0" OFFSET ="22" PHYSICALLENGTH ="20" PHYSICALOFFSET ="140" PICTURETEXT ="" PRECISION ="20" SCALE ="0" USAGE_FLAGS =""/>
        <SOURCEFIELD BUSINESSNAME ="" DATATYPE ="varchar" DESCRIPTION ="" FIELDNUMBER ="7" FIELDPROPERTY ="0" FIELDTYPE ="ELEMITEM" HIDDEN ="NO" KEYTYPE ="NOT A KEY" LENGTH ="0" LEVEL ="0" NAME ="JOB_ROLE" NULLABLE ="NOTNULL" OCCURS ="0" OFFSET ="22" PHYSICALLENGTH ="50" PHYSICALOFFSET ="160" PICTURETEXT ="" PRECISION ="50" SCALE ="0" USAGE_FLAGS =""/>
        <SOURCEFIELD BUSINESSNAME ="" DATATYPE ="varchar" DESCRIPTION ="" FIELDNUMBER ="8" FIELDPROPERTY ="0" FIELDTYPE ="ELEMITEM" HIDDEN ="NO" KEYTYPE ="NOT A KEY" LENGTH ="0" LEVEL ="0" NAME ="GNDR" NULLABLE ="NULL" OCCURS ="0" OFFSET ="22" PHYSICALLENGTH ="20" PHYSICALOFFSET ="210" PICTURETEXT ="" PRECISION ="20" SCALE ="0" USAGE_FLAGS =""/>
        <SOURCEFIELD BUSINESSNAME ="" DATATYPE ="varchar" DESCRIPTION ="" FIELDNUMBER ="9" FIELDPROPERTY ="0" FIELDTYPE ="ELEMITEM" HIDDEN ="NO" KEYTYPE ="NOT A KEY" LENGTH ="0" LEVEL ="0" NAME ="WRK_EMAIL" NULLABLE ="NULL" OCCURS ="0" OFFSET ="22" PHYSICALLENGTH ="50" PHYSICALOFFSET ="230" PICTURETEXT ="" PRECISION ="50" SCALE ="0" USAGE_FLAGS =""/>
        <SOURCEFIELD BUSINESSNAME ="" DATATYPE ="varchar" DESCRIPTION ="" FIELDNUMBER ="10" FIELDPROPERTY ="0" FIELDTYPE ="ELEMITEM" HIDDEN ="NO" KEYTYPE ="NOT A KEY" LENGTH ="0" LEVEL ="0" NAME ="STAT" NULLABLE ="NOTNULL" OCCURS ="0" OFFSET ="22" PHYSICALLENGTH ="20" PHYSICALOFFSET ="280" PICTURETEXT ="" PRECISION ="20" SCALE ="0" USAGE_FLAGS =""/>
        <SOURCEFIELD BUSINESSNAME ="" DATATYPE ="varchar" DESCRIPTION ="" FIELDNUMBER ="11" FIELDPROPERTY ="0" FIELDTYPE ="ELEMITEM" HIDDEN ="NO" KEYTYPE ="NOT A KEY" LENGTH ="0" LEVEL ="0" NAME ="JOB_TITLE" NULLABLE ="NULL" OCCURS ="0" OFFSET ="22" PHYSICALLENGTH ="50" PHYSICALOFFSET ="300" PICTURETEXT ="" PRECISION ="50" SCALE ="0" USAGE_FLAGS =""/>
        <SOURCEFIELD BUSINESSNAME ="" DATATYPE ="varchar" DESCRIPTION ="" FIELDNUMBER ="12" FIELDPROPERTY ="0" FIELDTYPE ="ELEMITEM" HIDDEN ="NO" KEYTYPE ="NOT A KEY" LENGTH ="0" LEVEL ="0" NAME ="EMP_LANG" NULLABLE ="NULL" OCCURS ="0" OFFSET ="22" PHYSICALLENGTH ="20" PHYSICALOFFSET ="350" PICTURETEXT ="" PRECISION ="20" SCALE ="0" USAGE_FLAGS =""/>
        <SOURCEFIELD BUSINESSNAME ="" DATATYPE ="varchar" DESCRIPTION ="" FIELDNUMBER ="13" FIELDPROPERTY ="0" FIELDTYPE ="ELEMITEM" HIDDEN ="NO" KEYTYPE ="NOT A KEY" LENGTH ="0" LEVEL ="0" NAME ="CTY" NULLABLE ="NULL" OCCURS ="0" OFFSET ="22" PHYSICALLENGTH ="50" PHYSICALOFFSET ="370" PICTURETEXT ="" PRECISION ="50" SCALE ="0" USAGE_FLAGS =""/>
        <SOURCEFIELD BUSINESSNAME ="" DATATYPE ="varchar" DESCRIPTION ="" FIELDNUMBER ="14" FIELDPROPERTY ="0" FIELDTYPE ="ELEMITEM" HIDDEN ="NO" KEYTYPE ="NOT A KEY" LENGTH ="0" LEVEL ="0" NAME ="ST_PROVN" NULLABLE ="NULL" OCCURS ="0" OFFSET ="22" PHYSICALLENGTH ="50" PHYSICALOFFSET ="420" PICTURETEXT ="" PRECISION ="50" SCALE ="0" USAGE_FLAGS =""/>
        <SOURCEFIELD BUSINESSNAME ="" DATATYPE ="varchar" DESCRIPTION ="" FIELDNUMBER ="15" FIELDPROPERTY ="0" FIELDTYPE ="ELEMITEM" HIDDEN ="NO" KEYTYPE ="NOT A KEY" LENGTH ="0" LEVEL ="0" NAME ="CNTRY" NULLABLE ="NULL" OCCURS ="0" OFFSET ="22" PHYSICALLENGTH ="50" PHYSICALOFFSET ="470" PICTURETEXT ="" PRECISION ="50" SCALE ="0" USAGE_FLAGS =""/>
        <SOURCEFIELD BUSINESSNAME ="" DATATYPE ="varchar" DESCRIPTION ="" FIELDNUMBER ="16" FIELDPROPERTY ="0" FIELDTYPE ="ELEMITEM" HIDDEN ="NO" KEYTYPE ="NOT A KEY" LENGTH ="0" LEVEL ="0" NAME ="SPRVS_NME" NULLABLE ="NULL" OCCURS ="0" OFFSET ="22" PHYSICALLENGTH ="50" PHYSICALOFFSET ="520" PICTURETEXT ="" PRECISION ="50" SCALE ="0" USAGE_FLAGS =""/>
        <SOURCEFIELD BUSINESSNAME ="" DATATYPE ="date" DESCRIPTION ="" FIELDNUMBER ="17" FIELDPROPERTY ="0" FIELDTYPE ="ELEMITEM" HIDDEN ="NO" KEYTYPE ="NOT A KEY" LENGTH ="19" LEVEL ="0" NAME ="START_DT" NULLABLE ="NOTNULL" OCCURS ="0" OFFSET ="22" PHYSICALLENGTH ="10" PHYSICALOFFSET ="570" PICTURETEXT ="" PRECISION ="10" SCALE ="0" USAGE_FLAGS =""/>
        <SOURCEFIELD BUSINESSNAME ="" DATATYPE ="date" DESCRIPTION ="" FIELDNUMBER ="18" FIELDPROPERTY ="0" FIELDTYPE ="ELEMITEM" HIDDEN ="NO" KEYTYPE ="NOT A KEY" LENGTH ="19" LEVEL ="0" NAME ="TRMNTN_DT" NULLABLE ="NULL" OCCURS ="0" OFFSET ="41" PHYSICALLENGTH ="10" PHYSICALOFFSET ="580" PICTURETEXT ="" PRECISION ="10" SCALE ="0" USAGE_FLAGS =""/>
        <SOURCEFIELD BUSINESSNAME ="" DATATYPE ="varchar" DESCRIPTION ="" FIELDNUMBER ="19" FIELDPROPERTY ="0" FIELDTYPE ="ELEMITEM" HIDDEN ="NO" KEYTYPE ="NOT A KEY" LENGTH ="0" LEVEL ="0" NAME ="TRMNTN_NT" NULLABLE ="NULL" OCCURS ="0" OFFSET ="60" PHYSICALLENGTH ="200" PHYSICALOFFSET ="590" PICTURETEXT ="" PRECISION ="200" SCALE ="0" USAGE_FLAGS =""/>
        <SOURCEFIELD BUSINESSNAME ="" DATATYPE ="varchar" DESCRIPTION ="" FIELDNUMBER ="20" FIELDPROPERTY ="0" FIELDTYPE ="ELEMITEM" HIDDEN ="NO" KEYTYPE ="NOT A KEY" LENGTH ="0" LEVEL ="0" NAME ="CMSN_GRP" NULLABLE ="NULL" OCCURS ="0" OFFSET ="60" PHYSICALLENGTH ="20" PHYSICALOFFSET ="790" PICTURETEXT ="" PRECISION ="20" SCALE ="0" USAGE_FLAGS =""/>
        <SOURCEFIELD BUSINESSNAME ="" DATATYPE ="varchar" DESCRIPTION ="" FIELDNUMBER ="21" FIELDPROPERTY ="0" FIELDTYPE ="ELEMITEM" HIDDEN ="NO" KEYTYPE ="NOT A KEY" LENGTH ="0" LEVEL ="0" NAME ="COMP_TYP" NULLABLE ="NULL" OCCURS ="0" OFFSET ="60" PHYSICALLENGTH ="20" PHYSICALOFFSET ="810" PICTURETEXT ="" PRECISION ="20" SCALE ="0" USAGE_FLAGS =""/>
        <SOURCEFIELD BUSINESSNAME ="" DATATYPE ="integer" DESCRIPTION ="" FIELDNUMBER ="22" FIELDPROPERTY ="0" FIELDTYPE ="ELEMITEM" HIDDEN ="NO" KEYTYPE ="NOT A KEY" LENGTH ="11" LEVEL ="0" NAME ="SRC_EMP_ID" NULLABLE ="NULL" OCCURS ="0" OFFSET ="60" PHYSICALLENGTH ="10" PHYSICALOFFSET ="830" PICTURETEXT ="" PRECISION ="10" SCALE ="0" USAGE_FLAGS =""/>
        <SOURCEFIELD BUSINESSNAME ="" DATATYPE ="integer" DESCRIPTION ="" FIELDNUMBER ="23" FIELDPROPERTY ="0" FIELDTYPE ="ELEMITEM" HIDDEN ="NO" KEYTYPE ="NOT A KEY" LENGTH ="11" LEVEL ="0" NAME ="EDW_BATCH_ID" NULLABLE ="NOTNULL" OCCURS ="0" OFFSET ="71" PHYSICALLENGTH ="10" PHYSICALOFFSET ="840" PICTURETEXT ="" PRECISION ="10" SCALE ="0" USAGE_FLAGS =""/>
        <SOURCEFIELD BUSINESSNAME ="" DATATYPE ="timestamp" DESCRIPTION ="" FIELDNUMBER ="24" FIELDPROPERTY ="0" FIELDTYPE ="ELEMITEM" HIDDEN ="NO" KEYTYPE ="NOT A KEY" LENGTH ="19" LEVEL ="0" NAME ="EDW_CREATE_DTTM" NULLABLE ="NOTNULL" OCCURS ="0" OFFSET ="82" PHYSICALLENGTH ="26" PHYSICALOFFSET ="850" PICTURETEXT ="" PRECISION ="26" SCALE ="6" USAGE_FLAGS =""/>
        <SOURCEFIELD BUSINESSNAME ="" DATATYPE ="timestamp" DESCRIPTION ="" FIELDNUMBER ="25" FIELDPROPERTY ="0" FIELDTYPE ="ELEMITEM" HIDDEN ="NO" KEYTYPE ="NOT A KEY" LENGTH ="19" LEVEL ="0" NAME ="EDW_UPDATE_DTTM" NULLABLE ="NOTNULL" OCCURS ="0" OFFSET ="101" PHYSICALLENGTH ="26" PHYSICALOFFSET ="876" PICTURETEXT ="" PRECISION ="26" SCALE ="6" USAGE_FLAGS =""/>
        <SOURCEFIELD BUSINESSNAME ="" DATATYPE ="date" DESCRIPTION ="" FIELDNUMBER ="26" FIELDPROPERTY ="0" FIELDTYPE ="ELEMITEM" HIDDEN ="NO" KEYTYPE ="NOT A KEY" LENGTH ="19" LEVEL ="0" NAME ="EFC_DT" NULLABLE ="NOTNULL" OCCURS ="0" OFFSET ="120" PHYSICALLENGTH ="10" PHYSICALOFFSET ="902" PICTURETEXT ="" PRECISION ="10" SCALE ="0" USAGE_FLAGS =""/>
        <SOURCEFIELD BUSINESSNAME ="" DATATYPE ="date" DESCRIPTION ="" FIELDNUMBER ="27" FIELDPROPERTY ="0" FIELDTYPE ="ELEMITEM" HIDDEN ="NO" KEYTYPE ="NOT A KEY" LENGTH ="19" LEVEL ="0" NAME ="END_DT" NULLABLE ="NOTNULL" OCCURS ="0" OFFSET ="139" PHYSICALLENGTH ="10" PHYSICALOFFSET ="912" PICTURETEXT ="" PRECISION ="10" SCALE ="0" USAGE_FLAGS =""/>
        <SOURCEFIELD BUSINESSNAME ="" DATATYPE ="byteint" DESCRIPTION ="" FIELDNUMBER ="28" FIELDPROPERTY ="0" FIELDTYPE ="ELEMITEM" HIDDEN ="NO" KEYTYPE ="NOT A KEY" LENGTH ="4" LEVEL ="0" NAME ="ACT_IND" NULLABLE ="NOTNULL" OCCURS ="0" OFFSET ="158" PHYSICALLENGTH ="3" PHYSICALOFFSET ="922" PICTURETEXT ="" PRECISION ="3" SCALE ="0" USAGE_FLAGS =""/>
    </SOURCE>
    <SOURCE BUSINESSNAME ="" DATABASETYPE ="Teradata" DBDNAME ="TB_CORE" DESCRIPTION ="" NAME ="STORE" OBJECTVERSION ="1" OWNERNAME ="TBSTGDEV" VERSIONNUMBER ="3">
        <SOURCEFIELD BUSINESSNAME ="" DATATYPE ="integer" DESCRIPTION ="" FIELDNUMBER ="1" FIELDPROPERTY ="0" FIELDTYPE ="ELEMITEM" HIDDEN ="NO" KEYTYPE ="PRIMARY KEY" LENGTH ="11" LEVEL ="0" NAME ="CO_CD" NULLABLE ="NOTNULL" OCCURS ="0" OFFSET ="0" PHYSICALLENGTH ="10" PHYSICALOFFSET ="0" PICTURETEXT ="" PRECISION ="10" SCALE ="0" USAGE_FLAGS =""/>
        <SOURCEFIELD BUSINESSNAME ="" DATATYPE ="integer" DESCRIPTION ="" FIELDNUMBER ="2" FIELDPROPERTY ="0" FIELDTYPE ="ELEMITEM" HIDDEN ="NO" KEYTYPE ="PRIMARY KEY" LENGTH ="11" LEVEL ="0" NAME ="STORE_SEQ_ID" NULLABLE ="NOTNULL" OCCURS ="0" OFFSET ="11" PHYSICALLENGTH ="10" PHYSICALOFFSET ="10" PICTURETEXT ="" PRECISION ="10" SCALE ="0" USAGE_FLAGS =""/>
        <SOURCEFIELD BUSINESSNAME ="" DATATYPE ="integer" DESCRIPTION ="" FIELDNUMBER ="3" FIELDPROPERTY ="0" FIELDTYPE ="ELEMITEM" HIDDEN ="NO" KEYTYPE ="NOT A KEY" LENGTH ="11" LEVEL ="0" NAME ="SRC_ID" NULLABLE ="NOTNULL" OCCURS ="0" OFFSET ="22" PHYSICALLENGTH ="10" PHYSICALOFFSET ="20" PICTURETEXT ="" PRECISION ="10" SCALE ="0" USAGE_FLAGS =""/>
        <SOURCEFIELD BUSINESSNAME ="" DATATYPE ="varchar" DESCRIPTION ="" FIELDNUMBER ="4" FIELDPROPERTY ="0" FIELDTYPE ="ELEMITEM" HIDDEN ="NO" KEYTYPE ="NOT A KEY" LENGTH ="0" LEVEL ="0" NAME ="LOC_NM" NULLABLE ="NOTNULL" OCCURS ="0" OFFSET ="33" PHYSICALLENGTH ="50" PHYSICALOFFSET ="30" PICTURETEXT ="" PRECISION ="50" SCALE ="0" USAGE_FLAGS =""/>
        <SOURCEFIELD BUSINESSNAME ="" DATATYPE ="varchar" DESCRIPTION ="" FIELDNUMBER ="5" FIELDPROPERTY ="0" FIELDTYPE ="ELEMITEM" HIDDEN ="NO" KEYTYPE ="NOT A KEY" LENGTH ="0" LEVEL ="0" NAME ="ABBR" NULLABLE ="NULL" OCCURS ="0" OFFSET ="33" PHYSICALLENGTH ="10" PHYSICALOFFSET ="80" PICTURETEXT ="" PRECISION ="10" SCALE ="0" USAGE_FLAGS =""/>
        <SOURCEFIELD BUSINESSNAME ="" DATATYPE ="varchar" DESCRIPTION ="" FIELDNUMBER ="6" FIELDPROPERTY ="0" FIELDTYPE ="ELEMITEM" HIDDEN ="NO" KEYTYPE ="NOT A KEY" LENGTH ="0" LEVEL ="0" NAME ="GL_CD" NULLABLE ="NULL" OCCURS ="0" OFFSET ="33" PHYSICALLENGTH ="100" PHYSICALOFFSET ="90" PICTURETEXT ="" PRECISION ="100" SCALE ="0" USAGE_FLAGS =""/>
        <SOURCEFIELD BUSINESSNAME ="" DATATYPE ="varchar" DESCRIPTION ="" FIELDNUMBER ="7" FIELDPROPERTY ="0" FIELDTYPE ="ELEMITEM" HIDDEN ="NO" KEYTYPE ="NOT A KEY" LENGTH ="0" LEVEL ="0" NAME ="STORE_STAT" NULLABLE ="NOTNULL" OCCURS ="0" OFFSET ="33" PHYSICALLENGTH ="10" PHYSICALOFFSET ="190" PICTURETEXT ="" PRECISION ="10" SCALE ="0" USAGE_FLAGS =""/>
        <SOURCEFIELD BUSINESSNAME ="" DATATYPE ="integer" DESCRIPTION ="" FIELDNUMBER ="8" FIELDPROPERTY ="0" FIELDTYPE ="ELEMITEM" HIDDEN ="NO" KEYTYPE ="NOT A KEY" LENGTH ="11" LEVEL ="0" NAME ="SM_EMP_ID" NULLABLE ="NULL" OCCURS ="0" OFFSET ="33" PHYSICALLENGTH ="10" PHYSICALOFFSET ="200" PICTURETEXT ="" PRECISION ="10" SCALE ="0" USAGE_FLAGS =""/>
        <SOURCEFIELD BUSINESSNAME ="" DATATYPE ="byteint" DESCRIPTION ="" FIELDNUMBER ="9" FIELDPROPERTY ="0" FIELDTYPE ="ELEMITEM" HIDDEN ="NO" KEYTYPE ="NOT A KEY" LENGTH ="4" LEVEL ="0" NAME ="MGR_CMSNBLE_IND" NULLABLE ="NULL" OCCURS ="0" OFFSET ="44" PHYSICALLENGTH ="3" PHYSICALOFFSET ="210" PICTURETEXT ="" PRECISION ="3" SCALE ="0" USAGE_FLAGS =""/>
        <SOURCEFIELD BUSINESSNAME ="" DATATYPE ="varchar" DESCRIPTION ="" FIELDNUMBER ="10" FIELDPROPERTY ="0" FIELDTYPE ="ELEMITEM" HIDDEN ="NO" KEYTYPE ="NOT A KEY" LENGTH ="0" LEVEL ="0" NAME ="ADDR" NULLABLE ="NULL" OCCURS ="0" OFFSET ="48" PHYSICALLENGTH ="50" PHYSICALOFFSET ="213" PICTURETEXT ="" PRECISION ="50" SCALE ="0" USAGE_FLAGS =""/>
        <SOURCEFIELD BUSINESSNAME ="" DATATYPE ="varchar" DESCRIPTION ="" FIELDNUMBER ="11" FIELDPROPERTY ="0" FIELDTYPE ="ELEMITEM" HIDDEN ="NO" KEYTYPE ="NOT A KEY" LENGTH ="0" LEVEL ="0" NAME ="CTY" NULLABLE ="NULL" OCCURS ="0" OFFSET ="48" PHYSICALLENGTH ="50" PHYSICALOFFSET ="263" PICTURETEXT ="" PRECISION ="50" SCALE ="0" USAGE_FLAGS =""/>
        <SOURCEFIELD BUSINESSNAME ="" DATATYPE ="varchar" DESCRIPTION ="" FIELDNUMBER ="12" FIELDPROPERTY ="0" FIELDTYPE ="ELEMITEM" HIDDEN ="NO" KEYTYPE ="NOT A KEY" LENGTH ="0" LEVEL ="0" NAME ="ST_PRV" NULLABLE ="NULL" OCCURS ="0" OFFSET ="48" PHYSICALLENGTH ="20" PHYSICALOFFSET ="313" PICTURETEXT ="" PRECISION ="20" SCALE ="0" USAGE_FLAGS =""/>
        <SOURCEFIELD BUSINESSNAME ="" DATATYPE ="varchar" DESCRIPTION ="" FIELDNUMBER ="13" FIELDPROPERTY ="0" FIELDTYPE ="ELEMITEM" HIDDEN ="NO" KEYTYPE ="NOT A KEY" LENGTH ="0" LEVEL ="0" NAME ="ZIP_PSTL" NULLABLE ="NULL" OCCURS ="0" OFFSET ="48" PHYSICALLENGTH ="20" PHYSICALOFFSET ="333" PICTURETEXT ="" PRECISION ="20" SCALE ="0" USAGE_FLAGS =""/>
        <SOURCEFIELD BUSINESSNAME ="" DATATYPE ="varchar" DESCRIPTION ="" FIELDNUMBER ="14" FIELDPROPERTY ="0" FIELDTYPE ="ELEMITEM" HIDDEN ="NO" KEYTYPE ="NOT A KEY" LENGTH ="0" LEVEL ="0" NAME ="CNTRY" NULLABLE ="NULL" OCCURS ="0" OFFSET ="48" PHYSICALLENGTH ="50" PHYSICALOFFSET ="353" PICTURETEXT ="" PRECISION ="50" SCALE ="0" USAGE_FLAGS =""/>
        <SOURCEFIELD BUSINESSNAME ="" DATATYPE ="varchar" DESCRIPTION ="" FIELDNUMBER ="15" FIELDPROPERTY ="0" FIELDTYPE ="ELEMITEM" HIDDEN ="NO" KEYTYPE ="NOT A KEY" LENGTH ="0" LEVEL ="0" NAME ="PH" NULLABLE ="NULL" OCCURS ="0" OFFSET ="48" PHYSICALLENGTH ="20" PHYSICALOFFSET ="403" PICTURETEXT ="" PRECISION ="20" SCALE ="0" USAGE_FLAGS =""/>
        <SOURCEFIELD BUSINESSNAME ="" DATATYPE ="varchar" DESCRIPTION ="" FIELDNUMBER ="16" FIELDPROPERTY ="0" FIELDTYPE ="ELEMITEM" HIDDEN ="NO" KEYTYPE ="NOT A KEY" LENGTH ="0" LEVEL ="0" NAME ="FAX" NULLABLE ="NULL" OCCURS ="0" OFFSET ="48" PHYSICALLENGTH ="20" PHYSICALOFFSET ="423" PICTURETEXT ="" PRECISION ="20" SCALE ="0" USAGE_FLAGS =""/>
        <SOURCEFIELD BUSINESSNAME ="" DATATYPE ="varchar" DESCRIPTION ="" FIELDNUMBER ="17" FIELDPROPERTY ="0" FIELDTYPE ="ELEMITEM" HIDDEN ="NO" KEYTYPE ="NOT A KEY" LENGTH ="0" LEVEL ="0" NAME ="STORE_TYP" NULLABLE ="NOTNULL" OCCURS ="0" OFFSET ="48" PHYSICALLENGTH ="20" PHYSICALOFFSET ="443" PICTURETEXT ="" PRECISION ="20" SCALE ="0" USAGE_FLAGS =""/>
        <SOURCEFIELD BUSINESSNAME ="" DATATYPE ="decimal" DESCRIPTION ="" FIELDNUMBER ="18" FIELDPROPERTY ="0" FIELDTYPE ="ELEMITEM" HIDDEN ="NO" KEYTYPE ="NOT A KEY" LENGTH ="12" LEVEL ="0" NAME ="STAFF_LVL" NULLABLE ="NULL" OCCURS ="0" OFFSET ="48" PHYSICALLENGTH ="10" PHYSICALOFFSET ="463" PICTURETEXT ="" PRECISION ="10" SCALE ="2" USAGE_FLAGS =""/>
        <SOURCEFIELD BUSINESSNAME ="" DATATYPE ="varchar" DESCRIPTION ="" FIELDNUMBER ="19" FIELDPROPERTY ="0" FIELDTYPE ="ELEMITEM" HIDDEN ="NO" KEYTYPE ="NOT A KEY" LENGTH ="0" LEVEL ="0" NAME ="S_FT_RNG" NULLABLE ="NULL" OCCURS ="0" OFFSET ="60" PHYSICALLENGTH ="20" PHYSICALOFFSET ="473" PICTURETEXT ="" PRECISION ="20" SCALE ="0" USAGE_FLAGS =""/>
        <SOURCEFIELD BUSINESSNAME ="" DATATYPE ="integer" DESCRIPTION ="" FIELDNUMBER ="20" FIELDPROPERTY ="0" FIELDTYPE ="ELEMITEM" HIDDEN ="NO" KEYTYPE ="NOT A KEY" LENGTH ="11" LEVEL ="0" NAME ="SQ_FT" NULLABLE ="NULL" OCCURS ="0" OFFSET ="60" PHYSICALLENGTH ="10" PHYSICALOFFSET ="493" PICTURETEXT ="" PRECISION ="10" SCALE ="0" USAGE_FLAGS =""/>
        <SOURCEFIELD BUSINESSNAME ="" DATATYPE ="decimal" DESCRIPTION ="" FIELDNUMBER ="21" FIELDPROPERTY ="0" FIELDTYPE ="ELEMITEM" HIDDEN ="NO" KEYTYPE ="NOT A KEY" LENGTH ="22" LEVEL ="0" NAME ="LATTD" NULLABLE ="NULL" OCCURS ="0" OFFSET ="71" PHYSICALLENGTH ="20" PHYSICALOFFSET ="503" PICTURETEXT ="" PRECISION ="20" SCALE ="10" USAGE_FLAGS =""/>
        <SOURCEFIELD BUSINESSNAME ="" DATATYPE ="decimal" DESCRIPTION ="" FIELDNUMBER ="22" FIELDPROPERTY ="0" FIELDTYPE ="ELEMITEM" HIDDEN ="NO" KEYTYPE ="NOT A KEY" LENGTH ="22" LEVEL ="0" NAME ="LNGTD" NULLABLE ="NULL" OCCURS ="0" OFFSET ="93" PHYSICALLENGTH ="20" PHYSICALOFFSET ="523" PICTURETEXT ="" PRECISION ="20" SCALE ="10" USAGE_FLAGS =""/>
        <SOURCEFIELD BUSINESSNAME ="" DATATYPE ="varchar" DESCRIPTION ="" FIELDNUMBER ="23" FIELDPROPERTY ="0" FIELDTYPE ="ELEMITEM" HIDDEN ="NO" KEYTYPE ="NOT A KEY" LENGTH ="0" LEVEL ="0" NAME ="TZ" NULLABLE ="NULL" OCCURS ="0" OFFSET ="115" PHYSICALLENGTH ="200" PHYSICALOFFSET ="543" PICTURETEXT ="" PRECISION ="200" SCALE ="0" USAGE_FLAGS =""/>
        <SOURCEFIELD BUSINESSNAME ="" DATATYPE ="byteint" DESCRIPTION ="" FIELDNUMBER ="24" FIELDPROPERTY ="0" FIELDTYPE ="ELEMITEM" HIDDEN ="NO" KEYTYPE ="NOT A KEY" LENGTH ="4" LEVEL ="0" NAME ="ADJ_DST_IND" NULLABLE ="NOTNULL" OCCURS ="0" OFFSET ="115" PHYSICALLENGTH ="3" PHYSICALOFFSET ="743" PICTURETEXT ="" PRECISION ="3" SCALE ="0" USAGE_FLAGS =""/>
        <SOURCEFIELD BUSINESSNAME ="" DATATYPE ="varchar" DESCRIPTION ="" FIELDNUMBER ="25" FIELDPROPERTY ="0" FIELDTYPE ="ELEMITEM" HIDDEN ="NO" KEYTYPE ="NOT A KEY" LENGTH ="0" LEVEL ="0" NAME ="EMAIL" NULLABLE ="NULL" OCCURS ="0" OFFSET ="119" PHYSICALLENGTH ="255" PHYSICALOFFSET ="746" PICTURETEXT ="" PRECISION ="255" SCALE ="0" USAGE_FLAGS =""/>
        <SOURCEFIELD BUSINESSNAME ="" DATATYPE ="varchar" DESCRIPTION ="" FIELDNUMBER ="26" FIELDPROPERTY ="0" FIELDTYPE ="ELEMITEM" HIDDEN ="NO" KEYTYPE ="NOT A KEY" LENGTH ="0" LEVEL ="0" NAME ="CNSMR_LIC_NBR" NULLABLE ="NULL" OCCURS ="0" OFFSET ="119" PHYSICALLENGTH ="200" PHYSICALOFFSET ="1001" PICTURETEXT ="" PRECISION ="200" SCALE ="0" USAGE_FLAGS =""/>
        <SOURCEFIELD BUSINESSNAME ="" DATATYPE ="varchar" DESCRIPTION ="" FIELDNUMBER ="27" FIELDPROPERTY ="0" FIELDTYPE ="ELEMITEM" HIDDEN ="NO" KEYTYPE ="NOT A KEY" LENGTH ="0" LEVEL ="0" NAME ="TAXES" NULLABLE ="NULL" OCCURS ="0" OFFSET ="119" PHYSICALLENGTH ="200" PHYSICALOFFSET ="1201" PICTURETEXT ="" PRECISION ="200" SCALE ="0" USAGE_FLAGS =""/>
        <SOURCEFIELD BUSINESSNAME ="" DATATYPE ="decimal" DESCRIPTION ="" FIELDNUMBER ="28" FIELDPROPERTY ="0" FIELDTYPE ="ELEMITEM" HIDDEN ="NO" KEYTYPE ="NOT A KEY" LENGTH ="17" LEVEL ="0" NAME ="RNT" NULLABLE ="NULL" OCCURS ="0" OFFSET ="119" PHYSICALLENGTH ="15" PHYSICALOFFSET ="1401" PICTURETEXT ="" PRECISION ="15" SCALE ="2" USAGE_FLAGS =""/>
        <SOURCEFIELD BUSINESSNAME ="" DATATYPE ="byteint" DESCRIPTION ="" FIELDNUMBER ="29" FIELDPROPERTY ="0" FIELDTYPE ="ELEMITEM" HIDDEN ="NO" KEYTYPE ="NOT A KEY" LENGTH ="4" LEVEL ="0" NAME ="USE_LOC_EMAIL_IND" NULLABLE ="NULL" OCCURS ="0" OFFSET ="136" PHYSICALLENGTH ="3" PHYSICALOFFSET ="1416" PICTURETEXT ="" PRECISION ="3" SCALE ="0" USAGE_FLAGS =""/>
        <SOURCEFIELD BUSINESSNAME ="" DATATYPE ="varchar" DESCRIPTION ="" FIELDNUMBER ="30" FIELDPROPERTY ="0" FIELDTYPE ="ELEMITEM" HIDDEN ="NO" KEYTYPE ="NOT A KEY" LENGTH ="0" LEVEL ="0" NAME ="LOC_TYP" NULLABLE ="NOTNULL" OCCURS ="0" OFFSET ="140" PHYSICALLENGTH ="20" PHYSICALOFFSET ="1419" PICTURETEXT ="" PRECISION ="20" SCALE ="0" USAGE_FLAGS =""/>
        <SOURCEFIELD BUSINESSNAME ="" DATATYPE ="varchar" DESCRIPTION ="" FIELDNUMBER ="31" FIELDPROPERTY ="0" FIELDTYPE ="ELEMITEM" HIDDEN ="NO" KEYTYPE ="NOT A KEY" LENGTH ="0" LEVEL ="0" NAME ="LNDLRD_NT" NULLABLE ="NULL" OCCURS ="0" OFFSET ="140" PHYSICALLENGTH ="200" PHYSICALOFFSET ="1439" PICTURETEXT ="" PRECISION ="200" SCALE ="0" USAGE_FLAGS =""/>
        <SOURCEFIELD BUSINESSNAME ="" DATATYPE ="date" DESCRIPTION ="" FIELDNUMBER ="32" FIELDPROPERTY ="0" FIELDTYPE ="ELEMITEM" HIDDEN ="NO" KEYTYPE ="NOT A KEY" LENGTH ="19" LEVEL ="0" NAME ="LEASE_START_DT" NULLABLE ="NULL" OCCURS ="0" OFFSET ="140" PHYSICALLENGTH ="10" PHYSICALOFFSET ="1639" PICTURETEXT ="" PRECISION ="10" SCALE ="0" USAGE_FLAGS =""/>
        <SOURCEFIELD BUSINESSNAME ="" DATATYPE ="date" DESCRIPTION ="" FIELDNUMBER ="33" FIELDPROPERTY ="0" FIELDTYPE ="ELEMITEM" HIDDEN ="NO" KEYTYPE ="NOT A KEY" LENGTH ="19" LEVEL ="0" NAME ="LEASE_END_DT" NULLABLE ="NULL" OCCURS ="0" OFFSET ="159" PHYSICALLENGTH ="10" PHYSICALOFFSET ="1649" PICTURETEXT ="" PRECISION ="10" SCALE ="0" USAGE_FLAGS =""/>
        <SOURCEFIELD BUSINESSNAME ="" DATATYPE ="date" DESCRIPTION ="" FIELDNUMBER ="34" FIELDPROPERTY ="0" FIELDTYPE ="ELEMITEM" HIDDEN ="NO" KEYTYPE ="NOT A KEY" LENGTH ="19" LEVEL ="0" NAME ="OPEN_DT" NULLABLE ="NOTNULL" OCCURS ="0" OFFSET ="178" PHYSICALLENGTH ="10" PHYSICALOFFSET ="1659" PICTURETEXT ="" PRECISION ="10" SCALE ="0" USAGE_FLAGS =""/>
        <SOURCEFIELD BUSINESSNAME ="" DATATYPE ="date" DESCRIPTION ="" FIELDNUMBER ="35" FIELDPROPERTY ="0" FIELDTYPE ="ELEMITEM" HIDDEN ="NO" KEYTYPE ="NOT A KEY" LENGTH ="19" LEVEL ="0" NAME ="CLOSE_DT" NULLABLE ="NULL" OCCURS ="0" OFFSET ="197" PHYSICALLENGTH ="10" PHYSICALOFFSET ="1669" PICTURETEXT ="" PRECISION ="10" SCALE ="0" USAGE_FLAGS =""/>
        <SOURCEFIELD BUSINESSNAME ="" DATATYPE ="date" DESCRIPTION ="" FIELDNUMBER ="36" FIELDPROPERTY ="0" FIELDTYPE ="ELEMITEM" HIDDEN ="NO" KEYTYPE ="NOT A KEY" LENGTH ="19" LEVEL ="0" NAME ="RELOC_DT" NULLABLE ="NULL" OCCURS ="0" OFFSET ="216" PHYSICALLENGTH ="10" PHYSICALOFFSET ="1679" PICTURETEXT ="" PRECISION ="10" SCALE ="0" USAGE_FLAGS =""/>
        <SOURCEFIELD BUSINESSNAME ="" DATATYPE ="varchar" DESCRIPTION ="" FIELDNUMBER ="37" FIELDPROPERTY ="0" FIELDTYPE ="ELEMITEM" HIDDEN ="NO" KEYTYPE ="NOT A KEY" LENGTH ="0" LEVEL ="0" NAME ="STORE_TIER" NULLABLE ="NOTNULL" OCCURS ="0" OFFSET ="235" PHYSICALLENGTH ="20" PHYSICALOFFSET ="1689" PICTURETEXT ="" PRECISION ="20" SCALE ="0" USAGE_FLAGS =""/>
        <SOURCEFIELD BUSINESSNAME ="" DATATYPE ="time" DESCRIPTION ="" FIELDNUMBER ="38" FIELDPROPERTY ="0" FIELDTYPE ="ELEMITEM" HIDDEN ="NO" KEYTYPE ="NOT A KEY" LENGTH ="19" LEVEL ="0" NAME ="MON_OPEN_TM" NULLABLE ="NULL" OCCURS ="0" OFFSET ="235" PHYSICALLENGTH ="8" PHYSICALOFFSET ="1709" PICTURETEXT ="" PRECISION ="8" SCALE ="0" USAGE_FLAGS =""/>
        <SOURCEFIELD BUSINESSNAME ="" DATATYPE ="time" DESCRIPTION ="" FIELDNUMBER ="39" FIELDPROPERTY ="0" FIELDTYPE ="ELEMITEM" HIDDEN ="NO" KEYTYPE ="NOT A KEY" LENGTH ="19" LEVEL ="0" NAME ="MON_CLOSE_TM" NULLABLE ="NULL" OCCURS ="0" OFFSET ="254" PHYSICALLENGTH ="8" PHYSICALOFFSET ="1717" PICTURETEXT ="" PRECISION ="8" SCALE ="0" USAGE_FLAGS =""/>
        <SOURCEFIELD BUSINESSNAME ="" DATATYPE ="time" DESCRIPTION ="" FIELDNUMBER ="40" FIELDPROPERTY ="0" FIELDTYPE ="ELEMITEM" HIDDEN ="NO" KEYTYPE ="NOT A KEY" LENGTH ="19" LEVEL ="0" NAME ="TUE_OPEN_TM" NULLABLE ="NULL" OCCURS ="0" OFFSET ="273" PHYSICALLENGTH ="8" PHYSICALOFFSET ="1725" PICTURETEXT ="" PRECISION ="8" SCALE ="0" USAGE_FLAGS =""/>
        <SOURCEFIELD BUSINESSNAME ="" DATATYPE ="time" DESCRIPTION ="" FIELDNUMBER ="41" FIELDPROPERTY ="0" FIELDTYPE ="ELEMITEM" HIDDEN ="NO" KEYTYPE ="NOT A KEY" LENGTH ="19" LEVEL ="0" NAME ="TUE_CLOSE_TM" NULLABLE ="NULL" OCCURS ="0" OFFSET ="292" PHYSICALLENGTH ="8" PHYSICALOFFSET ="1733" PICTURETEXT ="" PRECISION ="8" SCALE ="0" USAGE_FLAGS =""/>
        <SOURCEFIELD BUSINESSNAME ="" DATATYPE ="time" DESCRIPTION ="" FIELDNUMBER ="42" FIELDPROPERTY ="0" FIELDTYPE ="ELEMITEM" HIDDEN ="NO" KEYTYPE ="NOT A KEY" LENGTH ="19" LEVEL ="0" NAME ="WED_CLOSE_TM" NULLABLE ="NULL" OCCURS ="0" OFFSET ="311" PHYSICALLENGTH ="8" PHYSICALOFFSET ="1741" PICTURETEXT ="" PRECISION ="8" SCALE ="0" USAGE_FLAGS =""/>
        <SOURCEFIELD BUSINESSNAME ="" DATATYPE ="time" DESCRIPTION ="" FIELDNUMBER ="43" FIELDPROPERTY ="0" FIELDTYPE ="ELEMITEM" HIDDEN ="NO" KEYTYPE ="NOT A KEY" LENGTH ="19" LEVEL ="0" NAME ="WED_OPEN_TM" NULLABLE ="NULL" OCCURS ="0" OFFSET ="330" PHYSICALLENGTH ="8" PHYSICALOFFSET ="1749" PICTURETEXT ="" PRECISION ="8" SCALE ="0" USAGE_FLAGS =""/>
        <SOURCEFIELD BUSINESSNAME ="" DATATYPE ="time" DESCRIPTION ="" FIELDNUMBER ="44" FIELDPROPERTY ="0" FIELDTYPE ="ELEMITEM" HIDDEN ="NO" KEYTYPE ="NOT A KEY" LENGTH ="19" LEVEL ="0" NAME ="THU_OPEN_TM" NULLABLE ="NULL" OCCURS ="0" OFFSET ="349" PHYSICALLENGTH ="8" PHYSICALOFFSET ="1757" PICTURETEXT ="" PRECISION ="8" SCALE ="0" USAGE_FLAGS =""/>
        <SOURCEFIELD BUSINESSNAME ="" DATATYPE ="time" DESCRIPTION ="" FIELDNUMBER ="45" FIELDPROPERTY ="0" FIELDTYPE ="ELEMITEM" HIDDEN ="NO" KEYTYPE ="NOT A KEY" LENGTH ="19" LEVEL ="0" NAME ="THU_CLOSE_TM" NULLABLE ="NULL" OCCURS ="0" OFFSET ="368" PHYSICALLENGTH ="8" PHYSICALOFFSET ="1765" PICTURETEXT ="" PRECISION ="8" SCALE ="0" USAGE_FLAGS =""/>
        <SOURCEFIELD BUSINESSNAME ="" DATATYPE ="time" DESCRIPTION ="" FIELDNUMBER ="46" FIELDPROPERTY ="0" FIELDTYPE ="ELEMITEM" HIDDEN ="NO" KEYTYPE ="NOT A KEY" LENGTH ="19" LEVEL ="0" NAME ="FRI_OPEN_TM" NULLABLE ="NULL" OCCURS ="0" OFFSET ="387" PHYSICALLENGTH ="8" PHYSICALOFFSET ="1773" PICTURETEXT ="" PRECISION ="8" SCALE ="0" USAGE_FLAGS =""/>
        <SOURCEFIELD BUSINESSNAME ="" DATATYPE ="time" DESCRIPTION ="" FIELDNUMBER ="47" FIELDPROPERTY ="0" FIELDTYPE ="ELEMITEM" HIDDEN ="NO" KEYTYPE ="NOT A KEY" LENGTH ="19" LEVEL ="0" NAME ="FRI_CLOSE_TM" NULLABLE ="NULL" OCCURS ="0" OFFSET ="406" PHYSICALLENGTH ="8" PHYSICALOFFSET ="1781" PICTURETEXT ="" PRECISION ="8" SCALE ="0" USAGE_FLAGS =""/>
        <SOURCEFIELD BUSINESSNAME ="" DATATYPE ="time" DESCRIPTION ="" FIELDNUMBER ="48" FIELDPROPERTY ="0" FIELDTYPE ="ELEMITEM" HIDDEN ="NO" KEYTYPE ="NOT A KEY" LENGTH ="19" LEVEL ="0" NAME ="SAT_OPEN_TM" NULLABLE ="NULL" OCCURS ="0" OFFSET ="425" PHYSICALLENGTH ="8" PHYSICALOFFSET ="1789" PICTURETEXT ="" PRECISION ="8" SCALE ="0" USAGE_FLAGS =""/>
        <SOURCEFIELD BUSINESSNAME ="" DATATYPE ="time" DESCRIPTION ="" FIELDNUMBER ="49" FIELDPROPERTY ="0" FIELDTYPE ="ELEMITEM" HIDDEN ="NO" KEYTYPE ="NOT A KEY" LENGTH ="19" LEVEL ="0" NAME ="SAT_CLOSE_TM" NULLABLE ="NULL" OCCURS ="0" OFFSET ="444" PHYSICALLENGTH ="8" PHYSICALOFFSET ="1797" PICTURETEXT ="" PRECISION ="8" SCALE ="0" USAGE_FLAGS =""/>
        <SOURCEFIELD BUSINESSNAME ="" DATATYPE ="time" DESCRIPTION ="" FIELDNUMBER ="50" FIELDPROPERTY ="0" FIELDTYPE ="ELEMITEM" HIDDEN ="NO" KEYTYPE ="NOT A KEY" LENGTH ="19" LEVEL ="0" NAME ="SUN_OPEN_TM" NULLABLE ="NULL" OCCURS ="0" OFFSET ="463" PHYSICALLENGTH ="8" PHYSICALOFFSET ="1805" PICTURETEXT ="" PRECISION ="8" SCALE ="0" USAGE_FLAGS =""/>
        <SOURCEFIELD BUSINESSNAME ="" DATATYPE ="time" DESCRIPTION ="" FIELDNUMBER ="51" FIELDPROPERTY ="0" FIELDTYPE ="ELEMITEM" HIDDEN ="NO" KEYTYPE ="NOT A KEY" LENGTH ="19" LEVEL ="0" NAME ="SUN_CLOSE_TM" NULLABLE ="NULL" OCCURS ="0" OFFSET ="482" PHYSICALLENGTH ="8" PHYSICALOFFSET ="1813" PICTURETEXT ="" PRECISION ="8" SCALE ="0" USAGE_FLAGS =""/>
        <SOURCEFIELD BUSINESSNAME ="" DATATYPE ="varchar" DESCRIPTION ="" FIELDNUMBER ="52" FIELDPROPERTY ="0" FIELDTYPE ="ELEMITEM" HIDDEN ="NO" KEYTYPE ="NOT A KEY" LENGTH ="0" LEVEL ="0" NAME ="ACN_NM" NULLABLE ="NULL" OCCURS ="0" OFFSET ="501" PHYSICALLENGTH ="50" PHYSICALOFFSET ="1821" PICTURETEXT ="" PRECISION ="50" SCALE ="0" USAGE_FLAGS =""/>
        <SOURCEFIELD BUSINESSNAME ="" DATATYPE ="byteint" DESCRIPTION ="" FIELDNUMBER ="53" FIELDPROPERTY ="0" FIELDTYPE ="ELEMITEM" HIDDEN ="NO" KEYTYPE ="NOT A KEY" LENGTH ="4" LEVEL ="0" NAME ="BASE_STORE_IND" NULLABLE ="NOTNULL" OCCURS ="0" OFFSET ="501" PHYSICALLENGTH ="3" PHYSICALOFFSET ="1871" PICTURETEXT ="" PRECISION ="3" SCALE ="0" USAGE_FLAGS =""/>
        <SOURCEFIELD BUSINESSNAME ="" DATATYPE ="byteint" DESCRIPTION ="" FIELDNUMBER ="54" FIELDPROPERTY ="0" FIELDTYPE ="ELEMITEM" HIDDEN ="NO" KEYTYPE ="NOT A KEY" LENGTH ="4" LEVEL ="0" NAME ="COMP_STORE_IND" NULLABLE ="NOTNULL" OCCURS ="0" OFFSET ="505" PHYSICALLENGTH ="3" PHYSICALOFFSET ="1874" PICTURETEXT ="" PRECISION ="3" SCALE ="0" USAGE_FLAGS =""/>
        <SOURCEFIELD BUSINESSNAME ="" DATATYPE ="byteint" DESCRIPTION ="" FIELDNUMBER ="55" FIELDPROPERTY ="0" FIELDTYPE ="ELEMITEM" HIDDEN ="NO" KEYTYPE ="NOT A KEY" LENGTH ="4" LEVEL ="0" NAME ="SAME_STORE_IND" NULLABLE ="NOTNULL" OCCURS ="0" OFFSET ="509" PHYSICALLENGTH ="3" PHYSICALOFFSET ="1877" PICTURETEXT ="" PRECISION ="3" SCALE ="0" USAGE_FLAGS =""/>
        <SOURCEFIELD BUSINESSNAME ="" DATATYPE ="byteint" DESCRIPTION ="" FIELDNUMBER ="56" FIELDPROPERTY ="0" FIELDTYPE ="ELEMITEM" HIDDEN ="NO" KEYTYPE ="NOT A KEY" LENGTH ="4" LEVEL ="0" NAME ="WS_IND" NULLABLE ="NULL" OCCURS ="0" OFFSET ="513" PHYSICALLENGTH ="3" PHYSICALOFFSET ="1880" PICTURETEXT ="" PRECISION ="3" SCALE ="0" USAGE_FLAGS =""/>
        <SOURCEFIELD BUSINESSNAME ="" DATATYPE ="date" DESCRIPTION ="" FIELDNUMBER ="57" FIELDPROPERTY ="0" FIELDTYPE ="ELEMITEM" HIDDEN ="NO" KEYTYPE ="NOT A KEY" LENGTH ="19" LEVEL ="0" NAME ="WS_EXP_DT" NULLABLE ="NULL" OCCURS ="0" OFFSET ="517" PHYSICALLENGTH ="10" PHYSICALOFFSET ="1883" PICTURETEXT ="" PRECISION ="10" SCALE ="0" USAGE_FLAGS =""/>
        <SOURCEFIELD BUSINESSNAME ="" DATATYPE ="byteint" DESCRIPTION ="" FIELDNUMBER ="58" FIELDPROPERTY ="0" FIELDTYPE ="ELEMITEM" HIDDEN ="NO" KEYTYPE ="NOT A KEY" LENGTH ="4" LEVEL ="0" NAME ="FRNCHS_STORE_IND" NULLABLE ="NULL" OCCURS ="0" OFFSET ="536" PHYSICALLENGTH ="3" PHYSICALOFFSET ="1893" PICTURETEXT ="" PRECISION ="3" SCALE ="0" USAGE_FLAGS =""/>
        <SOURCEFIELD BUSINESSNAME ="" DATATYPE ="date" DESCRIPTION ="" FIELDNUMBER ="59" FIELDPROPERTY ="0" FIELDTYPE ="ELEMITEM" HIDDEN ="NO" KEYTYPE ="NOT A KEY" LENGTH ="19" LEVEL ="0" NAME ="LEASE_EXP" NULLABLE ="NULL" OCCURS ="0" OFFSET ="540" PHYSICALLENGTH ="10" PHYSICALOFFSET ="1896" PICTURETEXT ="" PRECISION ="10" SCALE ="0" USAGE_FLAGS =""/>
        <SOURCEFIELD BUSINESSNAME ="" DATATYPE ="varchar" DESCRIPTION ="" FIELDNUMBER ="60" FIELDPROPERTY ="0" FIELDTYPE ="ELEMITEM" HIDDEN ="NO" KEYTYPE ="NOT A KEY" LENGTH ="0" LEVEL ="0" NAME ="BUILD_TYPE_CD" NULLABLE ="NULL" OCCURS ="0" OFFSET ="559" PHYSICALLENGTH ="10" PHYSICALOFFSET ="1906" PICTURETEXT ="" PRECISION ="10" SCALE ="0" USAGE_FLAGS =""/>
        <SOURCEFIELD BUSINESSNAME ="" DATATYPE ="varchar" DESCRIPTION ="" FIELDNUMBER ="61" FIELDPROPERTY ="0" FIELDTYPE ="ELEMITEM" HIDDEN ="NO" KEYTYPE ="NOT A KEY" LENGTH ="0" LEVEL ="0" NAME ="C_AND_C_DSGN" NULLABLE ="NULL" OCCURS ="0" OFFSET ="559" PHYSICALLENGTH ="20" PHYSICALOFFSET ="1916" PICTURETEXT ="" PRECISION ="20" SCALE ="0" USAGE_FLAGS =""/>
        <SOURCEFIELD BUSINESSNAME ="" DATATYPE ="byteint" DESCRIPTION ="" FIELDNUMBER ="62" FIELDPROPERTY ="0" FIELDTYPE ="ELEMITEM" HIDDEN ="NO" KEYTYPE ="NOT A KEY" LENGTH ="4" LEVEL ="0" NAME ="AUTH_RTL_TAG_LINE_STAT_IND" NULLABLE ="NULL" OCCURS ="0" OFFSET ="559" PHYSICALLENGTH ="3" PHYSICALOFFSET ="1936" PICTURETEXT ="" PRECISION ="3" SCALE ="0" USAGE_FLAGS =""/>
        <SOURCEFIELD BUSINESSNAME ="" DATATYPE ="integer" DESCRIPTION ="" FIELDNUMBER ="63" FIELDPROPERTY ="0" FIELDTYPE ="ELEMITEM" HIDDEN ="NO" KEYTYPE ="NOT A KEY" LENGTH ="11" LEVEL ="0" NAME ="PYLON_MONMNT_PANELS" NULLABLE ="NULL" OCCURS ="0" OFFSET ="563" PHYSICALLENGTH ="10" PHYSICALOFFSET ="1939" PICTURETEXT ="" PRECISION ="10" SCALE ="0" USAGE_FLAGS =""/>
        <SOURCEFIELD BUSINESSNAME ="" DATATYPE ="integer" DESCRIPTION ="" FIELDNUMBER ="64" FIELDPROPERTY ="0" FIELDTYPE ="ELEMITEM" HIDDEN ="NO" KEYTYPE ="NOT A KEY" LENGTH ="11" LEVEL ="0" NAME ="SELL_WALLS" NULLABLE ="NULL" OCCURS ="0" OFFSET ="574" PHYSICALLENGTH ="10" PHYSICALOFFSET ="1949" PICTURETEXT ="" PRECISION ="10" SCALE ="0" USAGE_FLAGS =""/>
        <SOURCEFIELD BUSINESSNAME ="" DATATYPE ="integer" DESCRIPTION ="" FIELDNUMBER ="65" FIELDPROPERTY ="0" FIELDTYPE ="ELEMITEM" HIDDEN ="NO" KEYTYPE ="NOT A KEY" LENGTH ="11" LEVEL ="0" NAME ="MEMORABLE_ACC_WALL" NULLABLE ="NULL" OCCURS ="0" OFFSET ="585" PHYSICALLENGTH ="10" PHYSICALOFFSET ="1959" PICTURETEXT ="" PRECISION ="10" SCALE ="0" USAGE_FLAGS =""/>
        <SOURCEFIELD BUSINESSNAME ="" DATATYPE ="char" DESCRIPTION ="" FIELDNUMBER ="66" FIELDPROPERTY ="0" FIELDTYPE ="ELEMITEM" HIDDEN ="NO" KEYTYPE ="NOT A KEY" LENGTH ="0" LEVEL ="0" NAME ="CSH_WRAP_EXPND" NULLABLE ="NULL" OCCURS ="0" OFFSET ="596" PHYSICALLENGTH ="18" PHYSICALOFFSET ="1969" PICTURETEXT ="" PRECISION ="18" SCALE ="0" USAGE_FLAGS =""/>
        <SOURCEFIELD BUSINESSNAME ="" DATATYPE ="varchar" DESCRIPTION ="" FIELDNUMBER ="67" FIELDPROPERTY ="0" FIELDTYPE ="ELEMITEM" HIDDEN ="NO" KEYTYPE ="NOT A KEY" LENGTH ="0" LEVEL ="0" NAME ="WNDW_WRAP_GRPHC" NULLABLE ="NULL" OCCURS ="0" OFFSET ="596" PHYSICALLENGTH ="20" PHYSICALOFFSET ="1987" PICTURETEXT ="" PRECISION ="20" SCALE ="0" USAGE_FLAGS =""/>
        <SOURCEFIELD BUSINESSNAME ="" DATATYPE ="varchar" DESCRIPTION ="" FIELDNUMBER ="68" FIELDPROPERTY ="0" FIELDTYPE ="ELEMITEM" HIDDEN ="NO" KEYTYPE ="NOT A KEY" LENGTH ="0" LEVEL ="0" NAME ="LVE_DTV" NULLABLE ="NULL" OCCURS ="0" OFFSET ="596" PHYSICALLENGTH ="20" PHYSICALOFFSET ="2007" PICTURETEXT ="" PRECISION ="20" SCALE ="0" USAGE_FLAGS =""/>
        <SOURCEFIELD BUSINESSNAME ="" DATATYPE ="integer" DESCRIPTION ="" FIELDNUMBER ="69" FIELDPROPERTY ="0" FIELDTYPE ="ELEMITEM" HIDDEN ="NO" KEYTYPE ="NOT A KEY" LENGTH ="11" LEVEL ="0" NAME ="LRN_TBL" NULLABLE ="NULL" OCCURS ="0" OFFSET ="596" PHYSICALLENGTH ="10" PHYSICALOFFSET ="2027" PICTURETEXT ="" PRECISION ="10" SCALE ="0" USAGE_FLAGS =""/>
        <SOURCEFIELD BUSINESSNAME ="" DATATYPE ="byteint" DESCRIPTION ="" FIELDNUMBER ="70" FIELDPROPERTY ="0" FIELDTYPE ="ELEMITEM" HIDDEN ="NO" KEYTYPE ="NOT A KEY" LENGTH ="4" LEVEL ="0" NAME ="COMNTY_TBL_IND" NULLABLE ="NULL" OCCURS ="0" OFFSET ="607" PHYSICALLENGTH ="3" PHYSICALOFFSET ="2037" PICTURETEXT ="" PRECISION ="3" SCALE ="0" USAGE_FLAGS =""/>
        <SOURCEFIELD BUSINESSNAME ="" DATATYPE ="integer" DESCRIPTION ="" FIELDNUMBER ="71" FIELDPROPERTY ="0" FIELDTYPE ="ELEMITEM" HIDDEN ="NO" KEYTYPE ="NOT A KEY" LENGTH ="11" LEVEL ="0" NAME ="DMND_DSP" NULLABLE ="NULL" OCCURS ="0" OFFSET ="611" PHYSICALLENGTH ="10" PHYSICALOFFSET ="2040" PICTURETEXT ="" PRECISION ="10" SCALE ="0" USAGE_FLAGS =""/>
        <SOURCEFIELD BUSINESSNAME ="" DATATYPE ="integer" DESCRIPTION ="" FIELDNUMBER ="72" FIELDPROPERTY ="0" FIELDTYPE ="ELEMITEM" HIDDEN ="NO" KEYTYPE ="NOT A KEY" LENGTH ="11" LEVEL ="0" NAME ="C_FIXTURES" NULLABLE ="NULL" OCCURS ="0" OFFSET ="622" PHYSICALLENGTH ="10" PHYSICALOFFSET ="2050" PICTURETEXT ="" PRECISION ="10" SCALE ="0" USAGE_FLAGS =""/>
        <SOURCEFIELD BUSINESSNAME ="" DATATYPE ="byteint" DESCRIPTION ="" FIELDNUMBER ="73" FIELDPROPERTY ="0" FIELDTYPE ="ELEMITEM" HIDDEN ="NO" KEYTYPE ="NOT A KEY" LENGTH ="4" LEVEL ="0" NAME ="TIO_KSK_IND" NULLABLE ="NULL" OCCURS ="0" OFFSET ="633" PHYSICALLENGTH ="3" PHYSICALOFFSET ="2060" PICTURETEXT ="" PRECISION ="3" SCALE ="0" USAGE_FLAGS =""/>
        <SOURCEFIELD BUSINESSNAME ="" DATATYPE ="byteint" DESCRIPTION ="" FIELDNUMBER ="74" FIELDPROPERTY ="0" FIELDTYPE ="ELEMITEM" HIDDEN ="NO" KEYTYPE ="NOT A KEY" LENGTH ="4" LEVEL ="0" NAME ="APRV_FOR_FLEX_BLD" NULLABLE ="NULL" OCCURS ="0" OFFSET ="637" PHYSICALLENGTH ="3" PHYSICALOFFSET ="2063" PICTURETEXT ="" PRECISION ="3" SCALE ="0" USAGE_FLAGS =""/>
        <SOURCEFIELD BUSINESSNAME ="" DATATYPE ="integer" DESCRIPTION ="" FIELDNUMBER ="75" FIELDPROPERTY ="0" FIELDTYPE ="ELEMITEM" HIDDEN ="NO" KEYTYPE ="NOT A KEY" LENGTH ="11" LEVEL ="0" NAME ="CAP_IDX_SCORE" NULLABLE ="NULL" OCCURS ="0" OFFSET ="641" PHYSICALLENGTH ="10" PHYSICALOFFSET ="2066" PICTURETEXT ="" PRECISION ="10" SCALE ="0" USAGE_FLAGS =""/>
        <SOURCEFIELD BUSINESSNAME ="" DATATYPE ="varchar" DESCRIPTION ="" FIELDNUMBER ="76" FIELDPROPERTY ="0" FIELDTYPE ="ELEMITEM" HIDDEN ="NO" KEYTYPE ="NOT A KEY" LENGTH ="0" LEVEL ="0" NAME ="SELL_WALL_NT" NULLABLE ="NULL" OCCURS ="0" OFFSET ="652" PHYSICALLENGTH ="200" PHYSICALOFFSET ="2076" PICTURETEXT ="" PRECISION ="200" SCALE ="0" USAGE_FLAGS =""/>
        <SOURCEFIELD BUSINESSNAME ="" DATATYPE ="date" DESCRIPTION ="" FIELDNUMBER ="77" FIELDPROPERTY ="0" FIELDTYPE ="ELEMITEM" HIDDEN ="NO" KEYTYPE ="NOT A KEY" LENGTH ="19" LEVEL ="0" NAME ="REMDL_DATE" NULLABLE ="NULL" OCCURS ="0" OFFSET ="652" PHYSICALLENGTH ="10" PHYSICALOFFSET ="2276" PICTURETEXT ="" PRECISION ="10" SCALE ="0" USAGE_FLAGS =""/>
        <SOURCEFIELD BUSINESSNAME ="" DATATYPE ="byteint" DESCRIPTION ="" FIELDNUMBER ="78" FIELDPROPERTY ="0" FIELDTYPE ="ELEMITEM" HIDDEN ="NO" KEYTYPE ="NOT A KEY" LENGTH ="4" LEVEL ="0" NAME ="DTV_NOW_IND" NULLABLE ="NOTNULL" OCCURS ="0" OFFSET ="671" PHYSICALLENGTH ="3" PHYSICALOFFSET ="2286" PICTURETEXT ="" PRECISION ="3" SCALE ="0" USAGE_FLAGS =""/>
        <SOURCEFIELD BUSINESSNAME ="" DATATYPE ="integer" DESCRIPTION ="" FIELDNUMBER ="79" FIELDPROPERTY ="0" FIELDTYPE ="ELEMITEM" HIDDEN ="NO" KEYTYPE ="NOT A KEY" LENGTH ="11" LEVEL ="0" NAME ="STORE_HIER_ID" NULLABLE ="NOTNULL" OCCURS ="0" OFFSET ="675" PHYSICALLENGTH ="10" PHYSICALOFFSET ="2289" PICTURETEXT ="" PRECISION ="10" SCALE ="0" USAGE_FLAGS =""/>
        <SOURCEFIELD BUSINESSNAME ="" DATATYPE ="integer" DESCRIPTION ="" FIELDNUMBER ="80" FIELDPROPERTY ="0" FIELDTYPE ="ELEMITEM" HIDDEN ="NO" KEYTYPE ="NOT A KEY" LENGTH ="11" LEVEL ="0" NAME ="ATT_HIER_ID" NULLABLE ="NOTNULL" OCCURS ="0" OFFSET ="686" PHYSICALLENGTH ="10" PHYSICALOFFSET ="2299" PICTURETEXT ="" PRECISION ="10" SCALE ="0" USAGE_FLAGS =""/>
        <SOURCEFIELD BUSINESSNAME ="" DATATYPE ="varchar" DESCRIPTION ="" FIELDNUMBER ="81" FIELDPROPERTY ="0" FIELDTYPE ="ELEMITEM" HIDDEN ="NO" KEYTYPE ="NOT A KEY" LENGTH ="0" LEVEL ="0" NAME ="BAE_WRKDAY_ID" NULLABLE ="NOTNULL" OCCURS ="0" OFFSET ="697" PHYSICALLENGTH ="20" PHYSICALOFFSET ="2309" PICTURETEXT ="" PRECISION ="20" SCALE ="0" USAGE_FLAGS =""/>
        <SOURCEFIELD BUSINESSNAME ="" DATATYPE ="varchar" DESCRIPTION ="" FIELDNUMBER ="82" FIELDPROPERTY ="0" FIELDTYPE ="ELEMITEM" HIDDEN ="NO" KEYTYPE ="NOT A KEY" LENGTH ="0" LEVEL ="0" NAME ="BSIS_WRKDAY_ID" NULLABLE ="NOTNULL" OCCURS ="0" OFFSET ="697" PHYSICALLENGTH ="20" PHYSICALOFFSET ="2329" PICTURETEXT ="" PRECISION ="20" SCALE ="0" USAGE_FLAGS =""/>
        <SOURCEFIELD BUSINESSNAME ="" DATATYPE ="integer" DESCRIPTION ="" FIELDNUMBER ="83" FIELDPROPERTY ="0" FIELDTYPE ="ELEMITEM" HIDDEN ="NO" KEYTYPE ="NOT A KEY" LENGTH ="11" LEVEL ="0" NAME ="STORE_NUM" NULLABLE ="NOTNULL" OCCURS ="0" OFFSET ="697" PHYSICALLENGTH ="10" PHYSICALOFFSET ="2349" PICTURETEXT ="" PRECISION ="10" SCALE ="0" USAGE_FLAGS =""/>
        <SOURCEFIELD BUSINESSNAME ="" DATATYPE ="date" DESCRIPTION ="" FIELDNUMBER ="84" FIELDPROPERTY ="0" FIELDTYPE ="ELEMITEM" HIDDEN ="NO" KEYTYPE ="NOT A KEY" LENGTH ="19" LEVEL ="0" NAME ="EFC_DT" NULLABLE ="NOTNULL" OCCURS ="0" OFFSET ="708" PHYSICALLENGTH ="10" PHYSICALOFFSET ="2359" PICTURETEXT ="" PRECISION ="10" SCALE ="0" USAGE_FLAGS =""/>
        <SOURCEFIELD BUSINESSNAME ="" DATATYPE ="date" DESCRIPTION ="" FIELDNUMBER ="85" FIELDPROPERTY ="0" FIELDTYPE ="ELEMITEM" HIDDEN ="NO" KEYTYPE ="NOT A KEY" LENGTH ="19" LEVEL ="0" NAME ="END_DT" NULLABLE ="NOTNULL" OCCURS ="0" OFFSET ="727" PHYSICALLENGTH ="10" PHYSICALOFFSET ="2369" PICTURETEXT ="" PRECISION ="10" SCALE ="0" USAGE_FLAGS =""/>
        <SOURCEFIELD BUSINESSNAME ="" DATATYPE ="byteint" DESCRIPTION ="" FIELDNUMBER ="86" FIELDPROPERTY ="0" FIELDTYPE ="ELEMITEM" HIDDEN ="NO" KEYTYPE ="NOT A KEY" LENGTH ="4" LEVEL ="0" NAME ="ACT_IND" NULLABLE ="NOTNULL" OCCURS ="0" OFFSET ="746" PHYSICALLENGTH ="3" PHYSICALOFFSET ="2379" PICTURETEXT ="" PRECISION ="3" SCALE ="0" USAGE_FLAGS =""/>
        <SOURCEFIELD BUSINESSNAME ="" DATATYPE ="integer" DESCRIPTION ="" FIELDNUMBER ="87" FIELDPROPERTY ="0" FIELDTYPE ="ELEMITEM" HIDDEN ="NO" KEYTYPE ="NOT A KEY" LENGTH ="11" LEVEL ="0" NAME ="EDW_BATCH_ID" NULLABLE ="NOTNULL" OCCURS ="0" OFFSET ="750" PHYSICALLENGTH ="10" PHYSICALOFFSET ="2382" PICTURETEXT ="" PRECISION ="10" SCALE ="0" USAGE_FLAGS =""/>
        <SOURCEFIELD BUSINESSNAME ="" DATATYPE ="timestamp" DESCRIPTION ="" FIELDNUMBER ="88" FIELDPROPERTY ="0" FIELDTYPE ="ELEMITEM" HIDDEN ="NO" KEYTYPE ="NOT A KEY" LENGTH ="19" LEVEL ="0" NAME ="EDW_CREATE_DTTM" NULLABLE ="NOTNULL" OCCURS ="0" OFFSET ="761" PHYSICALLENGTH ="26" PHYSICALOFFSET ="2392" PICTURETEXT ="" PRECISION ="26" SCALE ="6" USAGE_FLAGS =""/>
        <SOURCEFIELD BUSINESSNAME ="" DATATYPE ="timestamp" DESCRIPTION ="" FIELDNUMBER ="89" FIELDPROPERTY ="0" FIELDTYPE ="ELEMITEM" HIDDEN ="NO" KEYTYPE ="NOT A KEY" LENGTH ="19" LEVEL ="0" NAME ="EDW_UPDATE_DTTM" NULLABLE ="NOTNULL" OCCURS ="0" OFFSET ="780" PHYSICALLENGTH ="26" PHYSICALOFFSET ="2418" PICTURETEXT ="" PRECISION ="26" SCALE ="6" USAGE_FLAGS =""/>
    </SOURCE>
    <TARGET BUSINESSNAME ="" CONSTRAINT ="" DATABASETYPE ="Teradata" DESCRIPTION ="" NAME ="EMP_STORE_ASSOC" OBJECTVERSION ="1" TABLEOPTIONS ="" VERSIONNUMBER ="4">
        <TARGETFIELD BUSINESSNAME ="" DATATYPE ="integer" DESCRIPTION ="" FIELDNUMBER ="1" KEYTYPE ="PRIMARY KEY" NAME ="CO_CD" NULLABLE ="NOTNULL" PICTURETEXT ="" PRECISION ="10" SCALE ="0"/>
        <TARGETFIELD BUSINESSNAME ="" DATATYPE ="varchar" DESCRIPTION ="" FIELDNUMBER ="2" KEYTYPE ="PRIMARY KEY" NAME ="SRC_SYS_NM" NULLABLE ="NOTNULL" PICTURETEXT ="" PRECISION ="50" SCALE ="0"/>
        <TARGETFIELD BUSINESSNAME ="" DATATYPE ="integer" DESCRIPTION ="" FIELDNUMBER ="3" KEYTYPE ="PRIMARY KEY" NAME ="EMP_STORE_ASSOC_SEQ_ID" NULLABLE ="NOTNULL" PICTURETEXT ="" PRECISION ="10" SCALE ="0"/>
        <TARGETFIELD BUSINESSNAME ="" DATATYPE ="varchar" DESCRIPTION ="" FIELDNUMBER ="4" KEYTYPE ="NOT A KEY" NAME ="PRI_LOC_IND" NULLABLE ="NOTNULL" PICTURETEXT ="" PRECISION ="3" SCALE ="0"/>
        <TARGETFIELD BUSINESSNAME ="" DATATYPE ="integer" DESCRIPTION ="" FIELDNUMBER ="5" KEYTYPE ="NOT A KEY" NAME ="EMP_SEQ_ID" NULLABLE ="NOTNULL" PICTURETEXT ="" PRECISION ="10" SCALE ="0"/>
        <TARGETFIELD BUSINESSNAME ="" DATATYPE ="integer" DESCRIPTION ="" FIELDNUMBER ="6" KEYTYPE ="NOT A KEY" NAME ="STORE_SEQ_ID" NULLABLE ="NOTNULL" PICTURETEXT ="" PRECISION ="10" SCALE ="0"/>
        <TARGETFIELD BUSINESSNAME ="" DATATYPE ="integer" DESCRIPTION ="" FIELDNUMBER ="7" KEYTYPE ="NOT A KEY" NAME ="EDW_BATCH_ID" NULLABLE ="NOTNULL" PICTURETEXT ="" PRECISION ="10" SCALE ="0"/>
        <TARGETFIELD BUSINESSNAME ="" DATATYPE ="timestamp" DESCRIPTION ="" FIELDNUMBER ="8" KEYTYPE ="NOT A KEY" NAME ="EDW_CREATE_DTTM" NULLABLE ="NOTNULL" PICTURETEXT ="" PRECISION ="26" SCALE ="6"/>
        <TARGETFIELD BUSINESSNAME ="" DATATYPE ="timestamp" DESCRIPTION ="" FIELDNUMBER ="9" KEYTYPE ="NOT A KEY" NAME ="EDW_UPDATE_DTTM" NULLABLE ="NOTNULL" PICTURETEXT ="" PRECISION ="26" SCALE ="6"/>
        <TARGETFIELD BUSINESSNAME ="" DATATYPE ="date" DESCRIPTION ="" FIELDNUMBER ="10" KEYTYPE ="NOT A KEY" NAME ="EFC_DT" NULLABLE ="NOTNULL" PICTURETEXT ="" PRECISION ="10" SCALE ="0"/>
        <TARGETFIELD BUSINESSNAME ="" DATATYPE ="date" DESCRIPTION ="" FIELDNUMBER ="11" KEYTYPE ="NOT A KEY" NAME ="END_DT" NULLABLE ="NOTNULL" PICTURETEXT ="" PRECISION ="10" SCALE ="0"/>
        <TARGETFIELD BUSINESSNAME ="" DATATYPE ="byteint" DESCRIPTION ="" FIELDNUMBER ="12" KEYTYPE ="NOT A KEY" NAME ="ACT_IND" NULLABLE ="NOTNULL" PICTURETEXT ="" PRECISION ="3" SCALE ="0"/>
    </TARGET>
</FOLDER>
<FOLDER NAME="~v_ybodire" GROUP="" OWNER="509784" SHARED="NOTSHARED" DESCRIPTION="Sogeti offshore Lead" PERMISSIONS="rwx---r--" UUID="d3c0506c-207a-4fdb-9a01-1262fb413781">
    <MAPPING DESCRIPTION ="" ISVALID ="YES" NAME ="m_LD2ST_111_ATT_EMPLOYEE_EMP_STORE_ASSOC" OBJECTVERSION ="1" VERSIONNUMBER ="1">
        <TRANSFORMATION DESCRIPTION ="" NAME ="SQ_EMP_STORE_ASSOC_INSERT" OBJECTVERSION ="1" REUSABLE ="NO" TYPE ="Source Qualifier" VERSIONNUMBER ="1">
            <TRANSFORMFIELD DATATYPE ="integer" DEFAULTVALUE ="" DESCRIPTION ="" NAME ="EMP_STORE_SEQ_ID" PICTURETEXT ="" PORTTYPE ="INPUT/OUTPUT" PRECISION ="10" SCALE ="0"/>
            <TRANSFORMFIELD DATATYPE ="integer" DEFAULTVALUE ="" DESCRIPTION ="" NAME ="EMP_SEQ_ID" PICTURETEXT ="" PORTTYPE ="INPUT/OUTPUT" PRECISION ="10" SCALE ="0"/>
            <TRANSFORMFIELD DATATYPE ="integer" DEFAULTVALUE ="" DESCRIPTION ="" NAME ="STORE_SEQ_ID" PICTURETEXT ="" PORTTYPE ="INPUT/OUTPUT" PRECISION ="10" SCALE ="0"/>
            <TRANSFORMFIELD DATATYPE ="small integer" DEFAULTVALUE ="" DESCRIPTION ="" NAME ="IS_PRI_LOC" PICTURETEXT ="" PORTTYPE ="INPUT/OUTPUT" PRECISION ="5" SCALE ="0"/>
            <TRANSFORMFIELD DATATYPE ="integer" DEFAULTVALUE ="" DESCRIPTION ="" NAME ="CO_CD" PICTURETEXT ="" PORTTYPE ="INPUT/OUTPUT" PRECISION ="10" SCALE ="0"/>
            <TRANSFORMFIELD DATATYPE ="string" DEFAULTVALUE ="" DESCRIPTION ="" NAME ="SRC_SYS_NM" PICTURETEXT ="" PORTTYPE ="INPUT/OUTPUT" PRECISION ="20" SCALE ="0"/>
            <TABLEATTRIBUTE NAME ="Sql Query" VALUE ="SELECT&#xD;&#xA;    (CSUM(1,1) + COALESCE(SEQ.SEQ_ID,0)) AS EMP_STORE_ASSOC_SEQ_ID,&#xD;&#xA;    E.EMP_SEQ_ID,&#xD;&#xA;    ST.STORE_SEQ_ID,&#xD;&#xA;    SRC.IS_PRI_LOC,&#xD;&#xA;    SRC.CO_CD,&#xD;&#xA;    SRC.SRC_SYS_NM&#xD;&#xA;FROM&#xD;&#xA;    $ParamLandDB.LT_EMP_STORE_ASSOC SRC&#xD;&#xA;&#x9;INNER JOIN $ParamCoreDB.STORE ST ON ST.STORE_NUM=SRC.STORE_NUM AND ST.CO_CD=SRC.CO_CD AND ST.ACT_IND=1&#xD;&#xA;&#x9;INNER JOIN $ParamCoreDB.EMP E ON E.SRC_EMP_ID=SRC.SRC_EMP_ID AND E.CO_CD=SRC.CO_CD AND E.ACT_IND=1&#xD;&#xA;&#x9;LEFT OUTER JOIN $ParamLandDB.ETL_SEQ_CONTROL SEQ ON SEQ.SCHEMA_NAME=&apos;$ParamCoreDB&apos; AND SEQ.TBL_NAME=&apos;$ParamTable_EMP_STORE_ASSOC&apos;&#xD;&#xA;&#x9;LEFT OUTER JOIN $ParamCoreDB.EMP_STORE_ASSOC TGT ON TGT.EMP_SEQ_ID=E.EMP_SEQ_ID AND TGT.STORE_SEQ_ID=ST.STORE_SEQ_ID &#xD;&#xA;&#x9;AND TGT.CO_CD=SRC.CO_CD AND TGT.ACT_IND=1&#xD;&#xA;WHERE&#xD;&#xA;    SRC.EDW_BATCH_ID =$$BATCH_ID AND TGT.EMP_STORE_ASSOC_SEQ_ID IS NULL"/>
            <TABLEATTRIBUTE NAME ="User Defined Join" VALUE =""/>
            <TABLEATTRIBUTE NAME ="Source Filter" VALUE =""/>
            <TABLEATTRIBUTE NAME ="Number Of Sorted Ports" VALUE ="0"/>
            <TABLEATTRIBUTE NAME ="Tracing Level" VALUE ="Normal"/>
            <TABLEATTRIBUTE NAME ="Select Distinct" VALUE ="NO"/>
            <TABLEATTRIBUTE NAME ="Is Partitionable" VALUE ="NO"/>
            <TABLEATTRIBUTE NAME ="Pre SQL" VALUE =""/>
            <TABLEATTRIBUTE NAME ="Post SQL" VALUE =""/>
            <TABLEATTRIBUTE NAME ="Output is deterministic" VALUE ="NO"/>
            <TABLEATTRIBUTE NAME ="Output is repeatable" VALUE ="Never"/>
        </TRANSFORMATION>
        <TRANSFORMATION COMPONENTVERSION ="1000000" DESCRIPTION ="" NAME ="UN_INSERT_UPDATE" OBJECTVERSION ="1" REUSABLE ="NO" TEMPLATEID ="303001" TEMPLATENAME ="Union Transformation" TYPE ="Custom Transformation" VERSIONNUMBER ="1">
            <GROUP DESCRIPTION ="" NAME ="OUTPUT" ORDER ="1" TYPE ="OUTPUT"/>
            <GROUP DESCRIPTION ="" NAME ="INSERT" ORDER ="2" TYPE ="INPUT"/>
            <TRANSFORMFIELD DATATYPE ="integer" DEFAULTVALUE ="" DESCRIPTION ="" GROUP ="OUTPUT" NAME ="EMP_STORE_ASSOC_SEQ_ID" OUTPUTGROUP ="OUTPUT" PICTURETEXT ="" PORTTYPE ="OUTPUT" PRECISION ="10" SCALE ="0"/>
            <TRANSFORMFIELD DATATYPE ="integer" DEFAULTVALUE ="" DESCRIPTION ="" GROUP ="OUTPUT" NAME ="EMP_SEQ_ID" OUTPUTGROUP ="OUTPUT" PICTURETEXT ="" PORTTYPE ="OUTPUT" PRECISION ="10" SCALE ="0"/>
            <TRANSFORMFIELD DATATYPE ="integer" DEFAULTVALUE ="" DESCRIPTION ="" GROUP ="OUTPUT" NAME ="STORE_SEQ_ID" OUTPUTGROUP ="OUTPUT" PICTURETEXT ="" PORTTYPE ="OUTPUT" PRECISION ="10" SCALE ="0"/>
            <TRANSFORMFIELD DATATYPE ="string" DEFAULTVALUE ="" DESCRIPTION ="" GROUP ="OUTPUT" NAME ="PRI_LOC_IND" OUTPUTGROUP ="OUTPUT" PICTURETEXT ="" PORTTYPE ="OUTPUT" PRECISION ="3" SCALE ="0"/>
            <TRANSFORMFIELD DATATYPE ="integer" DEFAULTVALUE ="" DESCRIPTION ="" GROUP ="OUTPUT" NAME ="EDW_BATCH_ID" OUTPUTGROUP ="OUTPUT" PICTURETEXT ="" PORTTYPE ="OUTPUT" PRECISION ="10" SCALE ="0"/>
            <TRANSFORMFIELD DATATYPE ="date/time" DEFAULTVALUE ="" DESCRIPTION ="" GROUP ="OUTPUT" NAME ="EDW_CREATE_DTTM" OUTPUTGROUP ="OUTPUT" PICTURETEXT ="" PORTTYPE ="OUTPUT" PRECISION ="29" SCALE ="9"/>
            <TRANSFORMFIELD DATATYPE ="date/time" DEFAULTVALUE ="" DESCRIPTION ="" GROUP ="OUTPUT" NAME ="EDW_UPDATE_DTTM" OUTPUTGROUP ="OUTPUT" PICTURETEXT ="" PORTTYPE ="OUTPUT" PRECISION ="29" SCALE ="9"/>
            <TRANSFORMFIELD DATATYPE ="date/time" DEFAULTVALUE ="" DESCRIPTION ="" GROUP ="OUTPUT" NAME ="EFC_DT" OUTPUTGROUP ="OUTPUT" PICTURETEXT ="" PORTTYPE ="OUTPUT" PRECISION ="29" SCALE ="9"/>
            <TRANSFORMFIELD DATATYPE ="date/time" DEFAULTVALUE ="" DESCRIPTION ="" GROUP ="OUTPUT" NAME ="END_DT" OUTPUTGROUP ="OUTPUT" PICTURETEXT ="" PORTTYPE ="OUTPUT" PRECISION ="29" SCALE ="9"/>
            <TRANSFORMFIELD DATATYPE ="integer" DEFAULTVALUE ="" DESCRIPTION ="" GROUP ="OUTPUT" NAME ="ACT_IND" OUTPUTGROUP ="OUTPUT" PICTURETEXT ="" PORTTYPE ="OUTPUT" PRECISION ="10" SCALE ="0"/>
            <TRANSFORMFIELD DATATYPE ="integer" DEFAULTVALUE ="" DESCRIPTION ="" GROUP ="OUTPUT" NAME ="CO_CD" OUTPUTGROUP ="OUTPUT" PICTURETEXT ="" PORTTYPE ="OUTPUT" PRECISION ="10" SCALE ="0"/>
            <TRANSFORMFIELD DATATYPE ="string" DEFAULTVALUE ="" DESCRIPTION ="" GROUP ="OUTPUT" NAME ="SRC_SYS_NM" OUTPUTGROUP ="OUTPUT" PICTURETEXT ="" PORTTYPE ="OUTPUT" PRECISION ="50" SCALE ="0"/>
            <TRANSFORMFIELD DATATYPE ="integer" DEFAULTVALUE ="" DESCRIPTION ="" GROUP ="INSERT" NAME ="EMP_STORE_ASSOC_SEQ_ID1" OUTPUTGROUP ="INSERT" PICTURETEXT ="" PORTTYPE ="INPUT" PRECISION ="10" SCALE ="0"/>
            <TRANSFORMFIELD DATATYPE ="integer" DEFAULTVALUE ="" DESCRIPTION ="" GROUP ="INSERT" NAME ="EMP_SEQ_ID1" OUTPUTGROUP ="INSERT" PICTURETEXT ="" PORTTYPE ="INPUT" PRECISION ="10" SCALE ="0"/>
            <TRANSFORMFIELD DATATYPE ="integer" DEFAULTVALUE ="" DESCRIPTION ="" GROUP ="INSERT" NAME ="STORE_SEQ_ID1" OUTPUTGROUP ="INSERT" PICTURETEXT ="" PORTTYPE ="INPUT" PRECISION ="10" SCALE ="0"/>
            <TRANSFORMFIELD DATATYPE ="string" DEFAULTVALUE ="" DESCRIPTION ="" GROUP ="INSERT" NAME ="PRI_LOC_IND1" OUTPUTGROUP ="INSERT" PICTURETEXT ="" PORTTYPE ="INPUT" PRECISION ="3" SCALE ="0"/>
            <TRANSFORMFIELD DATATYPE ="integer" DEFAULTVALUE ="" DESCRIPTION ="" GROUP ="INSERT" NAME ="EDW_BATCH_ID1" OUTPUTGROUP ="INSERT" PICTURETEXT ="" PORTTYPE ="INPUT" PRECISION ="10" SCALE ="0"/>
            <TRANSFORMFIELD DATATYPE ="date/time" DEFAULTVALUE ="" DESCRIPTION ="" GROUP ="INSERT" NAME ="EDW_CREATE_DTTM1" OUTPUTGROUP ="INSERT" PICTURETEXT ="" PORTTYPE ="INPUT" PRECISION ="29" SCALE ="9"/>
            <TRANSFORMFIELD DATATYPE ="date/time" DEFAULTVALUE ="" DESCRIPTION ="" GROUP ="INSERT" NAME ="EDW_UPDATE_DTTM1" OUTPUTGROUP ="INSERT" PICTURETEXT ="" PORTTYPE ="INPUT" PRECISION ="29" SCALE ="9"/>
            <TRANSFORMFIELD DATATYPE ="date/time" DEFAULTVALUE ="" DESCRIPTION ="" GROUP ="INSERT" NAME ="EFC_DT1" OUTPUTGROUP ="INSERT" PICTURETEXT ="" PORTTYPE ="INPUT" PRECISION ="29" SCALE ="9"/>
            <TRANSFORMFIELD DATATYPE ="date/time" DEFAULTVALUE ="" DESCRIPTION ="" GROUP ="INSERT" NAME ="END_DT1" OUTPUTGROUP ="INSERT" PICTURETEXT ="" PORTTYPE ="INPUT" PRECISION ="29" SCALE ="9"/>
            <TRANSFORMFIELD DATATYPE ="integer" DEFAULTVALUE ="" DESCRIPTION ="" GROUP ="INSERT" NAME ="ACT_IND1" OUTPUTGROUP ="INSERT" PICTURETEXT ="" PORTTYPE ="INPUT" PRECISION ="10" SCALE ="0"/>
            <TRANSFORMFIELD DATATYPE ="integer" DEFAULTVALUE ="" DESCRIPTION ="" GROUP ="INSERT" NAME ="CO_CD1" OUTPUTGROUP ="INSERT" PICTURETEXT ="" PORTTYPE ="INPUT" PRECISION ="10" SCALE ="0"/>
            <TRANSFORMFIELD DATATYPE ="string" DEFAULTVALUE ="" DESCRIPTION ="" GROUP ="INSERT" NAME ="SRC_SYS_NM1" OUTPUTGROUP ="INSERT" PICTURETEXT ="" PORTTYPE ="INPUT" PRECISION ="50" SCALE ="0"/>
            <TABLEATTRIBUTE NAME ="Language" VALUE ="C"/>
            <TABLEATTRIBUTE NAME ="Module Identifier" VALUE ="pmuniontrans"/>
            <TABLEATTRIBUTE NAME ="Class Name" VALUE =""/>
            <TABLEATTRIBUTE NAME ="Function Identifier" VALUE ="pmunionfunc"/>
            <TABLEATTRIBUTE NAME ="Runtime Location" VALUE =""/>
            <TABLEATTRIBUTE NAME ="Tracing Level" VALUE ="Normal"/>
            <TABLEATTRIBUTE NAME ="Is Partitionable" VALUE ="Across Grid"/>
            <TABLEATTRIBUTE NAME ="Inputs Must Block" VALUE ="NO"/>
            <TABLEATTRIBUTE NAME ="Is Active" VALUE ="YES"/>
            <TABLEATTRIBUTE NAME ="Update Strategy Transformation" VALUE ="NO"/>
            <TABLEATTRIBUTE NAME ="Transformation Scope" VALUE ="Row"/>
            <TABLEATTRIBUTE NAME ="Generate Transaction" VALUE ="NO"/>
            <TABLEATTRIBUTE NAME ="Output Is Repeatable" VALUE ="Never"/>
            <TABLEATTRIBUTE NAME ="Requires Single Thread Per Partition" VALUE ="NO"/>
            <TABLEATTRIBUTE NAME ="Output Is Deterministic" VALUE ="YES"/>
            <TABLEATTRIBUTE NAME ="Preserves Data Set Boundary" VALUE ="No"/>
            <INITPROP DESCRIPTION ="" NAME ="Programmatic Identifier for Class Factory" USERDEFINED ="NO" VALUE =""/>
            <INITPROP DESCRIPTION ="" NAME ="Constructor" USERDEFINED ="NO" VALUE =""/>
            <FIELDDEPENDENCY INPUTFIELD ="EMP_STORE_ASSOC_SEQ_ID1" OUTPUTFIELD ="EMP_STORE_ASSOC_SEQ_ID"/>
            <FIELDDEPENDENCY INPUTFIELD ="EMP_SEQ_ID1" OUTPUTFIELD ="EMP_SEQ_ID"/>
            <FIELDDEPENDENCY INPUTFIELD ="STORE_SEQ_ID1" OUTPUTFIELD ="STORE_SEQ_ID"/>
            <FIELDDEPENDENCY INPUTFIELD ="PRI_LOC_IND1" OUTPUTFIELD ="PRI_LOC_IND"/>
            <FIELDDEPENDENCY INPUTFIELD ="EDW_BATCH_ID1" OUTPUTFIELD ="EDW_BATCH_ID"/>
            <FIELDDEPENDENCY INPUTFIELD ="EDW_CREATE_DTTM1" OUTPUTFIELD ="EDW_CREATE_DTTM"/>
            <FIELDDEPENDENCY INPUTFIELD ="EDW_UPDATE_DTTM1" OUTPUTFIELD ="EDW_UPDATE_DTTM"/>
            <FIELDDEPENDENCY INPUTFIELD ="EFC_DT1" OUTPUTFIELD ="EFC_DT"/>
            <FIELDDEPENDENCY INPUTFIELD ="END_DT1" OUTPUTFIELD ="END_DT"/>
            <FIELDDEPENDENCY INPUTFIELD ="ACT_IND1" OUTPUTFIELD ="ACT_IND"/>
            <FIELDDEPENDENCY INPUTFIELD ="CO_CD1" OUTPUTFIELD ="CO_CD"/>
            <FIELDDEPENDENCY INPUTFIELD ="SRC_SYS_NM1" OUTPUTFIELD ="SRC_SYS_NM"/>
        </TRANSFORMATION>
        <TRANSFORMATION DESCRIPTION ="" NAME ="EXP_INSERT" OBJECTVERSION ="1" REUSABLE ="NO" TYPE ="Expression" VERSIONNUMBER ="1">
            <TRANSFORMFIELD DATATYPE ="integer" DEFAULTVALUE ="" DESCRIPTION ="" EXPRESSION ="EMP_STORE_SEQ_ID" EXPRESSIONTYPE ="GENERAL" NAME ="EMP_STORE_SEQ_ID" PICTURETEXT ="" PORTTYPE ="INPUT/OUTPUT" PRECISION ="10" SCALE ="0"/>
            <TRANSFORMFIELD DATATYPE ="integer" DEFAULTVALUE ="" DESCRIPTION ="" EXPRESSION ="EMP_SEQ_ID" EXPRESSIONTYPE ="GENERAL" NAME ="EMP_SEQ_ID" PICTURETEXT ="" PORTTYPE ="INPUT/OUTPUT" PRECISION ="10" SCALE ="0"/>
            <TRANSFORMFIELD DATATYPE ="integer" DEFAULTVALUE ="" DESCRIPTION ="" EXPRESSION ="STORE_SEQ_ID" EXPRESSIONTYPE ="GENERAL" NAME ="STORE_SEQ_ID" PICTURETEXT ="" PORTTYPE ="INPUT/OUTPUT" PRECISION ="10" SCALE ="0"/>
            <TRANSFORMFIELD DATATYPE ="small integer" DEFAULTVALUE ="" DESCRIPTION ="" EXPRESSION ="IS_PRI_LOC" EXPRESSIONTYPE ="GENERAL" NAME ="IS_PRI_LOC" PICTURETEXT ="" PORTTYPE ="INPUT/OUTPUT" PRECISION ="5" SCALE ="0"/>
            <TRANSFORMFIELD DATATYPE ="integer" DEFAULTVALUE ="" DESCRIPTION ="" EXPRESSION ="CO_CD" EXPRESSIONTYPE ="GENERAL" NAME ="CO_CD" PICTURETEXT ="" PORTTYPE ="INPUT/OUTPUT" PRECISION ="10" SCALE ="0"/>
            <TRANSFORMFIELD DATATYPE ="integer" DEFAULTVALUE ="ERROR(&apos;transformation error&apos;)" DESCRIPTION ="" EXPRESSION ="$$BATCH_ID" EXPRESSIONTYPE ="GENERAL" NAME ="EDW_BATCH_ID" PICTURETEXT ="" PORTTYPE ="OUTPUT" PRECISION ="10" SCALE ="0"/>
            <TRANSFORMFIELD DATATYPE ="date/time" DEFAULTVALUE ="ERROR(&apos;transformation error&apos;)" DESCRIPTION ="" EXPRESSION ="SESSSTARTTIME" EXPRESSIONTYPE ="GENERAL" NAME ="EDW_CREATE_DTTM" PICTURETEXT ="" PORTTYPE ="OUTPUT" PRECISION ="29" SCALE ="9"/>
            <TRANSFORMFIELD DATATYPE ="date/time" DEFAULTVALUE ="ERROR(&apos;transformation error&apos;)" DESCRIPTION ="" EXPRESSION ="SESSSTARTTIME" EXPRESSIONTYPE ="GENERAL" NAME ="EDW_UPDATE_DTTM" PICTURETEXT ="" PORTTYPE ="OUTPUT" PRECISION ="29" SCALE ="9"/>
            <TRANSFORMFIELD DATATYPE ="date/time" DEFAULTVALUE ="ERROR(&apos;transformation error&apos;)" DESCRIPTION ="" EXPRESSION ="SESSSTARTTIME" EXPRESSIONTYPE ="GENERAL" NAME ="EFC_DT" PICTURETEXT ="" PORTTYPE ="OUTPUT" PRECISION ="29" SCALE ="9"/>
            <TRANSFORMFIELD DATATYPE ="date/time" DEFAULTVALUE ="ERROR(&apos;transformation error&apos;)" DESCRIPTION ="" EXPRESSION ="TO_DATE($$END_DT,&apos;MM/DD/YYYY&apos;)" EXPRESSIONTYPE ="GENERAL" NAME ="END_DT" PICTURETEXT ="" PORTTYPE ="OUTPUT" PRECISION ="29" SCALE ="9"/>
            <TRANSFORMFIELD DATATYPE ="integer" DEFAULTVALUE ="ERROR(&apos;transformation error&apos;)" DESCRIPTION ="" EXPRESSION ="1" EXPRESSIONTYPE ="GENERAL" NAME ="ACT_IND" PICTURETEXT ="" PORTTYPE ="OUTPUT" PRECISION ="10" SCALE ="0"/>
            <TRANSFORMFIELD DATATYPE ="string" DEFAULTVALUE ="" DESCRIPTION ="" EXPRESSION ="SRC_SYS_NM" EXPRESSIONTYPE ="GENERAL" NAME ="SRC_SYS_NM" PICTURETEXT ="" PORTTYPE ="INPUT/OUTPUT" PRECISION ="20" SCALE ="0"/>
            <TABLEATTRIBUTE NAME ="Tracing Level" VALUE ="Normal"/>
        </TRANSFORMATION>
        <INSTANCE DESCRIPTION ="" NAME ="Shortcut_to_EMP_STORE_ASSOC" TRANSFORMATION_NAME ="Shortcut_to_EMP_STORE_ASSOC" TRANSFORMATION_TYPE ="Target Definition" TYPE ="TARGET"/>
        <INSTANCE DBDNAME ="TB_LAND" DESCRIPTION ="" NAME ="Shortcut_to_LT_EMP_STORE_ASSOC" TRANSFORMATION_NAME ="Shortcut_to_LT_EMP_STORE_ASSOC" TRANSFORMATION_TYPE ="Source Definition" TYPE ="SOURCE"/>
        <INSTANCE DBDNAME ="TB_CORE" DESCRIPTION ="" NAME ="Shortcut_to_EMP" TRANSFORMATION_NAME ="Shortcut_to_EMP" TRANSFORMATION_TYPE ="Source Definition" TYPE ="SOURCE"/>
        <INSTANCE DBDNAME ="TB_CORE" DESCRIPTION ="" NAME ="Shortcut_to_STORE" TRANSFORMATION_NAME ="Shortcut_to_STORE" TRANSFORMATION_TYPE ="Source Definition" TYPE ="SOURCE"/>
        <INSTANCE DESCRIPTION ="" NAME ="SQ_EMP_STORE_ASSOC_INSERT" REUSABLE ="NO" TRANSFORMATION_NAME ="SQ_EMP_STORE_ASSOC_INSERT" TRANSFORMATION_TYPE ="Source Qualifier" TYPE ="TRANSFORMATION">
            <ASSOCIATED_SOURCE_INSTANCE NAME ="Shortcut_to_LT_EMP_STORE_ASSOC"/>
            <ASSOCIATED_SOURCE_INSTANCE NAME ="Shortcut_to_STORE"/>
            <ASSOCIATED_SOURCE_INSTANCE NAME ="Shortcut_to_EMP"/>
        </INSTANCE>
        <INSTANCE DESCRIPTION ="" NAME ="UN_INSERT_UPDATE" REUSABLE ="NO" TRANSFORMATION_NAME ="UN_INSERT_UPDATE" TRANSFORMATION_TYPE ="Custom Transformation" TYPE ="TRANSFORMATION"/>
        <INSTANCE DESCRIPTION ="" NAME ="EXP_INSERT" REUSABLE ="NO" TRANSFORMATION_NAME ="EXP_INSERT" TRANSFORMATION_TYPE ="Expression" TYPE ="TRANSFORMATION"/>
        <CONNECTOR FROMFIELD ="EMP_STORE_ASSOC_SEQ_ID" FROMINSTANCE ="UN_INSERT_UPDATE" FROMINSTANCETYPE ="Custom Transformation" TOFIELD ="EMP_STORE_ASSOC_SEQ_ID" TOINSTANCE ="Shortcut_to_EMP_STORE_ASSOC" TOINSTANCETYPE ="Target Definition"/>
        <CONNECTOR FROMFIELD ="EMP_SEQ_ID" FROMINSTANCE ="UN_INSERT_UPDATE" FROMINSTANCETYPE ="Custom Transformation" TOFIELD ="EMP_SEQ_ID" TOINSTANCE ="Shortcut_to_EMP_STORE_ASSOC" TOINSTANCETYPE ="Target Definition"/>
        <CONNECTOR FROMFIELD ="STORE_SEQ_ID" FROMINSTANCE ="UN_INSERT_UPDATE" FROMINSTANCETYPE ="Custom Transformation" TOFIELD ="STORE_SEQ_ID" TOINSTANCE ="Shortcut_to_EMP_STORE_ASSOC" TOINSTANCETYPE ="Target Definition"/>
        <CONNECTOR FROMFIELD ="PRI_LOC_IND" FROMINSTANCE ="UN_INSERT_UPDATE" FROMINSTANCETYPE ="Custom Transformation" TOFIELD ="PRI_LOC_IND" TOINSTANCE ="Shortcut_to_EMP_STORE_ASSOC" TOINSTANCETYPE ="Target Definition"/>
        <CONNECTOR FROMFIELD ="EDW_BATCH_ID" FROMINSTANCE ="UN_INSERT_UPDATE" FROMINSTANCETYPE ="Custom Transformation" TOFIELD ="EDW_BATCH_ID" TOINSTANCE ="Shortcut_to_EMP_STORE_ASSOC" TOINSTANCETYPE ="Target Definition"/>
        <CONNECTOR FROMFIELD ="EDW_CREATE_DTTM" FROMINSTANCE ="UN_INSERT_UPDATE" FROMINSTANCETYPE ="Custom Transformation" TOFIELD ="EDW_CREATE_DTTM" TOINSTANCE ="Shortcut_to_EMP_STORE_ASSOC" TOINSTANCETYPE ="Target Definition"/>
        <CONNECTOR FROMFIELD ="EDW_UPDATE_DTTM" FROMINSTANCE ="UN_INSERT_UPDATE" FROMINSTANCETYPE ="Custom Transformation" TOFIELD ="EDW_UPDATE_DTTM" TOINSTANCE ="Shortcut_to_EMP_STORE_ASSOC" TOINSTANCETYPE ="Target Definition"/>
        <CONNECTOR FROMFIELD ="EFC_DT" FROMINSTANCE ="UN_INSERT_UPDATE" FROMINSTANCETYPE ="Custom Transformation" TOFIELD ="EFC_DT" TOINSTANCE ="Shortcut_to_EMP_STORE_ASSOC" TOINSTANCETYPE ="Target Definition"/>
        <CONNECTOR FROMFIELD ="END_DT" FROMINSTANCE ="UN_INSERT_UPDATE" FROMINSTANCETYPE ="Custom Transformation" TOFIELD ="END_DT" TOINSTANCE ="Shortcut_to_EMP_STORE_ASSOC" TOINSTANCETYPE ="Target Definition"/>
        <CONNECTOR FROMFIELD ="ACT_IND" FROMINSTANCE ="UN_INSERT_UPDATE" FROMINSTANCETYPE ="Custom Transformation" TOFIELD ="ACT_IND" TOINSTANCE ="Shortcut_to_EMP_STORE_ASSOC" TOINSTANCETYPE ="Target Definition"/>
        <CONNECTOR FROMFIELD ="CO_CD" FROMINSTANCE ="UN_INSERT_UPDATE" FROMINSTANCETYPE ="Custom Transformation" TOFIELD ="CO_CD" TOINSTANCE ="Shortcut_to_EMP_STORE_ASSOC" TOINSTANCETYPE ="Target Definition"/>
        <CONNECTOR FROMFIELD ="SRC_SYS_NM" FROMINSTANCE ="UN_INSERT_UPDATE" FROMINSTANCETYPE ="Custom Transformation" TOFIELD ="SRC_SYS_NM" TOINSTANCE ="Shortcut_to_EMP_STORE_ASSOC" TOINSTANCETYPE ="Target Definition"/>
        <CONNECTOR FROMFIELD ="CO_CD" FROMINSTANCE ="Shortcut_to_LT_EMP_STORE_ASSOC" FROMINSTANCETYPE ="Source Definition" TOFIELD ="CO_CD" TOINSTANCE ="SQ_EMP_STORE_ASSOC_INSERT" TOINSTANCETYPE ="Source Qualifier"/>
        <CONNECTOR FROMFIELD ="IS_PRI_LOC" FROMINSTANCE ="Shortcut_to_LT_EMP_STORE_ASSOC" FROMINSTANCETYPE ="Source Definition" TOFIELD ="IS_PRI_LOC" TOINSTANCE ="SQ_EMP_STORE_ASSOC_INSERT" TOINSTANCETYPE ="Source Qualifier"/>
        <CONNECTOR FROMFIELD ="SRC_SYS_NM" FROMINSTANCE ="Shortcut_to_LT_EMP_STORE_ASSOC" FROMINSTANCETYPE ="Source Definition" TOFIELD ="SRC_SYS_NM" TOINSTANCE ="SQ_EMP_STORE_ASSOC_INSERT" TOINSTANCETYPE ="Source Qualifier"/>
        <CONNECTOR FROMFIELD ="EMP_SEQ_ID" FROMINSTANCE ="Shortcut_to_EMP" FROMINSTANCETYPE ="Source Definition" TOFIELD ="EMP_SEQ_ID" TOINSTANCE ="SQ_EMP_STORE_ASSOC_INSERT" TOINSTANCETYPE ="Source Qualifier"/>
        <CONNECTOR FROMFIELD ="STORE_SEQ_ID" FROMINSTANCE ="Shortcut_to_STORE" FROMINSTANCETYPE ="Source Definition" TOFIELD ="STORE_SEQ_ID" TOINSTANCE ="SQ_EMP_STORE_ASSOC_INSERT" TOINSTANCETYPE ="Source Qualifier"/>
        <CONNECTOR FROMFIELD ="STORE_SEQ_ID" FROMINSTANCE ="Shortcut_to_STORE" FROMINSTANCETYPE ="Source Definition" TOFIELD ="EMP_STORE_SEQ_ID" TOINSTANCE ="SQ_EMP_STORE_ASSOC_INSERT" TOINSTANCETYPE ="Source Qualifier"/>
        <CONNECTOR FROMFIELD ="EMP_SEQ_ID" FROMINSTANCE ="SQ_EMP_STORE_ASSOC_INSERT" FROMINSTANCETYPE ="Source Qualifier" TOFIELD ="EMP_SEQ_ID" TOINSTANCE ="EXP_INSERT" TOINSTANCETYPE ="Expression"/>
        <CONNECTOR FROMFIELD ="STORE_SEQ_ID" FROMINSTANCE ="SQ_EMP_STORE_ASSOC_INSERT" FROMINSTANCETYPE ="Source Qualifier" TOFIELD ="STORE_SEQ_ID" TOINSTANCE ="EXP_INSERT" TOINSTANCETYPE ="Expression"/>
        <CONNECTOR FROMFIELD ="IS_PRI_LOC" FROMINSTANCE ="SQ_EMP_STORE_ASSOC_INSERT" FROMINSTANCETYPE ="Source Qualifier" TOFIELD ="IS_PRI_LOC" TOINSTANCE ="EXP_INSERT" TOINSTANCETYPE ="Expression"/>
        <CONNECTOR FROMFIELD ="CO_CD" FROMINSTANCE ="SQ_EMP_STORE_ASSOC_INSERT" FROMINSTANCETYPE ="Source Qualifier" TOFIELD ="CO_CD" TOINSTANCE ="EXP_INSERT" TOINSTANCETYPE ="Expression"/>
        <CONNECTOR FROMFIELD ="EMP_STORE_SEQ_ID" FROMINSTANCE ="SQ_EMP_STORE_ASSOC_INSERT" FROMINSTANCETYPE ="Source Qualifier" TOFIELD ="EMP_STORE_SEQ_ID" TOINSTANCE ="EXP_INSERT" TOINSTANCETYPE ="Expression"/>
        <CONNECTOR FROMFIELD ="SRC_SYS_NM" FROMINSTANCE ="SQ_EMP_STORE_ASSOC_INSERT" FROMINSTANCETYPE ="Source Qualifier" TOFIELD ="SRC_SYS_NM" TOINSTANCE ="EXP_INSERT" TOINSTANCETYPE ="Expression"/>
        <CONNECTOR FROMFIELD ="EMP_SEQ_ID" FROMINSTANCE ="EXP_INSERT" FROMINSTANCETYPE ="Expression" TOFIELD ="EMP_SEQ_ID1" TOINSTANCE ="UN_INSERT_UPDATE" TOINSTANCETYPE ="Custom Transformation"/>
        <CONNECTOR FROMFIELD ="STORE_SEQ_ID" FROMINSTANCE ="EXP_INSERT" FROMINSTANCETYPE ="Expression" TOFIELD ="STORE_SEQ_ID1" TOINSTANCE ="UN_INSERT_UPDATE" TOINSTANCETYPE ="Custom Transformation"/>
        <CONNECTOR FROMFIELD ="IS_PRI_LOC" FROMINSTANCE ="EXP_INSERT" FROMINSTANCETYPE ="Expression" TOFIELD ="PRI_LOC_IND1" TOINSTANCE ="UN_INSERT_UPDATE" TOINSTANCETYPE ="Custom Transformation"/>
        <CONNECTOR FROMFIELD ="CO_CD" FROMINSTANCE ="EXP_INSERT" FROMINSTANCETYPE ="Expression" TOFIELD ="CO_CD1" TOINSTANCE ="UN_INSERT_UPDATE" TOINSTANCETYPE ="Custom Transformation"/>
        <CONNECTOR FROMFIELD ="EDW_BATCH_ID" FROMINSTANCE ="EXP_INSERT" FROMINSTANCETYPE ="Expression" TOFIELD ="EDW_BATCH_ID1" TOINSTANCE ="UN_INSERT_UPDATE" TOINSTANCETYPE ="Custom Transformation"/>
        <CONNECTOR FROMFIELD ="EDW_CREATE_DTTM" FROMINSTANCE ="EXP_INSERT" FROMINSTANCETYPE ="Expression" TOFIELD ="EDW_CREATE_DTTM1" TOINSTANCE ="UN_INSERT_UPDATE" TOINSTANCETYPE ="Custom Transformation"/>
        <CONNECTOR FROMFIELD ="EDW_UPDATE_DTTM" FROMINSTANCE ="EXP_INSERT" FROMINSTANCETYPE ="Expression" TOFIELD ="EDW_UPDATE_DTTM1" TOINSTANCE ="UN_INSERT_UPDATE" TOINSTANCETYPE ="Custom Transformation"/>
        <CONNECTOR FROMFIELD ="EFC_DT" FROMINSTANCE ="EXP_INSERT" FROMINSTANCETYPE ="Expression" TOFIELD ="EFC_DT1" TOINSTANCE ="UN_INSERT_UPDATE" TOINSTANCETYPE ="Custom Transformation"/>
        <CONNECTOR FROMFIELD ="END_DT" FROMINSTANCE ="EXP_INSERT" FROMINSTANCETYPE ="Expression" TOFIELD ="END_DT1" TOINSTANCE ="UN_INSERT_UPDATE" TOINSTANCETYPE ="Custom Transformation"/>
        <CONNECTOR FROMFIELD ="ACT_IND" FROMINSTANCE ="EXP_INSERT" FROMINSTANCETYPE ="Expression" TOFIELD ="ACT_IND1" TOINSTANCE ="UN_INSERT_UPDATE" TOINSTANCETYPE ="Custom Transformation"/>
        <CONNECTOR FROMFIELD ="EMP_STORE_SEQ_ID" FROMINSTANCE ="EXP_INSERT" FROMINSTANCETYPE ="Expression" TOFIELD ="EMP_STORE_ASSOC_SEQ_ID1" TOINSTANCE ="UN_INSERT_UPDATE" TOINSTANCETYPE ="Custom Transformation"/>
        <CONNECTOR FROMFIELD ="SRC_SYS_NM" FROMINSTANCE ="EXP_INSERT" FROMINSTANCETYPE ="Expression" TOFIELD ="SRC_SYS_NM1" TOINSTANCE ="UN_INSERT_UPDATE" TOINSTANCETYPE ="Custom Transformation"/>
        <TARGETLOADORDER ORDER ="1" TARGETINSTANCE ="Shortcut_to_EMP_STORE_ASSOC"/>
        <MAPPINGVARIABLE DATATYPE ="string" DEFAULTVALUE ="" DESCRIPTION ="" ISEXPRESSIONVARIABLE ="NO" ISPARAM ="YES" NAME ="$$BATCH_ID" PRECISION ="100" SCALE ="0" USERDEFINED ="YES"/>
        <MAPPINGVARIABLE DATATYPE ="string" DEFAULTVALUE ="$ParamTable_EMP_STORE_ASSOC" DESCRIPTION ="" ISEXPRESSIONVARIABLE ="NO" ISPARAM ="YES" NAME ="$$TBL_NAME" PRECISION ="100" SCALE ="0" USERDEFINED ="YES"/>
        <MAPPINGVARIABLE DATATYPE ="string" DEFAULTVALUE ="$ParamEFC_DT" DESCRIPTION ="" ISEXPRESSIONVARIABLE ="NO" ISPARAM ="YES" NAME ="$$EFC_DT" PRECISION ="10" SCALE ="0" USERDEFINED ="YES"/>
        <MAPPINGVARIABLE DATATYPE ="string" DEFAULTVALUE ="$ParamEND_DT" DESCRIPTION ="" ISEXPRESSIONVARIABLE ="NO" ISPARAM ="YES" NAME ="$$END_DT" PRECISION ="10" SCALE ="0" USERDEFINED ="YES"/>
        <ERPINFO/>
    </MAPPING>
    <SHORTCUT COMMENTS ="" DBDNAME ="TB_CORE" FOLDERNAME ="EDW_TechBrands_Shared" NAME ="Shortcut_to_STORE" OBJECTSUBTYPE ="Source Definition" OBJECTTYPE ="SOURCE" REFERENCEDDBD ="TB_CORE" REFERENCETYPE ="LOCAL" REFOBJECTNAME ="STORE" REPOSITORYNAME ="PWC_REPO_INFA_INT_DEV01" VERSIONNUMBER ="1"/>
    <SHORTCUT COMMENTS ="" DBDNAME ="TB_CORE" FOLDERNAME ="EDW_TechBrands_Shared" NAME ="Shortcut_to_EMP" OBJECTSUBTYPE ="Source Definition" OBJECTTYPE ="SOURCE" REFERENCEDDBD ="TB_CORE" REFERENCETYPE ="LOCAL" REFOBJECTNAME ="EMP" REPOSITORYNAME ="PWC_REPO_INFA_INT_DEV01" VERSIONNUMBER ="1"/>
    <SHORTCUT COMMENTS ="" DBDNAME ="TB_LAND" FOLDERNAME ="EDW_TechBrands_Shared" NAME ="Shortcut_to_LT_EMP_STORE_ASSOC" OBJECTSUBTYPE ="Source Definition" OBJECTTYPE ="SOURCE" REFERENCEDDBD ="TB_LAND" REFERENCETYPE ="LOCAL" REFOBJECTNAME ="LT_EMP_STORE_ASSOC" REPOSITORYNAME ="PWC_REPO_INFA_INT_DEV01" VERSIONNUMBER ="1"/>
    <SHORTCUT COMMENTS ="" FOLDERNAME ="EDW_TechBrands_Shared" NAME ="Shortcut_to_EMP_STORE_ASSOC" OBJECTSUBTYPE ="Target Definition" OBJECTTYPE ="TARGET" REFERENCETYPE ="LOCAL" REFOBJECTNAME ="EMP_STORE_ASSOC" REPOSITORYNAME ="PWC_REPO_INFA_INT_DEV01" VERSIONNUMBER ="1"/>
    <CONFIG DESCRIPTION ="Default session configuration object" ISDEFAULT ="YES" NAME ="default_session_config" VERSIONNUMBER ="1">
        <ATTRIBUTE NAME ="Advanced" VALUE =""/>
        <ATTRIBUTE NAME ="Constraint based load ordering" VALUE ="NO"/>
        <ATTRIBUTE NAME ="Cache LOOKUP() function" VALUE ="YES"/>
        <ATTRIBUTE NAME ="Default buffer block size" VALUE ="Auto"/>
        <ATTRIBUTE NAME ="Line Sequential buffer length" VALUE ="1024"/>
        <ATTRIBUTE NAME ="Maximum Memory Allowed For Auto Memory Attributes" VALUE ="512MB"/>
        <ATTRIBUTE NAME ="Maximum Percentage of Total Memory Allowed For Auto Memory Attributes" VALUE ="5"/>
        <ATTRIBUTE NAME ="Additional Concurrent Pipelines for Lookup Cache Creation" VALUE ="Auto"/>
        <ATTRIBUTE NAME ="Custom Properties" VALUE =""/>
        <ATTRIBUTE NAME ="Pre-build lookup cache" VALUE ="Auto"/>
        <ATTRIBUTE NAME ="Optimization Level" VALUE ="Medium"/>
        <ATTRIBUTE NAME ="DateTime Format String" VALUE ="MM/DD/YYYY HH24:MI:SS.US"/>
        <ATTRIBUTE NAME ="Pre 85 Timestamp Compatibility" VALUE ="NO"/>
        <ATTRIBUTE NAME ="Log Options" VALUE ="0"/>
        <ATTRIBUTE NAME ="Save session log by" VALUE ="Session runs"/>
        <ATTRIBUTE NAME ="Save session log for these runs" VALUE ="0"/>
        <ATTRIBUTE NAME ="Session Log File Max Size" VALUE ="0"/>
        <ATTRIBUTE NAME ="Session Log File Max Time Period" VALUE ="0"/>
        <ATTRIBUTE NAME ="Maximum Partial Session Log Files" VALUE ="1"/>
        <ATTRIBUTE NAME ="Writer Commit Statistics Log Frequency" VALUE ="1"/>
        <ATTRIBUTE NAME ="Writer Commit Statistics Log Interval" VALUE ="0"/>
        <ATTRIBUTE NAME ="Error handling" VALUE =""/>
        <ATTRIBUTE NAME ="Stop on errors" VALUE ="0"/>
        <ATTRIBUTE NAME ="Override tracing" VALUE ="None"/>
        <ATTRIBUTE NAME ="On Stored Procedure error" VALUE ="Stop"/>
        <ATTRIBUTE NAME ="On Pre-session command task error" VALUE ="Stop"/>
        <ATTRIBUTE NAME ="On Pre-Post SQL error" VALUE ="Stop"/>
        <ATTRIBUTE NAME ="Enable Recovery" VALUE ="NO"/>
        <ATTRIBUTE NAME ="Error Log Type" VALUE ="None"/>
        <ATTRIBUTE NAME ="Error Log Table Name Prefix" VALUE =""/>
        <ATTRIBUTE NAME ="Error Log File Name" VALUE ="PMError.log"/>
        <ATTRIBUTE NAME ="Log Source Row Data" VALUE ="NO"/>
        <ATTRIBUTE NAME ="Data Column Delimiter" VALUE ="|"/>
        <ATTRIBUTE NAME ="Partitioning Options" VALUE =""/>
        <ATTRIBUTE NAME ="Dynamic Partitioning" VALUE ="Disabled"/>
        <ATTRIBUTE NAME ="Number of Partitions" VALUE ="1"/>
        <ATTRIBUTE NAME ="Multiplication Factor" VALUE ="Auto"/>
        <ATTRIBUTE NAME ="Session on Grid" VALUE =""/>
        <ATTRIBUTE NAME ="Is Enabled" VALUE ="NO"/>
    </CONFIG>
    <TASK DESCRIPTION ="Use for failure emails in sessions." NAME ="Email_Session_Failure" REUSABLE ="YES" TYPE ="Email" VERSIONNUMBER ="1">
        <ATTRIBUTE NAME ="Email User Name" VALUE ="$PMFailureEmailUser"/>
        <ATTRIBUTE NAME ="Email Subject" VALUE ="INFORMATICA SESSION FAILURE: %w has failed"/>
        <ATTRIBUTE NAME ="Email Text" VALUE ="Please verify the session log file and take necessary action.&#xD;&#xA;&#xD;&#xA;Folder: %n&#xD;&#xA;Workflow Name: %w&#xD;&#xA;Workflow Run Instance Name: %z&#xD;&#xA;Session: %s&#xD;&#xA;Mapping: %m&#xD;&#xA;&#xD;&#xA;Session Start Time: %b&#xD;&#xA;Session Completion Time: %c&#xD;&#xA;Session Status: %e"/>
    </TASK>
    <SESSION DESCRIPTION ="" ISVALID ="YES" MAPPINGNAME ="m_LD2ST_111_ATT_EMPLOYEE_EMP_STORE_ASSOC" NAME ="s_m_LD2ST_111_ATT_EMPLOYEE_EMP_STORE_ASSOC" REUSABLE ="YES" SORTORDER ="Binary" VERSIONNUMBER ="1">
        <SESSTRANSFORMATIONINST ISREPARTITIONPOINT ="YES" PARTITIONTYPE ="PASS THROUGH" PIPELINE ="1" SINSTANCENAME ="Shortcut_to_EMP_STORE_ASSOC" STAGE ="1" TRANSFORMATIONNAME ="Shortcut_to_EMP_STORE_ASSOC" TRANSFORMATIONTYPE ="Target Definition">
            <ATTRIBUTE NAME ="Table Name Prefix" VALUE ="$ParamStageDB"/>
        </SESSTRANSFORMATIONINST>
        <SESSTRANSFORMATIONINST ISREPARTITIONPOINT ="NO" PIPELINE ="0" SINSTANCENAME ="Shortcut_to_LT_EMP_STORE_ASSOC" STAGE ="0" TRANSFORMATIONNAME ="Shortcut_to_LT_EMP_STORE_ASSOC" TRANSFORMATIONTYPE ="Source Definition"/>
        <SESSTRANSFORMATIONINST ISREPARTITIONPOINT ="NO" PIPELINE ="0" SINSTANCENAME ="Shortcut_to_EMP" STAGE ="0" TRANSFORMATIONNAME ="Shortcut_to_EMP" TRANSFORMATIONTYPE ="Source Definition"/>
        <SESSTRANSFORMATIONINST ISREPARTITIONPOINT ="NO" PIPELINE ="0" SINSTANCENAME ="Shortcut_to_STORE" STAGE ="0" TRANSFORMATIONNAME ="Shortcut_to_STORE" TRANSFORMATIONTYPE ="Source Definition"/>
        <SESSTRANSFORMATIONINST ISREPARTITIONPOINT ="YES" PARTITIONTYPE ="PASS THROUGH" PIPELINE ="1" SINSTANCENAME ="SQ_EMP_STORE_ASSOC_INSERT" STAGE ="2" TRANSFORMATIONNAME ="SQ_EMP_STORE_ASSOC_INSERT" TRANSFORMATIONTYPE ="Source Qualifier"/>
        <SESSTRANSFORMATIONINST ISREPARTITIONPOINT ="NO" PIPELINE ="1" SINSTANCENAME ="UN_INSERT_UPDATE" STAGE ="2" TRANSFORMATIONNAME ="UN_INSERT_UPDATE" TRANSFORMATIONTYPE ="Custom Transformation">
            <SESSTRANSFORMATIONGROUP GROUP ="INSERT"/>
            <PARTITION DESCRIPTION ="" NAME ="Partition #1"/>
        </SESSTRANSFORMATIONINST>
        <SESSTRANSFORMATIONINST ISREPARTITIONPOINT ="NO" PIPELINE ="1" SINSTANCENAME ="EXP_INSERT" STAGE ="2" TRANSFORMATIONNAME ="EXP_INSERT" TRANSFORMATIONTYPE ="Expression">
            <PARTITION DESCRIPTION ="" NAME ="Partition #1"/>
        </SESSTRANSFORMATIONINST>
        <CONFIGREFERENCE REFOBJECTNAME ="default_session_config" TYPE ="Session config">
            <ATTRIBUTE NAME ="Stop on errors" VALUE ="$PMSessionErrorThreshold"/>
        </CONFIGREFERENCE>
        <SESSIONCOMPONENT REFOBJECTNAME ="Email_Session_Failure" REUSABLE ="YES" TYPE ="Failure Email"/>
        <SESSIONEXTENSION NAME ="Relational Writer" SINSTANCENAME ="Shortcut_to_EMP_STORE_ASSOC" SUBTYPE ="Relational Writer" TRANSFORMATIONTYPE ="Target Definition" TYPE ="WRITER">
            <CONNECTIONREFERENCE CNXREFNAME ="DB Connection" CONNECTIONNAME ="" CONNECTIONNUMBER ="1" CONNECTIONSUBTYPE ="" CONNECTIONTYPE ="Relational" VARIABLE ="$DBConnection_TD_ODBC"/>
            <ATTRIBUTE NAME ="Target load type" VALUE ="Bulk"/>
            <ATTRIBUTE NAME ="Insert" VALUE ="YES"/>
            <ATTRIBUTE NAME ="Update as Update" VALUE ="NO"/>
            <ATTRIBUTE NAME ="Update as Insert" VALUE ="NO"/>
            <ATTRIBUTE NAME ="Update else Insert" VALUE ="NO"/>
            <ATTRIBUTE NAME ="Delete" VALUE ="NO"/>
            <ATTRIBUTE NAME ="Truncate target table option" VALUE ="YES"/>
            <ATTRIBUTE NAME ="Reject file directory" VALUE ="$PMBadFileDir&#x5c;"/>
            <ATTRIBUTE NAME ="Reject filename" VALUE ="shortcut_to_emp_store_assoc1.bad"/>
        </SESSIONEXTENSION>
        <SESSIONEXTENSION DSQINSTNAME ="SQ_EMP_STORE_ASSOC_INSERT" DSQINSTTYPE ="Source Qualifier" NAME ="Relational Reader" SINSTANCENAME ="Shortcut_to_LT_EMP_STORE_ASSOC" SUBTYPE ="Relational Reader" TRANSFORMATIONTYPE ="Source Definition" TYPE ="READER"/>
        <SESSIONEXTENSION DSQINSTNAME ="SQ_EMP_STORE_ASSOC_INSERT" DSQINSTTYPE ="Source Qualifier" NAME ="Relational Reader" SINSTANCENAME ="Shortcut_to_EMP" SUBTYPE ="Relational Reader" TRANSFORMATIONTYPE ="Source Definition" TYPE ="READER"/>
        <SESSIONEXTENSION DSQINSTNAME ="SQ_EMP_STORE_ASSOC_INSERT" DSQINSTTYPE ="Source Qualifier" NAME ="Relational Reader" SINSTANCENAME ="Shortcut_to_STORE" SUBTYPE ="Relational Reader" TRANSFORMATIONTYPE ="Source Definition" TYPE ="READER"/>
        <SESSIONEXTENSION NAME ="Relational Reader" SINSTANCENAME ="SQ_EMP_STORE_ASSOC_INSERT" SUBTYPE ="Relational Reader" TRANSFORMATIONTYPE ="Source Qualifier" TYPE ="READER">
            <CONNECTIONREFERENCE CNXREFNAME ="DB Connection" CONNECTIONNAME ="" CONNECTIONNUMBER ="1" CONNECTIONSUBTYPE ="" CONNECTIONTYPE ="Relational" VARIABLE ="$DBConnection_TD_ODBC"/>
        </SESSIONEXTENSION>
        <ATTRIBUTE NAME ="General Options" VALUE =""/>
        <ATTRIBUTE NAME ="Write Backward Compatible Session Log File" VALUE ="NO"/>
        <ATTRIBUTE NAME ="Session Log File Name" VALUE ="s_m_LD2ST_111_ATT_EMPLOYEE_EMP_STORE_ASSOC.log"/>
        <ATTRIBUTE NAME ="Session Log File directory" VALUE ="$PMSessionLogDir&#x5c;"/>
        <ATTRIBUTE NAME ="Parameter Filename" VALUE ="$$SessFileTgtPath$$SessFileName"/>
        <ATTRIBUTE NAME ="Enable Test Load" VALUE ="NO"/>
        <ATTRIBUTE NAME ="$Source connection value" VALUE =""/>
        <ATTRIBUTE NAME ="$Target connection value" VALUE =""/>
        <ATTRIBUTE NAME ="Treat source rows as" VALUE ="Insert"/>
        <ATTRIBUTE NAME ="Commit Type" VALUE ="Target"/>
        <ATTRIBUTE NAME ="Commit Interval" VALUE ="10000"/>
        <ATTRIBUTE NAME ="Commit On End Of File" VALUE ="YES"/>
        <ATTRIBUTE NAME ="Rollback Transactions on Errors" VALUE ="NO"/>
        <ATTRIBUTE NAME ="Recovery Strategy" VALUE ="Fail task and continue workflow"/>
        <ATTRIBUTE NAME ="Java Classpath" VALUE =""/>
        <ATTRIBUTE NAME ="Performance" VALUE =""/>
        <ATTRIBUTE NAME ="DTM buffer size" VALUE ="Auto"/>
        <ATTRIBUTE NAME ="Collect performance data" VALUE ="NO"/>
        <ATTRIBUTE NAME ="Write performance data to repository" VALUE ="NO"/>
        <ATTRIBUTE NAME ="Incremental Aggregation" VALUE ="NO"/>
        <ATTRIBUTE NAME ="Enable high precision" VALUE ="NO"/>
        <ATTRIBUTE NAME ="Session retry on deadlock" VALUE ="NO"/>
        <ATTRIBUTE NAME ="Pushdown Optimization" VALUE ="Full"/>
        <ATTRIBUTE NAME ="Allow Temporary View for Pushdown" VALUE ="NO"/>
        <ATTRIBUTE NAME ="Allow Temporary Sequence for Pushdown" VALUE ="NO"/>
        <ATTRIBUTE NAME ="Allow Pushdown for User Incompatible Connections" VALUE ="NO"/>
    </SESSION>
    <WORKFLOW DESCRIPTION ="" ISENABLED ="YES" ISRUNNABLESERVICE ="NO" ISSERVICE ="NO" ISVALID ="YES" NAME ="wf_ATT_EMP_STORE_ASSOC_LND2STG" REUSABLE_SCHEDULER ="NO" SCHEDULERNAME ="Scheduler" SERVERNAME ="PWC_SRVC_INFA_INT_DEV01" SERVER_DOMAINNAME ="Domain_INFA_INT_DEV01" SUSPEND_ON_ERROR ="NO" TASKS_MUST_RUN_ON_SERVER ="NO" VERSIONNUMBER ="1">
        <SCHEDULER DESCRIPTION ="" NAME ="Scheduler" REUSABLE ="NO" VERSIONNUMBER ="1">
            <SCHEDULEINFO SCHEDULETYPE ="ONDEMAND"/>
        </SCHEDULER>
        <TASK DESCRIPTION ="" NAME ="Start" REUSABLE ="NO" TYPE ="Start" VERSIONNUMBER ="1"/>
        <TASKINSTANCE DESCRIPTION ="" ISENABLED ="YES" NAME ="Start" REUSABLE ="NO" TASKNAME ="Start" TASKTYPE ="Start"/>
        <TASKINSTANCE DESCRIPTION ="" FAIL_PARENT_IF_INSTANCE_DID_NOT_RUN ="NO" FAIL_PARENT_IF_INSTANCE_FAILS ="YES" ISENABLED ="YES" NAME ="s_m_LD2ST_111_ATT_EMPLOYEE_EMP_STORE_ASSOC" REUSABLE ="YES" TASKNAME ="s_m_LD2ST_111_ATT_EMPLOYEE_EMP_STORE_ASSOC" TASKTYPE ="Session" TREAT_INPUTLINK_AS_AND ="YES"/>
        <WORKFLOWLINK CONDITION ="" FROMTASK ="Start" TOTASK ="s_m_LD2ST_111_ATT_EMPLOYEE_EMP_STORE_ASSOC"/>
        <WORKFLOWVARIABLE DATATYPE ="date/time" DEFAULTVALUE ="" DESCRIPTION ="The time this task started" ISNULL ="NO" ISPERSISTENT ="NO" NAME ="$Start.StartTime" USERDEFINED ="NO"/>
        <WORKFLOWVARIABLE DATATYPE ="date/time" DEFAULTVALUE ="" DESCRIPTION ="The time this task completed" ISNULL ="NO" ISPERSISTENT ="NO" NAME ="$Start.EndTime" USERDEFINED ="NO"/>
        <WORKFLOWVARIABLE DATATYPE ="integer" DEFAULTVALUE ="" DESCRIPTION ="Status of this task&apos;s execution" ISNULL ="NO" ISPERSISTENT ="NO" NAME ="$Start.Status" USERDEFINED ="NO"/>
        <WORKFLOWVARIABLE DATATYPE ="integer" DEFAULTVALUE ="" DESCRIPTION ="Status of the previous task that is not disabled" ISNULL ="NO" ISPERSISTENT ="NO" NAME ="$Start.PrevTaskStatus" USERDEFINED ="NO"/>
        <WORKFLOWVARIABLE DATATYPE ="integer" DEFAULTVALUE ="" DESCRIPTION ="Error code for this task&apos;s execution" ISNULL ="NO" ISPERSISTENT ="NO" NAME ="$Start.ErrorCode" USERDEFINED ="NO"/>
        <WORKFLOWVARIABLE DATATYPE ="string" DEFAULTVALUE ="" DESCRIPTION ="Error message for this task&apos;s execution" ISNULL ="NO" ISPERSISTENT ="NO" NAME ="$Start.ErrorMsg" USERDEFINED ="NO"/>
        <WORKFLOWVARIABLE DATATYPE ="date/time" DEFAULTVALUE ="" DESCRIPTION ="The time this task started" ISNULL ="NO" ISPERSISTENT ="NO" NAME ="$s_m_LD2ST_111_ATT_EMPLOYEE_EMP_STORE_ASSOC.StartTime" USERDEFINED ="NO"/>
        <WORKFLOWVARIABLE DATATYPE ="date/time" DEFAULTVALUE ="" DESCRIPTION ="The time this task completed" ISNULL ="NO" ISPERSISTENT ="NO" NAME ="$s_m_LD2ST_111_ATT_EMPLOYEE_EMP_STORE_ASSOC.EndTime" USERDEFINED ="NO"/>
        <WORKFLOWVARIABLE DATATYPE ="integer" DEFAULTVALUE ="" DESCRIPTION ="Status of this task&apos;s execution" ISNULL ="NO" ISPERSISTENT ="NO" NAME ="$s_m_LD2ST_111_ATT_EMPLOYEE_EMP_STORE_ASSOC.Status" USERDEFINED ="NO"/>
        <WORKFLOWVARIABLE DATATYPE ="integer" DEFAULTVALUE ="" DESCRIPTION ="Status of the previous task that is not disabled" ISNULL ="NO" ISPERSISTENT ="NO" NAME ="$s_m_LD2ST_111_ATT_EMPLOYEE_EMP_STORE_ASSOC.PrevTaskStatus" USERDEFINED ="NO"/>
        <WORKFLOWVARIABLE DATATYPE ="integer" DEFAULTVALUE ="" DESCRIPTION ="Error code for this task&apos;s execution" ISNULL ="NO" ISPERSISTENT ="NO" NAME ="$s_m_LD2ST_111_ATT_EMPLOYEE_EMP_STORE_ASSOC.ErrorCode" USERDEFINED ="NO"/>
        <WORKFLOWVARIABLE DATATYPE ="string" DEFAULTVALUE ="" DESCRIPTION ="Error message for this task&apos;s execution" ISNULL ="NO" ISPERSISTENT ="NO" NAME ="$s_m_LD2ST_111_ATT_EMPLOYEE_EMP_STORE_ASSOC.ErrorMsg" USERDEFINED ="NO"/>
        <WORKFLOWVARIABLE DATATYPE ="integer" DEFAULTVALUE ="" DESCRIPTION ="Rows successfully read" ISNULL ="NO" ISPERSISTENT ="NO" NAME ="$s_m_LD2ST_111_ATT_EMPLOYEE_EMP_STORE_ASSOC.SrcSuccessRows" USERDEFINED ="NO"/>
        <WORKFLOWVARIABLE DATATYPE ="integer" DEFAULTVALUE ="" DESCRIPTION ="Rows failed to read" ISNULL ="NO" ISPERSISTENT ="NO" NAME ="$s_m_LD2ST_111_ATT_EMPLOYEE_EMP_STORE_ASSOC.SrcFailedRows" USERDEFINED ="NO"/>
        <WORKFLOWVARIABLE DATATYPE ="integer" DEFAULTVALUE ="" DESCRIPTION ="Rows successfully loaded" ISNULL ="NO" ISPERSISTENT ="NO" NAME ="$s_m_LD2ST_111_ATT_EMPLOYEE_EMP_STORE_ASSOC.TgtSuccessRows" USERDEFINED ="NO"/>
        <WORKFLOWVARIABLE DATATYPE ="integer" DEFAULTVALUE ="" DESCRIPTION ="Rows failed to load" ISNULL ="NO" ISPERSISTENT ="NO" NAME ="$s_m_LD2ST_111_ATT_EMPLOYEE_EMP_STORE_ASSOC.TgtFailedRows" USERDEFINED ="NO"/>
        <WORKFLOWVARIABLE DATATYPE ="integer" DEFAULTVALUE ="" DESCRIPTION ="Total number of transformation errors" ISNULL ="NO" ISPERSISTENT ="NO" NAME ="$s_m_LD2ST_111_ATT_EMPLOYEE_EMP_STORE_ASSOC.TotalTransErrors" USERDEFINED ="NO"/>
        <WORKFLOWVARIABLE DATATYPE ="integer" DEFAULTVALUE ="" DESCRIPTION ="First error code" ISNULL ="NO" ISPERSISTENT ="NO" NAME ="$s_m_LD2ST_111_ATT_EMPLOYEE_EMP_STORE_ASSOC.FirstErrorCode" USERDEFINED ="NO"/>
        <WORKFLOWVARIABLE DATATYPE ="string" DEFAULTVALUE ="" DESCRIPTION ="First error message" ISNULL ="NO" ISPERSISTENT ="NO" NAME ="$s_m_LD2ST_111_ATT_EMPLOYEE_EMP_STORE_ASSOC.FirstErrorMsg" USERDEFINED ="NO"/>
        <WORKFLOWVARIABLE DATATYPE ="nstring" DEFAULTVALUE ="" DESCRIPTION ="" ISNULL ="NO" ISPERSISTENT ="NO" NAME ="$$SessFileTgtPath" USERDEFINED ="YES"/>
        <WORKFLOWVARIABLE DATATYPE ="nstring" DEFAULTVALUE ="" DESCRIPTION ="" ISNULL ="NO" ISPERSISTENT ="NO" NAME ="$$SessFileName" USERDEFINED ="YES"/>
        <ATTRIBUTE NAME ="Parameter Filename" VALUE ="$PMRootDir&#x5c;ParmFiles&#x5c;EDW_TechBrands&#x5c;wf_ATT_EMPLOYEE.prm"/>
        <ATTRIBUTE NAME ="Write Backward Compatible Workflow Log File" VALUE ="NO"/>
        <ATTRIBUTE NAME ="Workflow Log File Name" VALUE ="wf_ATT_EMP_STORE_ASSOC_LND2STG.log"/>
        <ATTRIBUTE NAME ="Workflow Log File Directory" VALUE ="$PMWorkflowLogDir&#x5c;"/>
        <ATTRIBUTE NAME ="Save Workflow log by" VALUE ="By runs"/>
        <ATTRIBUTE NAME ="Save workflow log for these runs" VALUE ="0"/>
        <ATTRIBUTE NAME ="Service Name" VALUE =""/>
        <ATTRIBUTE NAME ="Service Timeout" VALUE ="0"/>
        <ATTRIBUTE NAME ="Is Service Visible" VALUE ="NO"/>
        <ATTRIBUTE NAME ="Is Service Protected" VALUE ="NO"/>
        <ATTRIBUTE NAME ="Fail task after wait time" VALUE ="0"/>
        <ATTRIBUTE NAME ="Enable HA recovery" VALUE ="NO"/>
        <ATTRIBUTE NAME ="Automatically recover terminated tasks" VALUE ="NO"/>
        <ATTRIBUTE NAME ="Service Level Name" VALUE ="Default"/>
        <ATTRIBUTE NAME ="Allow concurrent run with unique run instance name" VALUE ="NO"/>
        <ATTRIBUTE NAME ="Allow concurrent run with same run instance name" VALUE ="YES"/>
        <ATTRIBUTE NAME ="Maximum number of concurrent runs" VALUE ="0"/>
        <ATTRIBUTE NAME ="Assigned Web Services Hubs" VALUE =""/>
        <ATTRIBUTE NAME ="Maximum number of concurrent runs per Hub" VALUE ="1000"/>
        <ATTRIBUTE NAME ="Expected Service Time" VALUE ="1"/>
    </WORKFLOW>
</FOLDER>
</REPOSITORY>
</POWERMART>