<?xml version="1.0" encoding="Windows-1252"?>
<!DOCTYPE POWERMART SYSTEM "powrmart.dtd">
<POWERMART CREATION_DATE="12/21/2017 09:24:32" REPOSITORY_VERSION="184.93">
<REPOSITORY NAME="PWC_REPO_INFA_INT_DEV01" VERSION="184" CODEPAGE="MS1252" DATABASETYPE="Microsoft SQL Server">
<FOLDER NAME="EDW_TechBrands_Shared" GROUP="" OWNER="509784" SHARED="SHARED" DESCRIPTION="" PERMISSIONS="rwx---r-x" UUID="4f929f9d-dc0b-41c0-b2c8-77b5bcccb575">
    <SOURCE BUSINESSNAME ="" DATABASETYPE ="Teradata" DBDNAME ="TB_LAND" DESCRIPTION ="" NAME ="ETL_BATCH_RUN" OBJECTVERSION ="1" OWNERNAME ="TBLANDDEV" VERSIONNUMBER ="1">
        <SOURCEFIELD BUSINESSNAME ="" DATATYPE ="bigint" DESCRIPTION ="" FIELDNUMBER ="1" FIELDPROPERTY ="0" FIELDTYPE ="ELEMITEM" HIDDEN ="NO" KEYTYPE ="NOT A KEY" LENGTH ="20" LEVEL ="0" NAME ="EDW_BATCH_ID" NULLABLE ="NOTNULL" OCCURS ="0" OFFSET ="0" PHYSICALLENGTH ="19" PHYSICALOFFSET ="0" PICTURETEXT ="" PRECISION ="19" SCALE ="0" USAGE_FLAGS =""/>
        <SOURCEFIELD BUSINESSNAME ="" DATATYPE ="timestamp" DESCRIPTION ="" FIELDNUMBER ="2" FIELDPROPERTY ="0" FIELDTYPE ="ELEMITEM" HIDDEN ="NO" KEYTYPE ="NOT A KEY" LENGTH ="19" LEVEL ="0" NAME ="START_TIME" NULLABLE ="NOTNULL" OCCURS ="0" OFFSET ="20" PHYSICALLENGTH ="26" PHYSICALOFFSET ="19" PICTURETEXT ="" PRECISION ="26" SCALE ="6" USAGE_FLAGS =""/>
        <SOURCEFIELD BUSINESSNAME ="" DATATYPE ="timestamp" DESCRIPTION ="" FIELDNUMBER ="3" FIELDPROPERTY ="0" FIELDTYPE ="ELEMITEM" HIDDEN ="NO" KEYTYPE ="NOT A KEY" LENGTH ="19" LEVEL ="0" NAME ="END_TIME" NULLABLE ="NULL" OCCURS ="0" OFFSET ="39" PHYSICALLENGTH ="26" PHYSICALOFFSET ="45" PICTURETEXT ="" PRECISION ="26" SCALE ="6" USAGE_FLAGS =""/>
        <SOURCEFIELD BUSINESSNAME ="" DATATYPE ="varchar" DESCRIPTION ="" FIELDNUMBER ="4" FIELDPROPERTY ="0" FIELDTYPE ="ELEMITEM" HIDDEN ="NO" KEYTYPE ="NOT A KEY" LENGTH ="0" LEVEL ="0" NAME ="SYS_NM" NULLABLE ="NOTNULL" OCCURS ="0" OFFSET ="58" PHYSICALLENGTH ="50" PHYSICALOFFSET ="71" PICTURETEXT ="" PRECISION ="50" SCALE ="0" USAGE_FLAGS =""/>
        <SOURCEFIELD BUSINESSNAME ="" DATATYPE ="varchar" DESCRIPTION ="" FIELDNUMBER ="5" FIELDPROPERTY ="0" FIELDTYPE ="ELEMITEM" HIDDEN ="NO" KEYTYPE ="NOT A KEY" LENGTH ="0" LEVEL ="0" NAME ="BATCH_STATUS" NULLABLE ="NULL" OCCURS ="0" OFFSET ="58" PHYSICALLENGTH ="20" PHYSICALOFFSET ="121" PICTURETEXT ="" PRECISION ="20" SCALE ="0" USAGE_FLAGS =""/>
        <SOURCEFIELD BUSINESSNAME ="" DATATYPE ="varchar" DESCRIPTION ="" FIELDNUMBER ="6" FIELDPROPERTY ="0" FIELDTYPE ="ELEMITEM" HIDDEN ="NO" KEYTYPE ="NOT A KEY" LENGTH ="0" LEVEL ="0" NAME ="COMPANY_CD" NULLABLE ="NULL" OCCURS ="0" OFFSET ="58" PHYSICALLENGTH ="20" PHYSICALOFFSET ="141" PICTURETEXT ="" PRECISION ="20" SCALE ="0" USAGE_FLAGS =""/>
    </SOURCE>
    <TARGET BUSINESSNAME ="" CONSTRAINT ="" DATABASETYPE ="Teradata" DESCRIPTION ="" NAME ="ETL_BATCH_RUN" OBJECTVERSION ="1" TABLEOPTIONS ="" VERSIONNUMBER ="1">
        <TARGETFIELD BUSINESSNAME ="" DATATYPE ="bigint" DESCRIPTION ="" FIELDNUMBER ="1" KEYTYPE ="PRIMARY KEY" NAME ="EDW_BATCH_ID" NULLABLE ="NOTNULL" PICTURETEXT ="" PRECISION ="19" SCALE ="0"/>
        <TARGETFIELD BUSINESSNAME ="" DATATYPE ="timestamp" DESCRIPTION ="" FIELDNUMBER ="2" KEYTYPE ="NOT A KEY" NAME ="START_TIME" NULLABLE ="NOTNULL" PICTURETEXT ="" PRECISION ="26" SCALE ="6"/>
        <TARGETFIELD BUSINESSNAME ="" DATATYPE ="timestamp" DESCRIPTION ="" FIELDNUMBER ="3" KEYTYPE ="NOT A KEY" NAME ="END_TIME" NULLABLE ="NULL" PICTURETEXT ="" PRECISION ="26" SCALE ="6"/>
        <TARGETFIELD BUSINESSNAME ="" DATATYPE ="varchar" DESCRIPTION ="" FIELDNUMBER ="4" KEYTYPE ="NOT A KEY" NAME ="SYS_NM" NULLABLE ="NOTNULL" PICTURETEXT ="" PRECISION ="50" SCALE ="0"/>
        <TARGETFIELD BUSINESSNAME ="" DATATYPE ="varchar" DESCRIPTION ="" FIELDNUMBER ="5" KEYTYPE ="NOT A KEY" NAME ="BATCH_STATUS" NULLABLE ="NULL" PICTURETEXT ="" PRECISION ="20" SCALE ="0"/>
        <TARGETFIELD BUSINESSNAME ="" DATATYPE ="varchar" DESCRIPTION ="" FIELDNUMBER ="6" KEYTYPE ="NOT A KEY" NAME ="COMPANY_CD" NULLABLE ="NULL" PICTURETEXT ="" PRECISION ="20" SCALE ="0"/>
    </TARGET>
    <TARGET BUSINESSNAME ="" CONSTRAINT ="" DATABASETYPE ="Flat File" DESCRIPTION ="" NAME ="FF_SESS_PARAM_FILE" OBJECTVERSION ="1" TABLEOPTIONS ="" VERSIONNUMBER ="1">
        <FLATFILE CODEPAGE ="MS1252" CONSECDELIMITERSASONE ="NO" DELIMITED ="YES" DELIMITERS ="," ESCAPE_CHARACTER ="" KEEPESCAPECHAR ="NO" LINESEQUENTIAL ="NO" MULTIDELIMITERSASAND ="NO" NULLCHARTYPE ="ASCII" NULL_CHARACTER ="*" PADBYTES ="1" QUOTE_CHARACTER ="NONE" REPEATABLE ="NO" ROWDELIMITER ="0" SKIPROWS ="0" STRIPTRAILINGBLANKS ="NO"/>
        <TARGETFIELD BUSINESSNAME ="" DATATYPE ="string" DESCRIPTION ="" FIELDNUMBER ="1" KEYTYPE ="NOT A KEY" NAME ="PARAMETER" NULLABLE ="NULL" PICTURETEXT ="" PRECISION ="1000" SCALE ="0"/>
        <TABLEATTRIBUTE NAME ="Datetime Format" VALUE ="A  19 mm/dd/yyyy hh24:mi:ss"/>
        <TABLEATTRIBUTE NAME ="Thousand Separator" VALUE ="None"/>
        <TABLEATTRIBUTE NAME ="Decimal Separator" VALUE ="."/>
        <TABLEATTRIBUTE NAME ="Line Endings" VALUE ="System default"/>
    </TARGET>
</FOLDER>
<FOLDER NAME="~v_ybodire" GROUP="" OWNER="509784" SHARED="NOTSHARED" DESCRIPTION="Sogeti offshore Lead" PERMISSIONS="rwx---r--" UUID="d3c0506c-207a-4fdb-9a01-1262fb413781">
    <MAPPING DESCRIPTION ="" ISVALID ="YES" NAME ="m_ETL_LOAD_START" OBJECTVERSION ="1" VERSIONNUMBER ="5">
        <TRANSFORMATION DESCRIPTION ="" NAME ="SQ_ETL_BATCH_RUN" OBJECTVERSION ="1" REUSABLE ="NO" TYPE ="Source Qualifier" VERSIONNUMBER ="2">
            <TRANSFORMFIELD DATATYPE ="bigint" DEFAULTVALUE ="" DESCRIPTION ="" NAME ="Dummy" PICTURETEXT ="" PORTTYPE ="INPUT/OUTPUT" PRECISION ="19" SCALE ="0"/>
            <TABLEATTRIBUTE NAME ="Sql Query" VALUE ="SELECT 0"/>
            <TABLEATTRIBUTE NAME ="User Defined Join" VALUE =""/>
            <TABLEATTRIBUTE NAME ="Source Filter" VALUE =""/>
            <TABLEATTRIBUTE NAME ="Number Of Sorted Ports" VALUE ="0"/>
            <TABLEATTRIBUTE NAME ="Tracing Level" VALUE ="Normal"/>
            <TABLEATTRIBUTE NAME ="Select Distinct" VALUE ="NO"/>
            <TABLEATTRIBUTE NAME ="Is Partitionable" VALUE ="NO"/>
            <TABLEATTRIBUTE NAME ="Pre SQL" VALUE =""/>
            <TABLEATTRIBUTE NAME ="Post SQL" VALUE =""/>
            <TABLEATTRIBUTE NAME ="Output is deterministic" VALUE ="NO"/>
            <TABLEATTRIBUTE NAME ="Output is repeatable" VALUE ="Never"/>
        </TRANSFORMATION>
        <TRANSFORMATION DESCRIPTION ="" NAME ="LKP_ETL_BATCH_RUN" OBJECTVERSION ="1" REUSABLE ="NO" TYPE ="Lookup Procedure" VERSIONNUMBER ="4">
            <TRANSFORMFIELD DATATYPE ="bigint" DEFAULTVALUE ="" DESCRIPTION ="" NAME ="EDW_BATCH_ID" PICTURETEXT ="" PORTTYPE ="LOOKUP/OUTPUT" PRECISION ="19" SCALE ="0"/>
            <TRANSFORMFIELD DATATYPE ="bigint" DEFAULTVALUE ="" DESCRIPTION ="" NAME ="Dummy_tgt" PICTURETEXT ="" PORTTYPE ="LOOKUP/OUTPUT" PRECISION ="19" SCALE ="0"/>
            <TRANSFORMFIELD DATATYPE ="bigint" DEFAULTVALUE ="" DESCRIPTION ="" NAME ="Dummy" PICTURETEXT ="" PORTTYPE ="INPUT/OUTPUT" PRECISION ="19" SCALE ="0"/>
            <TABLEATTRIBUTE NAME ="Lookup Sql Override" VALUE ="SELECT &#xD;&#xA;&#x9;EDW_BATCH_ID  AS EDW_BATCH_ID, &#xD;&#xA;&#x9;0 AS Dummy_tgt &#xD;&#xA;FROM $ParamLandDB.ETL_BATCH_RUN &#xD;&#xA;WHERE &#xD;&#xA;END_TIME IS NULL AND &#xD;&#xA;SYS_NM=&apos;$ParamSYS_NM&apos; AND &#xD;&#xA;COMPANY_CD=&apos;$ParamCO_CD&apos; AND&#xD;&#xA;BATCH_STATUS=&apos;In Progress&apos; &#xD;&#xA;--"/>
            <TABLEATTRIBUTE NAME ="Lookup table name" VALUE ="ETL_BATCH_RUN"/>
            <TABLEATTRIBUTE NAME ="Lookup Source Filter" VALUE =""/>
            <TABLEATTRIBUTE NAME ="Lookup caching enabled" VALUE ="YES"/>
            <TABLEATTRIBUTE NAME ="Lookup policy on multiple match" VALUE ="Use Any Value"/>
            <TABLEATTRIBUTE NAME ="Lookup condition" VALUE ="Dummy_tgt = Dummy"/>
            <TABLEATTRIBUTE NAME ="Connection Information" VALUE ="$Target"/>
            <TABLEATTRIBUTE NAME ="Source Type" VALUE ="Database"/>
            <TABLEATTRIBUTE NAME ="Recache if Stale" VALUE ="NO"/>
            <TABLEATTRIBUTE NAME ="Tracing Level" VALUE ="Normal"/>
            <TABLEATTRIBUTE NAME ="Lookup cache directory name" VALUE ="$PMCacheDir"/>
            <TABLEATTRIBUTE NAME ="Lookup cache initialize" VALUE ="NO"/>
            <TABLEATTRIBUTE NAME ="Lookup cache persistent" VALUE ="NO"/>
            <TABLEATTRIBUTE NAME ="Lookup Data Cache Size" VALUE ="Auto"/>
            <TABLEATTRIBUTE NAME ="Lookup Index Cache Size" VALUE ="Auto"/>
            <TABLEATTRIBUTE NAME ="Dynamic Lookup Cache" VALUE ="NO"/>
            <TABLEATTRIBUTE NAME ="Synchronize Dynamic Cache" VALUE ="NO"/>
            <TABLEATTRIBUTE NAME ="Output Old Value On Update" VALUE ="NO"/>
            <TABLEATTRIBUTE NAME ="Update Dynamic Cache Condition" VALUE ="TRUE"/>
            <TABLEATTRIBUTE NAME ="Cache File Name Prefix" VALUE =""/>
            <TABLEATTRIBUTE NAME ="Re-cache from lookup source" VALUE ="NO"/>
            <TABLEATTRIBUTE NAME ="Insert Else Update" VALUE ="NO"/>
            <TABLEATTRIBUTE NAME ="Update Else Insert" VALUE ="NO"/>
            <TABLEATTRIBUTE NAME ="Datetime Format" VALUE =""/>
            <TABLEATTRIBUTE NAME ="Thousand Separator" VALUE ="None"/>
            <TABLEATTRIBUTE NAME ="Decimal Separator" VALUE ="."/>
            <TABLEATTRIBUTE NAME ="Case Sensitive String Comparison" VALUE ="NO"/>
            <TABLEATTRIBUTE NAME ="Null ordering" VALUE ="Null Is Highest Value"/>
            <TABLEATTRIBUTE NAME ="Sorted Input" VALUE ="NO"/>
            <TABLEATTRIBUTE NAME ="Lookup source is static" VALUE ="NO"/>
            <TABLEATTRIBUTE NAME ="Pre-build lookup cache" VALUE ="Auto"/>
            <TABLEATTRIBUTE NAME ="Subsecond Precision" VALUE ="6"/>
        </TRANSFORMATION>
        <TRANSFORMATION DESCRIPTION ="" NAME ="EXP_ETL_BATCH_RUN" OBJECTVERSION ="1" REUSABLE ="NO" TYPE ="Expression" VERSIONNUMBER ="5">
            <TRANSFORMFIELD DATATYPE ="bigint" DEFAULTVALUE ="" DESCRIPTION ="" EXPRESSION ="TGT_EDW_BATCH_ID" EXPRESSIONTYPE ="GENERAL" NAME ="TGT_EDW_BATCH_ID" PICTURETEXT ="" PORTTYPE ="INPUT/OUTPUT" PRECISION ="19" SCALE ="0"/>
            <TRANSFORMFIELD DATATYPE ="date/time" DEFAULTVALUE ="ERROR(&apos;transformation error&apos;)" DESCRIPTION ="" EXPRESSION ="SESSSTARTTIME" EXPRESSIONTYPE ="GENERAL" NAME ="START_TIME" PICTURETEXT ="" PORTTYPE ="OUTPUT" PRECISION ="29" SCALE ="9"/>
            <TRANSFORMFIELD DATATYPE ="string" DEFAULTVALUE ="ERROR(&apos;transformation error&apos;)" DESCRIPTION ="" EXPRESSION ="$$ParamSYS_NM" EXPRESSIONTYPE ="GENERAL" NAME ="SYS_NM" PICTURETEXT ="" PORTTYPE ="OUTPUT" PRECISION ="50" SCALE ="0"/>
            <TRANSFORMFIELD DATATYPE ="string" DEFAULTVALUE ="ERROR(&apos;transformation error&apos;)" DESCRIPTION ="" EXPRESSION ="&apos;In Progress&apos;" EXPRESSIONTYPE ="GENERAL" NAME ="BATCH_STATUS" PICTURETEXT ="" PORTTYPE ="OUTPUT" PRECISION ="20" SCALE ="0"/>
            <TRANSFORMFIELD DATATYPE ="string" DEFAULTVALUE ="ERROR(&apos;transformation error&apos;)" DESCRIPTION ="" EXPRESSION ="$$ParamCO_CD" EXPRESSIONTYPE ="GENERAL" NAME ="COMPANY_CD" PICTURETEXT ="" PORTTYPE ="OUTPUT" PRECISION ="20" SCALE ="0"/>
            <TABLEATTRIBUTE NAME ="Tracing Level" VALUE ="Normal"/>
        </TRANSFORMATION>
        <TRANSFORMATION DESCRIPTION ="" NAME ="FLT_ETL_BATCH_RUN" OBJECTVERSION ="1" REUSABLE ="NO" TYPE ="Filter" VERSIONNUMBER ="3">
            <TRANSFORMFIELD DATATYPE ="bigint" DEFAULTVALUE ="" DESCRIPTION ="" NAME ="TGT_EDW_BATCH_ID" PICTURETEXT ="" PORTTYPE ="INPUT/OUTPUT" PRECISION ="19" SCALE ="0"/>
            <TRANSFORMFIELD DATATYPE ="date/time" DEFAULTVALUE ="" DESCRIPTION ="" NAME ="START_TIME" PICTURETEXT ="" PORTTYPE ="INPUT/OUTPUT" PRECISION ="29" SCALE ="9"/>
            <TRANSFORMFIELD DATATYPE ="string" DEFAULTVALUE ="" DESCRIPTION ="" NAME ="SYS_NM" PICTURETEXT ="" PORTTYPE ="INPUT/OUTPUT" PRECISION ="50" SCALE ="0"/>
            <TRANSFORMFIELD DATATYPE ="string" DEFAULTVALUE ="" DESCRIPTION ="" NAME ="BATCH_STATUS" PICTURETEXT ="" PORTTYPE ="INPUT/OUTPUT" PRECISION ="20" SCALE ="0"/>
            <TRANSFORMFIELD DATATYPE ="string" DEFAULTVALUE ="" DESCRIPTION ="" NAME ="COMPANY_CD" PICTURETEXT ="" PORTTYPE ="INPUT/OUTPUT" PRECISION ="20" SCALE ="0"/>
            <TABLEATTRIBUTE NAME ="Filter Condition" VALUE ="IIF(ISNULL(TGT_EDW_BATCH_ID),0,TGT_EDW_BATCH_ID) = 0"/>
            <TABLEATTRIBUTE NAME ="Tracing Level" VALUE ="Normal"/>
        </TRANSFORMATION>
        <TRANSFORMATION DESCRIPTION ="" NAME ="EXP_PARAM_FILE" OBJECTVERSION ="1" REUSABLE ="NO" TYPE ="Expression" VERSIONNUMBER ="1">
            <TRANSFORMFIELD DATATYPE ="bigint" DEFAULTVALUE ="" DESCRIPTION ="" NAME ="TGT_EDW_BATCH_ID" PICTURETEXT ="" PORTTYPE ="INPUT" PRECISION ="19" SCALE ="0"/>
            <TRANSFORMFIELD DATATYPE ="string" DEFAULTVALUE ="ERROR(&apos;transformation error&apos;)" DESCRIPTION ="" EXPRESSION ="&apos;[Global]&apos; || chr(10) || &apos;$$BATCH_ID=&apos; || TGT_EDW_BATCH_ID" EXPRESSIONTYPE ="GENERAL" NAME ="OUT_PARAM" PICTURETEXT ="" PORTTYPE ="OUTPUT" PRECISION ="1000" SCALE ="0"/>
            <TABLEATTRIBUTE NAME ="Tracing Level" VALUE ="Normal"/>
        </TRANSFORMATION>
        <TRANSFORMATION DESCRIPTION ="" NAME ="SQ_ETL_BATCH_RUN_PARAM" OBJECTVERSION ="1" REUSABLE ="NO" TYPE ="Source Qualifier" VERSIONNUMBER ="4">
            <TRANSFORMFIELD DATATYPE ="bigint" DEFAULTVALUE ="" DESCRIPTION ="" NAME ="EDW_BATCH_ID" PICTURETEXT ="" PORTTYPE ="INPUT/OUTPUT" PRECISION ="19" SCALE ="0"/>
            <TABLEATTRIBUTE NAME ="Sql Query" VALUE ="SELECT &#xD;&#xA;&#x9;EDW_BATCH_ID  AS EDW_BATCH_ID&#xD;&#xA;FROM $ParamLandDB.ETL_BATCH_RUN &#xD;&#xA;WHERE &#xD;&#xA;END_TIME IS NULL AND &#xD;&#xA;SYS_NM=&apos;$ParamSYS_NM&apos; AND &#xD;&#xA;COMPANY_CD=&apos;$ParamCO_CD&apos; AND&#xD;&#xA;BATCH_STATUS=&apos;In Progress&apos;"/>
            <TABLEATTRIBUTE NAME ="User Defined Join" VALUE =""/>
            <TABLEATTRIBUTE NAME ="Source Filter" VALUE =""/>
            <TABLEATTRIBUTE NAME ="Number Of Sorted Ports" VALUE ="0"/>
            <TABLEATTRIBUTE NAME ="Tracing Level" VALUE ="Normal"/>
            <TABLEATTRIBUTE NAME ="Select Distinct" VALUE ="NO"/>
            <TABLEATTRIBUTE NAME ="Is Partitionable" VALUE ="NO"/>
            <TABLEATTRIBUTE NAME ="Pre SQL" VALUE =""/>
            <TABLEATTRIBUTE NAME ="Post SQL" VALUE =""/>
            <TABLEATTRIBUTE NAME ="Output is deterministic" VALUE ="NO"/>
            <TABLEATTRIBUTE NAME ="Output is repeatable" VALUE ="Never"/>
        </TRANSFORMATION>
        <TRANSFORMATION DESCRIPTION ="" NAME ="SEQ_EDW_BATCH_ID" OBJECTVERSION ="1" REUSABLE ="NO" TYPE ="Sequence" VERSIONNUMBER ="2">
            <TRANSFORMFIELD DATATYPE ="bigint" DEFAULTVALUE ="ERROR(&apos;transformation error&apos;)" DESCRIPTION ="" NAME ="NEXTVAL" PICTURETEXT ="" PORTTYPE ="OUTPUT" PRECISION ="19" SCALE ="0"/>
            <TRANSFORMFIELD DATATYPE ="bigint" DEFAULTVALUE ="ERROR(&apos;transformation error&apos;)" DESCRIPTION ="" NAME ="CURRVAL" PICTURETEXT ="" PORTTYPE ="OUTPUT" PRECISION ="19" SCALE ="0"/>
            <TABLEATTRIBUTE NAME ="Start Value" VALUE ="0"/>
            <TABLEATTRIBUTE NAME ="Increment By" VALUE ="1"/>
            <TABLEATTRIBUTE NAME ="End Value" VALUE ="9223372036854775807"/>
            <TABLEATTRIBUTE NAME ="Current Value" VALUE ="3"/>
            <TABLEATTRIBUTE NAME ="Cycle" VALUE ="NO"/>
            <TABLEATTRIBUTE NAME ="Number of Cached Values" VALUE ="0"/>
            <TABLEATTRIBUTE NAME ="Reset" VALUE ="NO"/>
            <TABLEATTRIBUTE NAME ="Is Current Value Shared" VALUE ="NO"/>
            <TABLEATTRIBUTE NAME ="Tracing Level" VALUE ="Normal"/>
        </TRANSFORMATION>
        <INSTANCE DESCRIPTION ="" NAME ="ETL_BATCH_RUN" TRANSFORMATION_NAME ="ETL_BATCH_RUN" TRANSFORMATION_TYPE ="Target Definition" TYPE ="TARGET"/>
        <INSTANCE DESCRIPTION ="" NAME ="FF_SESS_PARAM_FILE" TRANSFORMATION_NAME ="FF_SESS_PARAM_FILE" TRANSFORMATION_TYPE ="Target Definition" TYPE ="TARGET"/>
        <INSTANCE DBDNAME ="TB_LAND" DESCRIPTION ="" NAME ="ETL_BATCH_RUN" TRANSFORMATION_NAME ="ETL_BATCH_RUN" TRANSFORMATION_TYPE ="Source Definition" TYPE ="SOURCE"/>
        <INSTANCE DESCRIPTION ="" NAME ="SQ_ETL_BATCH_RUN" REUSABLE ="NO" TRANSFORMATION_NAME ="SQ_ETL_BATCH_RUN" TRANSFORMATION_TYPE ="Source Qualifier" TYPE ="TRANSFORMATION">
            <ASSOCIATED_SOURCE_INSTANCE NAME ="ETL_BATCH_RUN"/>
        </INSTANCE>
        <INSTANCE DESCRIPTION ="" NAME ="LKP_ETL_BATCH_RUN" REUSABLE ="NO" TRANSFORMATION_NAME ="LKP_ETL_BATCH_RUN" TRANSFORMATION_TYPE ="Lookup Procedure" TYPE ="TRANSFORMATION"/>
        <INSTANCE DESCRIPTION ="" NAME ="EXP_ETL_BATCH_RUN" REUSABLE ="NO" TRANSFORMATION_NAME ="EXP_ETL_BATCH_RUN" TRANSFORMATION_TYPE ="Expression" TYPE ="TRANSFORMATION"/>
        <INSTANCE DESCRIPTION ="" NAME ="FLT_ETL_BATCH_RUN" REUSABLE ="NO" TRANSFORMATION_NAME ="FLT_ETL_BATCH_RUN" TRANSFORMATION_TYPE ="Filter" TYPE ="TRANSFORMATION"/>
        <INSTANCE DESCRIPTION ="" NAME ="EXP_PARAM_FILE" REUSABLE ="NO" TRANSFORMATION_NAME ="EXP_PARAM_FILE" TRANSFORMATION_TYPE ="Expression" TYPE ="TRANSFORMATION"/>
        <INSTANCE DESCRIPTION ="" NAME ="SQ_ETL_BATCH_RUN_PARAM" REUSABLE ="NO" TRANSFORMATION_NAME ="SQ_ETL_BATCH_RUN_PARAM" TRANSFORMATION_TYPE ="Source Qualifier" TYPE ="TRANSFORMATION">
            <ASSOCIATED_SOURCE_INSTANCE NAME ="ETL_BATCH_RUN"/>
        </INSTANCE>
        <INSTANCE DESCRIPTION ="" NAME ="SEQ_EDW_BATCH_ID" REUSABLE ="NO" TRANSFORMATION_NAME ="SEQ_EDW_BATCH_ID" TRANSFORMATION_TYPE ="Sequence" TYPE ="TRANSFORMATION"/>
        <CONNECTOR FROMFIELD ="START_TIME" FROMINSTANCE ="FLT_ETL_BATCH_RUN" FROMINSTANCETYPE ="Filter" TOFIELD ="START_TIME" TOINSTANCE ="ETL_BATCH_RUN" TOINSTANCETYPE ="Target Definition"/>
        <CONNECTOR FROMFIELD ="SYS_NM" FROMINSTANCE ="FLT_ETL_BATCH_RUN" FROMINSTANCETYPE ="Filter" TOFIELD ="SYS_NM" TOINSTANCE ="ETL_BATCH_RUN" TOINSTANCETYPE ="Target Definition"/>
        <CONNECTOR FROMFIELD ="BATCH_STATUS" FROMINSTANCE ="FLT_ETL_BATCH_RUN" FROMINSTANCETYPE ="Filter" TOFIELD ="BATCH_STATUS" TOINSTANCE ="ETL_BATCH_RUN" TOINSTANCETYPE ="Target Definition"/>
        <CONNECTOR FROMFIELD ="COMPANY_CD" FROMINSTANCE ="FLT_ETL_BATCH_RUN" FROMINSTANCETYPE ="Filter" TOFIELD ="COMPANY_CD" TOINSTANCE ="ETL_BATCH_RUN" TOINSTANCETYPE ="Target Definition"/>
        <CONNECTOR FROMFIELD ="NEXTVAL" FROMINSTANCE ="SEQ_EDW_BATCH_ID" FROMINSTANCETYPE ="Sequence" TOFIELD ="EDW_BATCH_ID" TOINSTANCE ="ETL_BATCH_RUN" TOINSTANCETYPE ="Target Definition"/>
        <CONNECTOR FROMFIELD ="OUT_PARAM" FROMINSTANCE ="EXP_PARAM_FILE" FROMINSTANCETYPE ="Expression" TOFIELD ="PARAMETER" TOINSTANCE ="FF_SESS_PARAM_FILE" TOINSTANCETYPE ="Target Definition"/>
        <CONNECTOR FROMFIELD ="EDW_BATCH_ID" FROMINSTANCE ="ETL_BATCH_RUN" FROMINSTANCETYPE ="Source Definition" TOFIELD ="Dummy" TOINSTANCE ="SQ_ETL_BATCH_RUN" TOINSTANCETYPE ="Source Qualifier"/>
        <CONNECTOR FROMFIELD ="EDW_BATCH_ID" FROMINSTANCE ="ETL_BATCH_RUN" FROMINSTANCETYPE ="Source Definition" TOFIELD ="EDW_BATCH_ID" TOINSTANCE ="SQ_ETL_BATCH_RUN_PARAM" TOINSTANCETYPE ="Source Qualifier"/>
        <CONNECTOR FROMFIELD ="Dummy" FROMINSTANCE ="SQ_ETL_BATCH_RUN" FROMINSTANCETYPE ="Source Qualifier" TOFIELD ="Dummy" TOINSTANCE ="LKP_ETL_BATCH_RUN" TOINSTANCETYPE ="Lookup Procedure"/>
        <CONNECTOR FROMFIELD ="EDW_BATCH_ID" FROMINSTANCE ="LKP_ETL_BATCH_RUN" FROMINSTANCETYPE ="Lookup Procedure" TOFIELD ="TGT_EDW_BATCH_ID" TOINSTANCE ="EXP_ETL_BATCH_RUN" TOINSTANCETYPE ="Expression"/>
        <CONNECTOR FROMFIELD ="TGT_EDW_BATCH_ID" FROMINSTANCE ="EXP_ETL_BATCH_RUN" FROMINSTANCETYPE ="Expression" TOFIELD ="TGT_EDW_BATCH_ID" TOINSTANCE ="FLT_ETL_BATCH_RUN" TOINSTANCETYPE ="Filter"/>
        <CONNECTOR FROMFIELD ="START_TIME" FROMINSTANCE ="EXP_ETL_BATCH_RUN" FROMINSTANCETYPE ="Expression" TOFIELD ="START_TIME" TOINSTANCE ="FLT_ETL_BATCH_RUN" TOINSTANCETYPE ="Filter"/>
        <CONNECTOR FROMFIELD ="SYS_NM" FROMINSTANCE ="EXP_ETL_BATCH_RUN" FROMINSTANCETYPE ="Expression" TOFIELD ="SYS_NM" TOINSTANCE ="FLT_ETL_BATCH_RUN" TOINSTANCETYPE ="Filter"/>
        <CONNECTOR FROMFIELD ="BATCH_STATUS" FROMINSTANCE ="EXP_ETL_BATCH_RUN" FROMINSTANCETYPE ="Expression" TOFIELD ="BATCH_STATUS" TOINSTANCE ="FLT_ETL_BATCH_RUN" TOINSTANCETYPE ="Filter"/>
        <CONNECTOR FROMFIELD ="COMPANY_CD" FROMINSTANCE ="EXP_ETL_BATCH_RUN" FROMINSTANCETYPE ="Expression" TOFIELD ="COMPANY_CD" TOINSTANCE ="FLT_ETL_BATCH_RUN" TOINSTANCETYPE ="Filter"/>
        <CONNECTOR FROMFIELD ="EDW_BATCH_ID" FROMINSTANCE ="SQ_ETL_BATCH_RUN_PARAM" FROMINSTANCETYPE ="Source Qualifier" TOFIELD ="TGT_EDW_BATCH_ID" TOINSTANCE ="EXP_PARAM_FILE" TOINSTANCETYPE ="Expression"/>
        <TARGETLOADORDER ORDER ="1" TARGETINSTANCE ="ETL_BATCH_RUN"/>
        <TARGETLOADORDER ORDER ="2" TARGETINSTANCE ="FF_SESS_PARAM_FILE"/>
        <MAPPINGVARIABLE DATATYPE ="string" DEFAULTVALUE ="$ParamSYS_NM" DESCRIPTION ="" ISEXPRESSIONVARIABLE ="NO" ISPARAM ="YES" NAME ="$$ParamSYS_NM" PRECISION ="100" SCALE ="0" USERDEFINED ="YES"/>
        <MAPPINGVARIABLE DATATYPE ="string" DEFAULTVALUE ="$ParamCO_CD" DESCRIPTION ="" ISEXPRESSIONVARIABLE ="NO" ISPARAM ="YES" NAME ="$$ParamCO_CD" PRECISION ="100" SCALE ="0" USERDEFINED ="YES"/>
        <ERPINFO/>
    </MAPPING>
    <SHORTCUT COMMENTS ="" DBDNAME ="TB_LAND" FOLDERNAME ="EDW_TechBrands_Shared" NAME ="ETL_BATCH_RUN" OBJECTSUBTYPE ="Source Definition" OBJECTTYPE ="SOURCE" REFERENCEDDBD ="TB_LAND" REFERENCETYPE ="LOCAL" REFOBJECTNAME ="ETL_BATCH_RUN" REPOSITORYNAME ="PWC_REPO_INFA_INT_DEV01" VERSIONNUMBER ="1"/>
    <SHORTCUT COMMENTS ="" FOLDERNAME ="EDW_TechBrands_Shared" NAME ="FF_SESS_PARAM_FILE" OBJECTSUBTYPE ="Target Definition" OBJECTTYPE ="TARGET" REFERENCETYPE ="LOCAL" REFOBJECTNAME ="FF_SESS_PARAM_FILE" REPOSITORYNAME ="PWC_REPO_INFA_INT_DEV01" VERSIONNUMBER ="1"/>
    <SHORTCUT COMMENTS ="" FOLDERNAME ="EDW_TechBrands_Shared" NAME ="ETL_BATCH_RUN" OBJECTSUBTYPE ="Target Definition" OBJECTTYPE ="TARGET" REFERENCETYPE ="LOCAL" REFOBJECTNAME ="ETL_BATCH_RUN" REPOSITORYNAME ="PWC_REPO_INFA_INT_DEV01" VERSIONNUMBER ="1"/>
    <CONFIG DESCRIPTION ="Default session configuration object" ISDEFAULT ="YES" NAME ="default_session_config" VERSIONNUMBER ="1">
        <ATTRIBUTE NAME ="Advanced" VALUE =""/>
        <ATTRIBUTE NAME ="Constraint based load ordering" VALUE ="NO"/>
        <ATTRIBUTE NAME ="Cache LOOKUP() function" VALUE ="YES"/>
        <ATTRIBUTE NAME ="Default buffer block size" VALUE ="Auto"/>
        <ATTRIBUTE NAME ="Line Sequential buffer length" VALUE ="1024"/>
        <ATTRIBUTE NAME ="Maximum Memory Allowed For Auto Memory Attributes" VALUE ="512MB"/>
        <ATTRIBUTE NAME ="Maximum Percentage of Total Memory Allowed For Auto Memory Attributes" VALUE ="5"/>
        <ATTRIBUTE NAME ="Additional Concurrent Pipelines for Lookup Cache Creation" VALUE ="Auto"/>
        <ATTRIBUTE NAME ="Custom Properties" VALUE =""/>
        <ATTRIBUTE NAME ="Pre-build lookup cache" VALUE ="Auto"/>
        <ATTRIBUTE NAME ="Optimization Level" VALUE ="Medium"/>
        <ATTRIBUTE NAME ="DateTime Format String" VALUE ="MM/DD/YYYY HH24:MI:SS.US"/>
        <ATTRIBUTE NAME ="Pre 85 Timestamp Compatibility" VALUE ="NO"/>
        <ATTRIBUTE NAME ="Log Options" VALUE ="0"/>
        <ATTRIBUTE NAME ="Save session log by" VALUE ="Session runs"/>
        <ATTRIBUTE NAME ="Save session log for these runs" VALUE ="0"/>
        <ATTRIBUTE NAME ="Session Log File Max Size" VALUE ="0"/>
        <ATTRIBUTE NAME ="Session Log File Max Time Period" VALUE ="0"/>
        <ATTRIBUTE NAME ="Maximum Partial Session Log Files" VALUE ="1"/>
        <ATTRIBUTE NAME ="Writer Commit Statistics Log Frequency" VALUE ="1"/>
        <ATTRIBUTE NAME ="Writer Commit Statistics Log Interval" VALUE ="0"/>
        <ATTRIBUTE NAME ="Error handling" VALUE =""/>
        <ATTRIBUTE NAME ="Stop on errors" VALUE ="0"/>
        <ATTRIBUTE NAME ="Override tracing" VALUE ="None"/>
        <ATTRIBUTE NAME ="On Stored Procedure error" VALUE ="Stop"/>
        <ATTRIBUTE NAME ="On Pre-session command task error" VALUE ="Stop"/>
        <ATTRIBUTE NAME ="On Pre-Post SQL error" VALUE ="Stop"/>
        <ATTRIBUTE NAME ="Enable Recovery" VALUE ="NO"/>
        <ATTRIBUTE NAME ="Error Log Type" VALUE ="None"/>
        <ATTRIBUTE NAME ="Error Log Table Name Prefix" VALUE =""/>
        <ATTRIBUTE NAME ="Error Log File Name" VALUE ="PMError.log"/>
        <ATTRIBUTE NAME ="Log Source Row Data" VALUE ="NO"/>
        <ATTRIBUTE NAME ="Data Column Delimiter" VALUE ="|"/>
        <ATTRIBUTE NAME ="Partitioning Options" VALUE =""/>
        <ATTRIBUTE NAME ="Dynamic Partitioning" VALUE ="Disabled"/>
        <ATTRIBUTE NAME ="Number of Partitions" VALUE ="1"/>
        <ATTRIBUTE NAME ="Multiplication Factor" VALUE ="Auto"/>
        <ATTRIBUTE NAME ="Session on Grid" VALUE =""/>
        <ATTRIBUTE NAME ="Is Enabled" VALUE ="NO"/>
    </CONFIG>
    <TASK DESCRIPTION ="Use for failure emails in sessions." NAME ="Email_Session_Failure" REUSABLE ="YES" TYPE ="Email" VERSIONNUMBER ="1">
        <ATTRIBUTE NAME ="Email User Name" VALUE ="$PMFailureEmailUser"/>
        <ATTRIBUTE NAME ="Email Subject" VALUE ="INFORMATICA SESSION FAILURE: %w has failed"/>
        <ATTRIBUTE NAME ="Email Text" VALUE ="Please verify the session log file and take necessary action.&#xD;&#xA;&#xD;&#xA;Folder: %n&#xD;&#xA;Workflow Name: %w&#xD;&#xA;Workflow Run Instance Name: %z&#xD;&#xA;Session: %s&#xD;&#xA;Mapping: %m&#xD;&#xA;&#xD;&#xA;Session Start Time: %b&#xD;&#xA;Session Completion Time: %c&#xD;&#xA;Session Status: %e"/>
    </TASK>
    <SESSION DESCRIPTION ="" ISVALID ="YES" MAPPINGNAME ="m_ETL_LOAD_START" NAME ="s_m_ETL_LOAD_START" REUSABLE ="YES" SORTORDER ="Binary" VERSIONNUMBER ="4">
        <SESSTRANSFORMATIONINST ISREPARTITIONPOINT ="YES" PARTITIONTYPE ="PASS THROUGH" PIPELINE ="1" SINSTANCENAME ="ETL_BATCH_RUN" STAGE ="1" TRANSFORMATIONNAME ="ETL_BATCH_RUN" TRANSFORMATIONTYPE ="Target Definition">
            <ATTRIBUTE NAME ="Table Name Prefix" VALUE ="$ParamLandDB"/>
        </SESSTRANSFORMATIONINST>
        <SESSTRANSFORMATIONINST ISREPARTITIONPOINT ="YES" PARTITIONTYPE ="PASS THROUGH" PIPELINE ="2" SINSTANCENAME ="FF_SESS_PARAM_FILE" STAGE ="2" TRANSFORMATIONNAME ="FF_SESS_PARAM_FILE" TRANSFORMATIONTYPE ="Target Definition">
            <FLATFILE CODEPAGE ="MS1252" CONSECDELIMITERSASONE ="NO" DELIMITED ="YES" DELIMITERS ="," ESCAPE_CHARACTER ="" KEEPESCAPECHAR ="NO" LINESEQUENTIAL ="NO" MULTIDELIMITERSASAND ="NO" NULLCHARTYPE ="ASCII" NULL_CHARACTER ="*" PADBYTES ="1" QUOTE_CHARACTER ="NONE" REPEATABLE ="NO" ROWDELIMITER ="0" SKIPROWS ="0" STRIPTRAILINGBLANKS ="NO"/>
        </SESSTRANSFORMATIONINST>
        <SESSTRANSFORMATIONINST ISREPARTITIONPOINT ="NO" PIPELINE ="0" SINSTANCENAME ="ETL_BATCH_RUN" STAGE ="0" TRANSFORMATIONNAME ="ETL_BATCH_RUN" TRANSFORMATIONTYPE ="Source Definition">
            <ATTRIBUTE NAME ="Owner Name" VALUE ="$ParamLandDB"/>
        </SESSTRANSFORMATIONINST>
        <SESSTRANSFORMATIONINST ISREPARTITIONPOINT ="YES" PARTITIONTYPE ="PASS THROUGH" PIPELINE ="1" SINSTANCENAME ="SQ_ETL_BATCH_RUN" STAGE ="3" TRANSFORMATIONNAME ="SQ_ETL_BATCH_RUN" TRANSFORMATIONTYPE ="Source Qualifier"/>
        <SESSTRANSFORMATIONINST ISREPARTITIONPOINT ="NO" PIPELINE ="1" SINSTANCENAME ="LKP_ETL_BATCH_RUN" STAGE ="3" TRANSFORMATIONNAME ="LKP_ETL_BATCH_RUN" TRANSFORMATIONTYPE ="Lookup Procedure">
            <PARTITION DESCRIPTION ="" NAME ="Partition #1"/>
            <ATTRIBUTE NAME ="Connection Information" VALUE ="$DBConnection_TD_ODBC"/>
        </SESSTRANSFORMATIONINST>
        <SESSTRANSFORMATIONINST ISREPARTITIONPOINT ="NO" PIPELINE ="1" SINSTANCENAME ="EXP_ETL_BATCH_RUN" STAGE ="3" TRANSFORMATIONNAME ="EXP_ETL_BATCH_RUN" TRANSFORMATIONTYPE ="Expression">
            <PARTITION DESCRIPTION ="" NAME ="Partition #1"/>
        </SESSTRANSFORMATIONINST>
        <SESSTRANSFORMATIONINST ISREPARTITIONPOINT ="NO" PIPELINE ="1" SINSTANCENAME ="FLT_ETL_BATCH_RUN" STAGE ="3" TRANSFORMATIONNAME ="FLT_ETL_BATCH_RUN" TRANSFORMATIONTYPE ="Filter">
            <PARTITION DESCRIPTION ="" NAME ="Partition #1"/>
        </SESSTRANSFORMATIONINST>
        <SESSTRANSFORMATIONINST ISREPARTITIONPOINT ="NO" PIPELINE ="2" SINSTANCENAME ="EXP_PARAM_FILE" STAGE ="4" TRANSFORMATIONNAME ="EXP_PARAM_FILE" TRANSFORMATIONTYPE ="Expression">
            <PARTITION DESCRIPTION ="" NAME ="Partition #1"/>
        </SESSTRANSFORMATIONINST>
        <SESSTRANSFORMATIONINST ISREPARTITIONPOINT ="YES" PARTITIONTYPE ="PASS THROUGH" PIPELINE ="2" SINSTANCENAME ="SQ_ETL_BATCH_RUN_PARAM" STAGE ="4" TRANSFORMATIONNAME ="SQ_ETL_BATCH_RUN_PARAM" TRANSFORMATIONTYPE ="Source Qualifier"/>
        <SESSTRANSFORMATIONINST ISREPARTITIONPOINT ="NO" PIPELINE ="0" SINSTANCENAME ="SEQ_EDW_BATCH_ID" STAGE ="0" TRANSFORMATIONNAME ="SEQ_EDW_BATCH_ID" TRANSFORMATIONTYPE ="Sequence"/>
        <CONFIGREFERENCE REFOBJECTNAME ="default_session_config" TYPE ="Session config">
            <ATTRIBUTE NAME ="Stop on errors" VALUE ="$PMSessionErrorThreshold"/>
        </CONFIGREFERENCE>
        <SESSIONCOMPONENT REFOBJECTNAME ="Email_Session_Failure" REUSABLE ="YES" TYPE ="Failure Email"/>
        <SESSIONEXTENSION NAME ="Relational Writer" SINSTANCENAME ="ETL_BATCH_RUN" SUBTYPE ="Relational Writer" TRANSFORMATIONTYPE ="Target Definition" TYPE ="WRITER">
            <CONNECTIONREFERENCE CNXREFNAME ="DB Connection" CONNECTIONNAME ="" CONNECTIONNUMBER ="1" CONNECTIONSUBTYPE ="" CONNECTIONTYPE ="Relational" VARIABLE ="$DBConnection_TD_ODBC"/>
            <ATTRIBUTE NAME ="Target load type" VALUE ="Normal"/>
            <ATTRIBUTE NAME ="Insert" VALUE ="YES"/>
            <ATTRIBUTE NAME ="Update as Update" VALUE ="NO"/>
            <ATTRIBUTE NAME ="Update as Insert" VALUE ="NO"/>
            <ATTRIBUTE NAME ="Update else Insert" VALUE ="NO"/>
            <ATTRIBUTE NAME ="Delete" VALUE ="NO"/>
            <ATTRIBUTE NAME ="Truncate target table option" VALUE ="NO"/>
            <ATTRIBUTE NAME ="Reject file directory" VALUE ="$PMBadFileDir&#x5c;"/>
            <ATTRIBUTE NAME ="Reject filename" VALUE ="etl_batch_run1.bad"/>
        </SESSIONEXTENSION>
        <SESSIONEXTENSION NAME ="File Writer" SINSTANCENAME ="FF_SESS_PARAM_FILE" SUBTYPE ="File Writer" TRANSFORMATIONTYPE ="Target Definition" TYPE ="WRITER">
            <CONNECTIONREFERENCE CNXREFNAME ="Connection" CONNECTIONNAME ="" CONNECTIONNUMBER ="1" CONNECTIONSUBTYPE ="" CONNECTIONTYPE ="" VARIABLE =""/>
            <ATTRIBUTE NAME ="Merge Type" VALUE ="No Merge"/>
            <ATTRIBUTE NAME ="Merge File Directory" VALUE ="$PMTargetFileDir&#x5c;"/>
            <ATTRIBUTE NAME ="Merge File Name" VALUE ="ff_sess_param_file.out"/>
            <ATTRIBUTE NAME ="Append if Exists" VALUE ="NO"/>
            <ATTRIBUTE NAME ="Create Target Directory" VALUE ="NO"/>
            <ATTRIBUTE NAME ="Header Options" VALUE ="No Header"/>
            <ATTRIBUTE NAME ="Header Command" VALUE =""/>
            <ATTRIBUTE NAME ="Footer Command" VALUE =""/>
            <ATTRIBUTE NAME ="Output Type" VALUE ="File"/>
            <ATTRIBUTE NAME ="Merge Command" VALUE =""/>
            <ATTRIBUTE NAME ="Output file directory" VALUE ="$$SessFileTgtPath"/>
            <ATTRIBUTE NAME ="Output filename" VALUE ="$$SessFileName"/>
            <ATTRIBUTE NAME ="Reject file directory" VALUE ="$PMBadFileDir&#x5c;"/>
            <ATTRIBUTE NAME ="Reject filename" VALUE ="ff_sess_param_file1.bad"/>
            <ATTRIBUTE NAME ="Command" VALUE =""/>
            <ATTRIBUTE NAME ="Codepage Parameter" VALUE =""/>
        </SESSIONEXTENSION>
        <SESSIONEXTENSION DSQINSTNAME ="SQ_ETL_BATCH_RUN" DSQINSTTYPE ="Source Qualifier" NAME ="Relational Reader" SINSTANCENAME ="ETL_BATCH_RUN" SUBTYPE ="Relational Reader" TRANSFORMATIONTYPE ="Source Definition" TYPE ="READER"/>
        <SESSIONEXTENSION DSQINSTNAME ="SQ_ETL_BATCH_RUN_PARAM" DSQINSTTYPE ="Source Qualifier" NAME ="Relational Reader" SINSTANCENAME ="ETL_BATCH_RUN" SUBTYPE ="Relational Reader" TRANSFORMATIONTYPE ="Source Definition" TYPE ="READER"/>
        <SESSIONEXTENSION NAME ="Relational Reader" SINSTANCENAME ="SQ_ETL_BATCH_RUN" SUBTYPE ="Relational Reader" TRANSFORMATIONTYPE ="Source Qualifier" TYPE ="READER">
            <CONNECTIONREFERENCE CNXREFNAME ="DB Connection" CONNECTIONNAME ="" CONNECTIONNUMBER ="1" CONNECTIONSUBTYPE ="" CONNECTIONTYPE ="Relational" VARIABLE ="$DBConnection_TD_ODBC"/>
        </SESSIONEXTENSION>
        <SESSIONEXTENSION NAME ="Relational Lookup" SINSTANCENAME ="LKP_ETL_BATCH_RUN" SUBTYPE ="Relational Lookup" TRANSFORMATIONTYPE ="Lookup Procedure" TYPE ="LOOKUPEXTENSION">
            <CONNECTIONREFERENCE CNXREFNAME ="DB Connection" CONNECTIONNAME ="" CONNECTIONNUMBER ="1" CONNECTIONSUBTYPE ="" CONNECTIONTYPE ="Relational" VARIABLE ="$DBConnection_TD_ODBC"/>
        </SESSIONEXTENSION>
        <SESSIONEXTENSION NAME ="Relational Reader" SINSTANCENAME ="SQ_ETL_BATCH_RUN_PARAM" SUBTYPE ="Relational Reader" TRANSFORMATIONTYPE ="Source Qualifier" TYPE ="READER">
            <CONNECTIONREFERENCE CNXREFNAME ="DB Connection" CONNECTIONNAME ="" CONNECTIONNUMBER ="1" CONNECTIONSUBTYPE ="" CONNECTIONTYPE ="Relational" VARIABLE ="$DBConnection_TD_ODBC"/>
        </SESSIONEXTENSION>
        <ATTRIBUTE NAME ="General Options" VALUE =""/>
        <ATTRIBUTE NAME ="Write Backward Compatible Session Log File" VALUE ="NO"/>
        <ATTRIBUTE NAME ="Session Log File Name" VALUE ="s_m_ETL_LOAD_START.log"/>
        <ATTRIBUTE NAME ="Session Log File directory" VALUE ="$PMSessionLogDir&#x5c;"/>
        <ATTRIBUTE NAME ="Parameter Filename" VALUE =""/>
        <ATTRIBUTE NAME ="Enable Test Load" VALUE ="NO"/>
        <ATTRIBUTE NAME ="$Source connection value" VALUE =""/>
        <ATTRIBUTE NAME ="$Target connection value" VALUE =""/>
        <ATTRIBUTE NAME ="Treat source rows as" VALUE ="Insert"/>
        <ATTRIBUTE NAME ="Commit Type" VALUE ="Target"/>
        <ATTRIBUTE NAME ="Commit Interval" VALUE ="10000"/>
        <ATTRIBUTE NAME ="Commit On End Of File" VALUE ="YES"/>
        <ATTRIBUTE NAME ="Rollback Transactions on Errors" VALUE ="NO"/>
        <ATTRIBUTE NAME ="Recovery Strategy" VALUE ="Fail task and continue workflow"/>
        <ATTRIBUTE NAME ="Java Classpath" VALUE =""/>
        <ATTRIBUTE NAME ="Performance" VALUE =""/>
        <ATTRIBUTE NAME ="DTM buffer size" VALUE ="Auto"/>
        <ATTRIBUTE NAME ="Collect performance data" VALUE ="NO"/>
        <ATTRIBUTE NAME ="Write performance data to repository" VALUE ="NO"/>
        <ATTRIBUTE NAME ="Incremental Aggregation" VALUE ="NO"/>
        <ATTRIBUTE NAME ="Enable high precision" VALUE ="NO"/>
        <ATTRIBUTE NAME ="Session retry on deadlock" VALUE ="NO"/>
        <ATTRIBUTE NAME ="Pushdown Optimization" VALUE ="None"/>
        <ATTRIBUTE NAME ="Allow Temporary View for Pushdown" VALUE ="NO"/>
        <ATTRIBUTE NAME ="Allow Temporary Sequence for Pushdown" VALUE ="NO"/>
        <ATTRIBUTE NAME ="Allow Pushdown for User Incompatible Connections" VALUE ="NO"/>
    </SESSION>
    <WORKFLOW DESCRIPTION ="" ISENABLED ="YES" ISRUNNABLESERVICE ="NO" ISSERVICE ="NO" ISVALID ="YES" NAME ="wf_BATCH_START" REUSABLE_SCHEDULER ="NO" SCHEDULERNAME ="Scheduler" SERVERNAME ="PWC_SRVC_INFA_INT_DEV01" SERVER_DOMAINNAME ="Domain_INFA_INT_DEV01" SUSPEND_ON_ERROR ="NO" TASKS_MUST_RUN_ON_SERVER ="NO" VERSIONNUMBER ="3">
        <SCHEDULER DESCRIPTION ="" NAME ="Scheduler" REUSABLE ="NO" VERSIONNUMBER ="1">
            <SCHEDULEINFO SCHEDULETYPE ="ONDEMAND"/>
        </SCHEDULER>
        <TASK DESCRIPTION ="" NAME ="Start" REUSABLE ="NO" TYPE ="Start" VERSIONNUMBER ="1"/>
        <TASKINSTANCE DESCRIPTION ="" ISENABLED ="YES" NAME ="Start" REUSABLE ="NO" TASKNAME ="Start" TASKTYPE ="Start"/>
        <TASKINSTANCE DESCRIPTION ="" FAIL_PARENT_IF_INSTANCE_DID_NOT_RUN ="NO" FAIL_PARENT_IF_INSTANCE_FAILS ="YES" ISENABLED ="YES" NAME ="s_m_ETL_LOAD_START" REUSABLE ="YES" TASKNAME ="s_m_ETL_LOAD_START" TASKTYPE ="Session" TREAT_INPUTLINK_AS_AND ="YES"/>
        <WORKFLOWLINK CONDITION ="" FROMTASK ="Start" TOTASK ="s_m_ETL_LOAD_START"/>
        <WORKFLOWVARIABLE DATATYPE ="date/time" DEFAULTVALUE ="" DESCRIPTION ="The time this task started" ISNULL ="NO" ISPERSISTENT ="NO" NAME ="$Start.StartTime" USERDEFINED ="NO"/>
        <WORKFLOWVARIABLE DATATYPE ="date/time" DEFAULTVALUE ="" DESCRIPTION ="The time this task completed" ISNULL ="NO" ISPERSISTENT ="NO" NAME ="$Start.EndTime" USERDEFINED ="NO"/>
        <WORKFLOWVARIABLE DATATYPE ="integer" DEFAULTVALUE ="" DESCRIPTION ="Status of this task&apos;s execution" ISNULL ="NO" ISPERSISTENT ="NO" NAME ="$Start.Status" USERDEFINED ="NO"/>
        <WORKFLOWVARIABLE DATATYPE ="integer" DEFAULTVALUE ="" DESCRIPTION ="Status of the previous task that is not disabled" ISNULL ="NO" ISPERSISTENT ="NO" NAME ="$Start.PrevTaskStatus" USERDEFINED ="NO"/>
        <WORKFLOWVARIABLE DATATYPE ="integer" DEFAULTVALUE ="" DESCRIPTION ="Error code for this task&apos;s execution" ISNULL ="NO" ISPERSISTENT ="NO" NAME ="$Start.ErrorCode" USERDEFINED ="NO"/>
        <WORKFLOWVARIABLE DATATYPE ="string" DEFAULTVALUE ="" DESCRIPTION ="Error message for this task&apos;s execution" ISNULL ="NO" ISPERSISTENT ="NO" NAME ="$Start.ErrorMsg" USERDEFINED ="NO"/>
        <WORKFLOWVARIABLE DATATYPE ="date/time" DEFAULTVALUE ="" DESCRIPTION ="The time this task started" ISNULL ="NO" ISPERSISTENT ="NO" NAME ="$s_m_ETL_LOAD_START.StartTime" USERDEFINED ="NO"/>
        <WORKFLOWVARIABLE DATATYPE ="date/time" DEFAULTVALUE ="" DESCRIPTION ="The time this task completed" ISNULL ="NO" ISPERSISTENT ="NO" NAME ="$s_m_ETL_LOAD_START.EndTime" USERDEFINED ="NO"/>
        <WORKFLOWVARIABLE DATATYPE ="integer" DEFAULTVALUE ="" DESCRIPTION ="Status of this task&apos;s execution" ISNULL ="NO" ISPERSISTENT ="NO" NAME ="$s_m_ETL_LOAD_START.Status" USERDEFINED ="NO"/>
        <WORKFLOWVARIABLE DATATYPE ="integer" DEFAULTVALUE ="" DESCRIPTION ="Status of the previous task that is not disabled" ISNULL ="NO" ISPERSISTENT ="NO" NAME ="$s_m_ETL_LOAD_START.PrevTaskStatus" USERDEFINED ="NO"/>
        <WORKFLOWVARIABLE DATATYPE ="integer" DEFAULTVALUE ="" DESCRIPTION ="Error code for this task&apos;s execution" ISNULL ="NO" ISPERSISTENT ="NO" NAME ="$s_m_ETL_LOAD_START.ErrorCode" USERDEFINED ="NO"/>
        <WORKFLOWVARIABLE DATATYPE ="string" DEFAULTVALUE ="" DESCRIPTION ="Error message for this task&apos;s execution" ISNULL ="NO" ISPERSISTENT ="NO" NAME ="$s_m_ETL_LOAD_START.ErrorMsg" USERDEFINED ="NO"/>
        <WORKFLOWVARIABLE DATATYPE ="integer" DEFAULTVALUE ="" DESCRIPTION ="Rows successfully read" ISNULL ="NO" ISPERSISTENT ="NO" NAME ="$s_m_ETL_LOAD_START.SrcSuccessRows" USERDEFINED ="NO"/>
        <WORKFLOWVARIABLE DATATYPE ="integer" DEFAULTVALUE ="" DESCRIPTION ="Rows failed to read" ISNULL ="NO" ISPERSISTENT ="NO" NAME ="$s_m_ETL_LOAD_START.SrcFailedRows" USERDEFINED ="NO"/>
        <WORKFLOWVARIABLE DATATYPE ="integer" DEFAULTVALUE ="" DESCRIPTION ="Rows successfully loaded" ISNULL ="NO" ISPERSISTENT ="NO" NAME ="$s_m_ETL_LOAD_START.TgtSuccessRows" USERDEFINED ="NO"/>
        <WORKFLOWVARIABLE DATATYPE ="integer" DEFAULTVALUE ="" DESCRIPTION ="Rows failed to load" ISNULL ="NO" ISPERSISTENT ="NO" NAME ="$s_m_ETL_LOAD_START.TgtFailedRows" USERDEFINED ="NO"/>
        <WORKFLOWVARIABLE DATATYPE ="integer" DEFAULTVALUE ="" DESCRIPTION ="Total number of transformation errors" ISNULL ="NO" ISPERSISTENT ="NO" NAME ="$s_m_ETL_LOAD_START.TotalTransErrors" USERDEFINED ="NO"/>
        <WORKFLOWVARIABLE DATATYPE ="integer" DEFAULTVALUE ="" DESCRIPTION ="First error code" ISNULL ="NO" ISPERSISTENT ="NO" NAME ="$s_m_ETL_LOAD_START.FirstErrorCode" USERDEFINED ="NO"/>
        <WORKFLOWVARIABLE DATATYPE ="string" DEFAULTVALUE ="" DESCRIPTION ="First error message" ISNULL ="NO" ISPERSISTENT ="NO" NAME ="$s_m_ETL_LOAD_START.FirstErrorMsg" USERDEFINED ="NO"/>
        <WORKFLOWVARIABLE DATATYPE ="nstring" DEFAULTVALUE ="" DESCRIPTION ="" ISNULL ="NO" ISPERSISTENT ="NO" NAME ="$$SessFileName" USERDEFINED ="YES"/>
        <WORKFLOWVARIABLE DATATYPE ="nstring" DEFAULTVALUE ="" DESCRIPTION ="" ISNULL ="NO" ISPERSISTENT ="NO" NAME ="$$SessFileTgtPath" USERDEFINED ="YES"/>
        <ATTRIBUTE NAME ="Parameter Filename" VALUE ="$PMRootDir&#x5c;ParmFiles&#x5c;EDW_TechBrands&#x5c;wf_ATT_EMPLOYEE.prm"/>
        <ATTRIBUTE NAME ="Write Backward Compatible Workflow Log File" VALUE ="NO"/>
        <ATTRIBUTE NAME ="Workflow Log File Name" VALUE ="wf_BATCH_START.log"/>
        <ATTRIBUTE NAME ="Workflow Log File Directory" VALUE ="$PMWorkflowLogDir&#x5c;"/>
        <ATTRIBUTE NAME ="Save Workflow log by" VALUE ="By runs"/>
        <ATTRIBUTE NAME ="Save workflow log for these runs" VALUE ="0"/>
        <ATTRIBUTE NAME ="Service Name" VALUE =""/>
        <ATTRIBUTE NAME ="Service Timeout" VALUE ="0"/>
        <ATTRIBUTE NAME ="Is Service Visible" VALUE ="NO"/>
        <ATTRIBUTE NAME ="Is Service Protected" VALUE ="NO"/>
        <ATTRIBUTE NAME ="Fail task after wait time" VALUE ="0"/>
        <ATTRIBUTE NAME ="Enable HA recovery" VALUE ="NO"/>
        <ATTRIBUTE NAME ="Automatically recover terminated tasks" VALUE ="NO"/>
        <ATTRIBUTE NAME ="Service Level Name" VALUE ="Default"/>
        <ATTRIBUTE NAME ="Allow concurrent run with unique run instance name" VALUE ="NO"/>
        <ATTRIBUTE NAME ="Allow concurrent run with same run instance name" VALUE ="YES"/>
        <ATTRIBUTE NAME ="Maximum number of concurrent runs" VALUE ="0"/>
        <ATTRIBUTE NAME ="Assigned Web Services Hubs" VALUE =""/>
        <ATTRIBUTE NAME ="Maximum number of concurrent runs per Hub" VALUE ="1000"/>
        <ATTRIBUTE NAME ="Expected Service Time" VALUE ="1"/>
    </WORKFLOW>
</FOLDER>
</REPOSITORY>
</POWERMART>